SourceRow,StageNumber,TimeSinceStartOfTest_s,TimeSinceStartOfStage_s,ShearStrain_pct,q_kPa,p_eff_kPa,PorePressure_kPa,ExcessPorePressure_kPa,VoidRatioInitialWaterContent,VoidRatioFinalWaterContentShifted,AxialStrainRate_pct_min,ShearStrainBeforeCompliance_pct,qBeforeCompliance_kPa,pEffBeforeCompliance_kPa,PlotValid
1,10,580086,0,0,-6.34131996752228,405.286226677493,462.6,0,1.16980434119164,1.19880434119164,0.0516146521842899,0,-6.34131996752228,405.286226677493,1
2,10,580092,6,0,-5.7751992806925,405.174933573103,462.9,0.299999999999955,1.16980434119164,1.19880434119164,0.0518809422262742,0,-5.7751992806925,405.174933573103,1
3,10,580098,12,0.0087282312457596,1.74924641050643,404.883082136836,465.7,3.09999999999997,1.16980434119164,1.19880434119164,0.052377863837035,0.0087282312457596,1.74924641050643,404.883082136836,1
4,10,580104,18,0.0174564624915173,11.0836476929127,402.994549230971,470.7,8.09999999999997,1.16980434119164,1.19880434119164,0.0524424335691884,0.0174564624915173,11.0836476929127,402.994549230971,1
5,10,580110,24,0.0259664879561334,20.3599857514108,400.886661917137,475.9,13.3,1.16980434119164,1.19880434119164,0.0525161055982175,0.0259664879561334,20.3599857514108,400.886661917137,1
6,10,580116,30,0.0346947192018911,28.3329328895023,398.744310963167,480.7,18.1,1.16980434119164,1.19880434119164,0.0525735946042008,0.0346947192018911,28.3329328895023,398.744310963167,1
7,10,580122,36,0.0434229504476507,36.3610740861468,397.020358028716,485.1,22.5,1.16980434119164,1.19880434119164,0.0526206547379744,0.0434229504476507,36.3610740861468,397.020358028716,1
8,10,580128,42,0.0519329759122649,43.9919504226896,394.76398347423,489.9,27.3,1.16980434119164,1.19880434119164,0.0526911872567603,0.0519329759122649,43.9919504226896,394.76398347423,1
9,10,580134,48,0.0606612071580225,51.5081375853381,392.569379195113,494.6,32,1.16980434119164,1.19880434119164,0.0523632234692441,0.0606612071580225,51.5081375853381,392.569379195113,1
10,10,580140,54,0.073753554026661,58.2260435104558,390.308681170152,499.1,36.5,1.16980434119164,1.19880434119164,0.0524151605261527,0.073753554026661,58.2260435104558,390.308681170152,1
11,10,580146,60,0.0822635794912752,63.8163794284665,388.372126476155,502.9,40.3,1.16980434119164,1.19880434119164,0.0528286563802126,0.0822635794912752,63.8163794284665,388.372126476155,1
12,10,580152,66,0.0909918107370348,69.1792473637749,386.559749121258,506.5,43.9,1.16980434119164,1.19880434119164,0.0532216804856007,0.0909918107370348,69.1792473637749,386.559749121258,1
13,10,580158,72,0.0997200419827925,73.2969529326573,385.132317644219,509.3,46.7,1.16980434119164,1.19880434119164,0.0532670802669023,0.0997200419827925,73.2969529326573,385.132317644219,1
14,10,580164,78,0.108230067447409,77.244574083261,382.648191361087,513.1,50.5,1.16980434119164,1.19880434119164,0.0532877434585073,0.108230067447409,77.244574083261,382.648191361087,1
15,10,580170,84,0.116958298693166,80.6823103797195,381.094103459907,515.8,53.1999999999999,1.16980434119164,1.19880434119164,0.0533125479935882,0.116958298693166,80.6823103797195,381.094103459907,1
16,10,580176,90,0.130050645561805,83.4349006338329,379.611633544611,518.2,55.6,1.16980434119164,1.19880434119164,0.0533312699660482,0.130050645561805,83.4349006338329,379.611633544611,1
17,10,580182,96,0.138560671026419,86.0801792311476,378.393393077049,520.3,57.6999999999999,1.16980434119164,1.19880434119164,0.0533539439844821,0.138560671026419,86.0801792311476,378.393393077049,1
18,10,580188,102,0.151653017895057,88.6053538407816,376.935117946927,522.6,60,1.16980434119164,1.19880434119164,0.0533870004426111,0.151653017895057,88.6053538407816,376.935117946927,1
19,10,580194,108,0.160381249140815,90.627560629358,375.409186876453,524.8,62.1999999999999,1.16980434119164,1.19880434119164,0.0534075523361924,0.160381249140815,90.627560629358,375.409186876453,1
20,10,580200,114,0.168891274605429,92.5932180640623,373.664406021354,527.2,64.6,1.16980434119164,1.19880434119164,0.0531106453485388,0.168891274605429,92.5932180640623,373.664406021354,1
21,10,580206,120,0.181983621474068,94.0995974222621,372.666532474087,528.7,66.1,1.16980434119164,1.19880434119164,0.0531492983189858,0.181983621474068,94.0995974222621,372.666532474087,1
22,10,580212,126,0.194857762561563,95.7189094698163,371.806303156605,530.1,67.5,1.16980434119164,1.19880434119164,0.0534786001956584,0.194857762561563,95.7189094698163,371.806303156605,1
23,10,580218,132,0.20358599380732,97.2311368643414,370.61037895478,531.8,69.1999999999999,1.16980434119164,1.19880434119164,0.0534951491163232,0.20358599380732,97.2311368643414,370.61037895478,1
24,10,580224,138,0.216678340675959,98.7363707213708,368.91212357379,534,71.4,1.16980434119164,1.19880434119164,0.0535071045539703,0.216678340675959,98.7363707213708,368.91212357379,1
25,10,580230,144,0.225188366140573,100.135368257274,367.778456085758,535.6,73,1.16980434119164,1.19880434119164,0.0535223908074155,0.225188366140573,100.135368257274,367.778456085758,1
26,10,580236,150,0.233916597386333,101.477302752358,366.925767584119,536.9,74.3,1.16980434119164,1.19880434119164,0.0535477142121491,0.233916597386333,101.477302752358,366.925767584119,1
27,10,580242,156,0.24264482863209,102.706050663441,365.935350221147,538.3,75.6999999999999,1.16980434119164,1.19880434119164,0.0535616789768351,0.24264482863209,102.706050663441,365.935350221147,1
28,10,580248,162,0.25137305987785,103.595762593142,365.031920864381,539.5,76.9,1.16980434119164,1.19880434119164,0.0535712125008817,0.25137305987785,103.595762593142,365.031920864381,1
29,10,580254,168,0.264247200965343,104.591609223969,363.863869741323,541,78.4,1.16980434119164,1.19880434119164,0.0535979832337159,0.264247200965343,104.591609223969,363.863869741323,1
30,10,580260,174,0.272975432211102,105.763245137195,363.154415045732,542.1,79.5,1.16980434119164,1.19880434119164,0.0536065862783431,0.272975432211102,105.763245137195,363.154415045732,1
31,10,580266,180,0.281485457675717,106.709217157472,361.96973905249,543.6,81,1.16980434119164,1.19880434119164,0.0536181287941712,0.281485457675717,106.709217157472,361.96973905249,1
32,10,580272,186,0.294577804544355,107.929773776357,361.576591258786,544.4,81.8,1.16980434119164,1.19880434119164,0.0538921711121583,0.294577804544355,107.929773776357,361.576591258786,1
33,10,580278,192,0.303306035790113,108.762110464052,360.654036821351,545.6,83,1.16980434119164,1.19880434119164,0.0541626151125393,0.303306035790113,108.762110464052,360.654036821351,1
34,10,580284,198,0.316180176877608,109.756750075366,359.585583358455,547,84.4,1.16980434119164,1.19880434119164,0.0539105766806059,0.316180176877608,109.756750075366,359.585583358455,1
35,10,580290,204,0.324908408123365,110.532312127836,358.444104042612,548.4,85.8,1.16980434119164,1.19880434119164,0.0539113646846929,0.324908408123365,110.532312127836,358.444104042612,1
36,10,580296,210,0.338000754992004,111.526133633457,357.475377877819,549.7,87.1,1.16980434119164,1.19880434119164,0.0541687394099505,0.338000754992004,111.526133633457,357.475377877819,1
37,10,580302,216,0.346510780456618,112.245315198668,356.815105066222,550.6,88,1.16980434119164,1.19880434119164,0.0541790643588989,0.346510780456618,112.245315198668,356.815105066222,1
38,10,580308,222,0.355239011702378,113.076825465265,355.892275155089,551.8,89.1999999999999,1.16980434119164,1.19880434119164,0.0539257759613885,0.355239011702378,113.076825465265,355.892275155089,1
39,10,580314,228,0.368331358571014,113.844382757056,355.148127585685,552.8,90.1999999999999,1.16980434119164,1.19880434119164,0.0536809330063777,0.368331358571014,113.844382757056,355.148127585685,1
40,10,580320,234,0.37684138403563,114.393942565698,354.631314188566,553.5,90.9,1.16980434119164,1.19880434119164,0.0536990100751151,0.37684138403563,114.393942565698,354.631314188566,1
41,10,580326,240,0.385569615281388,115.281396352253,353.527132117418,554.9,92.3,1.16980434119164,1.19880434119164,0.0537072079537618,0.385569615281388,115.281396352253,353.527132117418,1
42,10,580332,246,0.402807871991762,115.928526051503,352.642842017168,556,93.4,1.16980434119164,1.19880434119164,0.0537123544563783,0.402807871991762,115.928526051503,352.642842017168,1
43,10,580338,252,0.411536103237519,116.759227191317,351.719742397106,557.2,94.6,1.16980434119164,1.19880434119164,0.053954686122328,0.411536103237519,116.759227191317,351.719742397106,1
44,10,580344,258,0.424628450106158,117.356726662791,350.718908887597,558.4,95.8,1.16980434119164,1.19880434119164,0.0539569808774059,0.424628450106158,117.356726662791,350.718908887597,1
45,10,580350,264,0.433138475570772,118.131126869185,349.977042289729,559.4,96.8,1.16980434119164,1.19880434119164,0.0539683283086802,0.433138475570772,118.131126869185,349.977042289729,1
46,10,580356,270,0.441866706816532,118.679563203979,349.059854401326,560.5,97.9,1.16980434119164,1.19880434119164,0.0539703853433206,0.441866706816532,118.679563203979,349.059854401326,1
47,10,580362,276,0.450594938062289,119.340614669263,348.280204889754,561.5,98.9,1.16980434119164,1.19880434119164,0.0537449245151766,0.450594938062289,119.340614669263,348.280204889754,1
48,10,580368,282,0.463469079149784,119.93790619955,347.879302066517,562.1,99.5,1.16980434119164,1.19880434119164,0.0535376512074353,0.463469079149784,119.93790619955,347.879302066517,1
49,10,580374,288,0.472197310395542,120.598697261893,347.099565753964,563.1,100.5,1.16980434119164,1.19880434119164,0.0535460808385702,0.472197310395542,120.598697261893,347.099565753964,1
50,10,580380,294,0.48528965726418,121.195300146773,346.198433382257,564.2,101.6,1.16980434119164,1.19880434119164,0.0537745881731314,0.48528965726418,121.195300146773,346.198433382257,1
51,10,580386,300,0.493799682728795,121.687219739828,345.462406579942,565.1,102.5,1.16980434119164,1.19880434119164,0.0789338474346822,0.493799682728795,121.687219739828,345.462406579942,1
52,10,580392,306,0.506892029597433,122.33986496931,344.67995498977,566.1,103.5,1.16980434119164,1.19880434119164,0.103975054715666,0.506892029597433,122.33986496931,344.67995498977,1
53,10,580398,312,0.519766170684926,122.823769425098,343.741256475033,567.2,104.6,1.16980434119164,1.19880434119164,0.103538643153377,0.519766170684926,122.823769425098,343.741256475033,1
54,10,580404,318,0.528494401930686,123.258664642476,343.086221547492,568,105.4,1.16980434119164,1.19880434119164,0.103309527082235,0.528494401930686,123.258664642476,343.086221547492,1
55,10,580410,324,0.541586748799324,123.854553766354,341.784851255451,569.5,106.9,1.16980434119164,1.19880434119164,0.103745938644521,0.541586748799324,123.854553766354,341.784851255451,1
56,10,580416,330,0.550096774263938,124.289649805985,341.629883268662,569.8,107.2,1.16980434119164,1.19880434119164,0.103964144425664,0.550096774263938,124.289649805985,341.629883268662,1
57,10,580422,336,0.563189121132577,124.997850051037,340.965950017012,570.7,108.1,1.16980434119164,1.19880434119164,0.104171439918698,0.563189121132577,124.997850051037,340.965950017012,1
58,10,580428,342,0.571917352378334,125.432350958081,340.010783652694,571.8,109.2,1.16980434119164,1.19880434119164,0.1044005559889,0.571917352378334,125.432350958081,340.010783652694,1
59,10,580434,348,0.580427377842949,126.036020348324,339.712006782775,572.3,109.7,1.16980434119164,1.19880434119164,0.104400555987951,0.580427377842949,126.036020348324,339.712006782775,1
60,10,580440,354,0.593519724711587,126.462379869615,339.054126623205,573.1,110.5,1.16980434119164,1.19880434119164,0.104389645698894,0.593519724711587,126.462379869615,339.054126623205,1
61,10,580446,360,0.606393865799082,127.057826590836,338.252608863612,574.1,111.5,1.16980434119164,1.19880434119164,0.10440055598795,0.606393865799082,127.057826590836,338.252608863612,1
62,10,580452,366,0.619486212667719,127.427666320958,337.575888773653,574.9,112.3,1.16980434119164,1.19880434119164,0.1044005559889,0.619486212667719,127.427666320958,337.575888773653,1
63,10,580458,372,0.628214443913478,127.861689904964,337.120563301655,575.5,112.9,1.16980434119164,1.19880434119164,0.104607851480988,0.628214443913478,127.861689904964,337.120563301655,1
64,10,580464,378,0.641088585000971,128.287983669027,336.462661223009,576.3,113.7,1.16980434119164,1.19880434119164,0.105044263042322,0.641088585000971,128.287983669027,336.462661223009,1
65,10,580470,384,0.649816816246731,128.665586162978,335.788528720993,577.1,114.5,1.16980434119164,1.19880434119164,0.105480674604609,0.649816816246731,128.665586162978,335.788528720993,1
66,10,580476,390,0.662690957334224,129.260383482748,335.286794494249,577.8,115.2,1.16980434119164,1.19880434119164,0.10548067460461,0.662690957334224,129.260383482748,335.286794494249,1
67,10,580482,396,0.671419188579983,129.581579463277,334.393859821093,578.8,116.2,1.16980434119164,1.19880434119164,0.105480674605569,0.671419188579983,129.581579463277,334.393859821093,1
68,10,580488,402,0.684511535448622,130.119486808888,333.873162269629,579.5,116.9,1.16980434119164,1.19880434119164,0.105480674605569,0.684511535448622,130.119486808888,333.873162269629,1
69,10,580494,408,0.693021560913236,130.497156958882,333.299052319627,580.2,117.6,1.16980434119164,1.19880434119164,0.105262468823467,0.693021560913236,130.497156958882,333.299052319627,1
70,10,580500,414,0.701749792158994,130.930565853594,332.543521951198,581.1,118.5,1.16980434119164,1.19880434119164,0.10548067460461,0.701749792158994,130.930565853594,332.543521951198,1
71,10,580506,420,0.714842139027632,131.187079286372,331.729026428791,582,119.4,1.16980434119164,1.19880434119164,0.105480674604609,0.714842139027632,131.187079286372,331.729026428791,1
72,10,580512,426,0.727716280115125,131.55632874746,331.152109582487,582.7,120.1,1.16980434119164,1.19880434119164,0.105262468824423,0.727716280115125,131.55632874746,331.152109582487,1
73,10,580518,432,0.736444511360885,131.989481686341,330.696493895447,583.3,120.7,1.16980434119164,1.19880434119164,0.105262468824423,0.736444511360885,131.989481686341,330.696493895447,1
74,10,580524,438,0.749318652448378,132.358536215816,330.019512071938,584.1,121.5,1.16980434119164,1.19880434119164,0.105262468823466,0.749318652448378,132.358536215816,330.019512071938,1
75,10,580530,444,0.758046883694137,132.847700122474,329.482566707491,584.8,122.2,1.16980434119164,1.19880434119164,0.10548067460461,0.758046883694137,132.847700122474,329.482566707491,1
76,10,580536,450,0.771139230562776,133.216138395593,328.805379465198,585.6,123,1.16980434119164,1.19880434119164,0.105698880385752,0.771139230562776,133.216138395593,328.805379465198,1
77,10,580542,456,0.77964925602739,133.705527213012,327.968509071004,586.6,124,1.16980434119164,1.19880434119164,0.105917086167859,0.77964925602739,133.705527213012,327.968509071004,1
78,10,580548,462,0.792741602896029,133.961434727183,327.553811575728,587.1,124.5,1.16980434119164,1.19880434119164,0.106124381659947,0.792741602896029,133.961434727183,327.553811575728,1
79,10,580554,468,0.801469834141786,134.225595793078,326.84186526436,587.9,125.3,1.16980434119164,1.19880434119164,0.105906175877838,0.801469834141786,134.225595793078,326.84186526436,1
80,10,580560,474,0.814343975229281,134.650237579664,326.183412526555,588.7,126.1,1.16980434119164,1.19880434119164,0.105906175877838,0.814343975229281,134.650237579664,326.183412526555,1
81,10,580566,480,0.823072206475039,134.914273261791,325.971424420597,589,126.4,1.16980434119164,1.19880434119164,0.106124381658982,0.823072206475039,134.914273261791,325.971424420597,1
82,10,580572,486,0.840310463185413,135.386479262248,324.928826420749,590.2,127.6,1.16980434119164,1.19880434119164,0.106135291949004,0.840310463185413,135.386479262248,324.928826420749,1
83,10,580578,492,0.84903869443117,135.706503676608,324.435501225536,590.8,128.2,1.16980434119164,1.19880434119164,0.105917086167859,0.84903869443117,135.706503676608,324.435501225536,1
84,10,580584,498,0.85776692567693,136.082595265261,323.86086508842,591.5,128.9,1.16980434119164,1.19880434119164,0.105917086166896,0.85776692567693,136.082595265261,323.86086508842,1
85,10,580590,504,0.870641066764423,136.338369450853,323.246123150284,592.2,129.6,1.16980434119164,1.19880434119164,0.106135291948039,0.870641066764423,136.338369450853,323.246123150284,1
86,10,580596,510,0.883733413633061,136.705872348704,322.668624116235,592.9,130.3,1.16980434119164,1.19880434119164,0.106124381658982,0.883733413633061,136.705872348704,322.668624116235,1
87,10,580602,516,0.892461644878821,136.913412081106,322.137804027035,593.5,130.9,1.16980434119164,1.19880434119164,0.106124381659947,0.892461644878821,136.913412081106,322.137804027035,1
88,10,580608,522,0.900971670343435,137.233539481319,321.34451316044,594.4,131.8,1.16980434119164,1.19880434119164,0.106135291949004,0.900971670343435,137.233539481319,321.34451316044,1
89,10,580614,528,0.909699901589193,137.497087834413,320.732362611471,595.1,132.5,1.16980434119164,1.19880434119164,0.106124381658981,0.909699901589193,137.497087834413,320.732362611471,1
90,10,580620,534,0.922792248457831,137.752093573696,320.617364524565,595.3,132.7,1.16980434119164,1.19880434119164,0.106124381658981,0.922792248457831,137.752093573696,320.617364524565,1
91,10,580626,540,0.931302273922445,138.184210544393,320.161403514798,595.9,133.3,1.16980434119164,1.19880434119164,0.106135291948039,0.931302273922445,138.184210544393,320.161403514798,1
92,10,580632,546,0.944394620791084,138.439058781897,319.646352927299,596.5,133.9,1.16980434119164,1.19880434119164,0.105917086167859,0.944394620791084,138.439058781897,319.646352927299,1
93,10,580638,552,0.957268761878579,138.862470201648,319.087490067216,597.2,134.6,1.16980434119164,1.19880434119164,0.105698880386714,0.957268761878579,138.862470201648,319.087490067216,1
94,10,580644,558,0.965996993124337,139.069640823999,318.756546941333,597.6,135,1.16980434119164,1.19880434119164,0.105687970096695,0.965996993124337,139.069640823999,318.756546941333,1
95,10,580650,564,0.979089339992975,139.436380424996,317.978793474999,598.5,135.9,1.16980434119164,1.19880434119164,0.105906175877838,0.979089339992975,139.436380424996,317.978793474999,1
96,10,580656,570,0.987599365457589,139.587823420401,317.329274473467,599.2,136.6,1.16980434119164,1.19880434119164,0.106135291948039,0.987599365457589,139.587823420401,317.329274473467,1
97,10,580662,576,0.996327596703347,139.794856182373,316.898285394124,599.7,137.1,1.16980434119164,1.19880434119164,0.106342587441093,0.996327596703347,139.794856182373,316.898285394124,1
98,10,580668,582,1.00505582794911,140.11393558606,316.604645195353,600.1,137.5,1.16980434119164,1.19880434119164,0.106342587441093,1.00505582794911,140.11393558606,316.604645195353,1
99,10,580674,588,1.0179299690366,140.424767452195,315.608255817398,601.2,138.6,1.16980434119164,1.19880434119164,0.106135291948038,1.0179299690366,140.424767452195,315.608255817398,1
100,10,580680,594,1.03102231590524,140.84713692843,315.54904564281,601.4,138.8,1.16980434119164,1.19880434119164,0.106124381658981,1.03102231590524,140.84713692843,315.54904564281,1
101,10,580686,600,1.039750547151,141.053952770305,315.017984256768,602,139.4,1.16980434119164,1.19880434119164,0.181927511415871,1.039750547151,141.053952770305,315.017984256768,1
102,10,580687,601,1.039750547151,141.109976214694,314.936658738231,602.1,139.5,1.16980434119164,1.19880434119164,0.424497526643646,1.039750547151,141.109976214694,314.936658738231,1
103,11,580689,0,1.039750547151,140.717812103971,314.90593736799,602,139.4,1.16980434119164,1.19880434119164,0.254174822105886,1.039750547151,140.717812103971,314.90593736799,1
104,11,580692,12,1.05262468823849,137.947550077971,314.382516692657,601.6,139,1.16980434119164,1.19880434119164,0.0849082335587399,1.05262468823849,137.947550077971,314.382516692657,1
105,11,580704,24,1.06571703510713,138.650124853618,313.916708284539,602.3,139.7,1.16980434119164,1.19880434119164,0.0531712937203039,1.06571703510713,138.650124853618,313.916708284539,1
106,11,580716,36,1.07422706057174,139.305509057243,312.835169685748,603.6,141,1.16980434119164,1.19880434119164,0.0530621908297324,1.07422706057174,139.305509057243,312.835169685748,1
107,11,580728,48,1.08731940744038,139.839750008512,312.513250002837,604.1,141.5,1.16980434119164,1.19880434119164,0.0530676459742607,1.08731940744038,139.839750008512,312.513250002837,1
108,11,580740,60,1.09604763868614,140.158500573192,312.219500191064,604.5,141.9,1.16980434119164,1.19880434119164,0.0530621908294905,1.09604763868614,140.158500573192,312.219500191064,1
109,11,580752,72,1.10455766415076,140.645583564573,311.381861188191,605.5,142.9,1.16980434119164,1.19880434119164,0.0530621908297318,1.10455766415076,140.645583564573,311.381861188191,1
110,11,580764,84,1.11765001101939,140.955550136245,310.785183378748,606.2,143.6,1.16980434119164,1.19880434119164,0.0529585430836886,1.11765001101939,140.955550136245,310.785183378748,1
111,11,580776,96,1.12637824226515,141.330068313014,310.210022771005,606.9,144.3,1.16980434119164,1.19880434119164,0.0528494401931171,1.12637824226515,141.330068313014,310.210022771005,1
112,11,580788,108,1.13488826772977,141.537042853136,309.879014284379,607.3,144.7,1.16980434119164,1.19880434119164,0.0527403373025445,1.13488826772977,141.537042853136,309.879014284379,1
113,11,580800,120,1.1479806145984,141.846780398693,309.182260132898,608.1,145.5,1.16980434119164,1.19880434119164,0.052631234411733,1.1479806145984,141.846780398693,309.182260132898,1
114,11,580812,132,1.1608547556859,141.933044870158,309.011014956719,608.3,145.7,1.16980434119164,1.19880434119164,0.0527403373025445,1.1608547556859,141.933044870158,309.011014956719,1
115,11,580824,144,1.17394710255454,142.186687446989,308.29556248233,609.1,146.5,1.16980434119164,1.19880434119164,0.052849440193116,1.17394710255454,142.186687446989,308.29556248233,1
116,11,580836,156,1.1826753338003,142.448978874125,307.982992958042,609.5,146.9,1.16980434119164,1.19880434119164,0.0527403373025445,1.1826753338003,142.448978874125,307.982992958042,1
117,11,580848,168,1.19554947488779,142.646987089769,306.94899569659,610.6,148,1.16980434119164,1.19880434119164,0.052740337302545,1.19554947488779,142.646987089769,306.94899569659,1
118,11,580860,180,1.20427770613355,142.965103200226,306.655034400075,611,148.4,1.16980434119164,1.19880434119164,0.0527403373023046,1.20427770613355,142.965103200226,306.655034400075,1
119,11,580872,192,1.21300593737931,143.171309294039,306.42376976468,611.3,148.7,1.16980434119164,1.19880434119164,0.0527403373025445,1.21300593737931,143.171309294039,306.42376976468,1
120,11,580884,204,1.2258800784668,143.425064862719,305.80835495424,612,149.4,1.16980434119164,1.19880434119164,0.0528494401931171,1.2258800784668,143.425064862719,305.80835495424,1
121,11,580896,216,1.23460830971256,143.631177567242,305.377059189081,612.5,149.9,1.16980434119164,1.19880434119164,0.0528494401931165,1.23460830971256,143.631177567242,305.377059189081,1
122,11,580908,228,1.24748245080005,143.884806393314,305.261602131105,612.7,150.1,1.16980434119164,1.19880434119164,0.0527403373025439,1.24748245080005,143.884806393314,305.261602131105,1
123,11,580920,240,1.25621068204581,143.979023904889,303.993007968297,614,151.4,1.16980434119164,1.19880434119164,0.0527403373023046,1.25621068204581,143.979023904889,303.993007968297,1
124,11,580932,252,1.26930302891445,144.232100092972,304.077366697657,614,151.4,1.16980434119164,1.19880434119164,0.0528494401931171,1.26930302891445,144.232100092972,304.077366697657,1
125,11,580944,264,1.28217717000194,144.485543252241,303.761847750747,614.4,151.8,1.16980434119164,1.19880434119164,0.0529585430836892,1.28217717000194,144.485543252241,303.761847750747,1
126,11,580956,276,1.2909054012477,144.635543446664,303.211847815555,615,152.4,1.16980434119164,1.19880434119164,0.0529585430836881,1.2909054012477,144.635543446664,303.211847815555,1
127,11,580968,288,1.30399774811634,144.888425073725,302.796141691242,615.5,152.9,1.16980434119164,1.19880434119164,0.052849440193116,1.30399774811634,144.888425073725,302.796141691242,1
128,11,580980,300,1.31250777358095,145.150529189319,302.283509729773,616.1,153.5,1.16980434119164,1.19880434119164,0.0528494401928762,1.31250777358095,145.150529189319,302.283509729773,1
129,11,580992,312,1.32123600482671,145.300413635376,301.033471211792,617.4,154.8,1.16980434119164,1.19880434119164,0.0528494401931165,1.32123600482671,145.300413635376,301.033471211792,1
130,11,581004,324,1.33411014591421,145.553556738316,301.017852246105,617.5,154.9,1.16980434119164,1.19880434119164,0.0528494401931171,1.33411014591421,145.553556738316,301.017852246105,1
131,11,581016,336,1.34283837715997,145.647513105766,300.849171035255,617.7,155.1,1.16980434119164,1.19880434119164,0.052849440193116,1.34283837715997,145.647513105766,300.849171035255,1
132,11,581028,348,1.3559307240286,145.844255045949,300.314751681983,618.3,155.7,1.16980434119164,1.19880434119164,0.0527403373025439,1.3559307240286,145.844255045949,300.314751681983,1
133,11,581040,360,1.36029483965148,146.002892478781,300.16763082626,618.5,155.9,1.16980434119164,1.19880434119164,0.052631234411733,1.36029483965148,146.002892478781,300.16763082626,1
134,11,581052,372,1.37753309636186,146.302746938904,299.667582312968,619.1,156.5,1.16980434119164,1.19880434119164,0.0528439850485877,1.37753309636186,146.302746938904,299.667582312968,1
135,11,581064,384,1.38626132760761,146.452407300077,298.917469100026,619.9,157.3,1.16980434119164,1.19880434119164,0.0529530879391603,1.38626132760761,146.452407300077,298.917469100026,1
136,11,581076,396,1.39913546869511,146.761018699961,298.620339566654,620.3,157.7,1.16980434119164,1.19880434119164,0.0528494401931165,1.39913546869511,146.761018699961,298.620339566654,1
137,11,581088,408,1.40786369994087,146.798967805558,298.232989268519,620.7,158.1,1.16980434119164,1.19880434119164,0.0528439850485882,1.40786369994087,146.798967805558,298.232989268519,1
138,11,581100,420,1.41659193118663,147.11595756212,297.738652520707,621.3,158.7,1.16980434119164,1.19880434119164,0.0528439850483485,1.41659193118663,147.11595756212,297.738652520707,1
139,11,581112,432,1.42946607227412,147.145357097341,297.64845236578,621.4,158.8,1.16980434119164,1.19880434119164,0.0529585430836892,1.42946607227412,147.145357097341,297.64845236578,1
140,11,581124,444,1.43819430351988,147.350643133705,296.616881044568,622.5,159.9,1.16980434119164,1.19880434119164,0.0529530879391592,1.43819430351988,147.350643133705,296.616881044568,1
141,11,581136,456,1.44692253476564,147.500096704308,296.766698901436,622.4,159.8,1.16980434119164,1.19880434119164,0.0528439850485877,1.44692253476564,147.500096704308,296.766698901436,1
142,11,581148,468,1.45979667585313,147.640992057378,296.213664019126,623,160.4,1.16980434119164,1.19880434119164,0.0528494401931177,1.45979667585313,147.640992057378,296.213664019126,1
143,11,581160,480,1.46852490709889,147.901940704646,295.700646901549,623.6,161,1.16980434119164,1.19880434119164,0.0527403373023041,1.46852490709889,147.901940704646,295.700646901549,1
144,11,581172,492,1.48139904818638,148.042741062526,295.247580354175,624.1,161.5,1.16980434119164,1.19880434119164,0.052849440193116,1.48139904818638,148.042741062526,295.247580354175,1
145,11,581184,504,1.49449139505502,148.406111484301,294.8687038281,624.6,162,1.16980434119164,1.19880434119164,0.0529530879391597,1.49449139505502,148.406111484301,294.8687038281,1
146,11,581196,516,1.50321962630078,148.499604611226,294.899868203742,624.6,162,1.16980434119164,1.19880434119164,0.0528439850485877,1.50321962630078,148.499604611226,294.899868203742,1
147,11,581208,528,1.51609376738827,148.696012361738,294.765337453913,624.8,162.2,1.16980434119164,1.19880434119164,0.0529585430836892,1.51609376738827,148.696012361738,294.765337453913,1
148,11,581220,540,1.52482199863403,148.78945138217,293.996483794057,625.6,163,1.16980434119164,1.19880434119164,0.0530621908294905,1.52482199863403,148.78945138217,293.996483794057,1
149,11,581232,552,1.53355022987979,148.938614531846,293.646204843949,626,163.4,1.16980434119164,1.19880434119164,0.0530621908297318,1.53355022987979,148.938614531846,293.646204843949,1
150,11,581244,564,1.54642437096729,149.134888004371,293.01162933479,626.7,164.1,1.16980434119164,1.19880434119164,0.0529585430836892,1.54642437096729,149.134888004371,293.01162933479,1
151,11,581256,576,1.55515260221304,149.283979876772,292.661326625591,627.1,164.5,1.16980434119164,1.19880434119164,0.0528439850485877,1.55515260221304,149.283979876772,292.661326625591,1
152,11,581268,588,1.56802674330054,149.535877789181,292.445292596394,627.4,164.8,1.16980434119164,1.19880434119164,0.053165838575775,1.56802674330054,149.535877789181,292.445292596394,1
153,11,581280,600,1.5767549745463,149.629174008,292.176391336,627.7,165.1,1.16980434119164,1.19880434119164,0.0537113530283917,1.5767549745463,149.629174008,292.176391336,1
154,11,581292,612,1.59421143703781,149.815707150851,291.738569050284,628.2,165.6,1.16980434119164,1.19880434119164,0.0536077052825927,1.59421143703781,149.815707150851,291.738569050284,1
155,11,581304,624,1.60272146250243,149.96510336432,291.188367788107,628.8,166.2,1.16980434119164,1.19880434119164,0.0530676459742613,1.60272146250243,149.96510336432,291.188367788107,1
156,11,581316,636,1.61144969374819,150.114015622928,291.138005207643,628.9,166.3,1.16980434119164,1.19880434119164,0.0529585430836886,1.61144969374819,150.114015622928,291.138005207643,1
157,11,581328,648,1.62454204061682,150.253789849236,290.984596616412,629.1,166.5,1.16980434119164,1.19880434119164,0.0529585430836886,1.62454204061682,150.253789849236,290.984596616412,1
158,11,581340,660,1.63305206608144,150.291716062794,290.397238687598,629.7,167.1,1.16980434119164,1.19880434119164,0.0529530879389189,1.63305206608144,150.291716062794,290.397238687598,1
159,11,581352,672,1.6417802973272,150.60759008911,290.102530029703,630.1,167.5,1.16980434119164,1.19880434119164,0.0530621908297318,1.6417802973272,150.60759008911,290.102530029703,1
160,11,581364,684,1.65050852857296,150.645016412333,289.215005470778,631,168.4,1.16980434119164,1.19880434119164,0.0529585430836897,1.65050852857296,150.645016412333,289.215005470778,1
161,11,581376,696,1.66338266966045,150.95211073038,288.81737024346,631.5,168.9,1.16980434119164,1.19880434119164,0.0529530879391608,1.66338266966045,150.95211073038,288.81737024346,1
162,11,581388,708,1.67211090090621,151.045155687538,288.54838522918,631.8,169.2,1.16980434119164,1.19880434119164,0.0531712937203039,1.67211090090621,151.045155687538,288.54838522918,1
163,11,581400,720,1.68083913215197,151.305162412405,288.335054137468,632.1,169.5,1.16980434119164,1.19880434119164,0.053176748864591,1.68083913215197,151.305162412405,288.335054137468,1
164,11,581412,732,1.69807738886234,151.268979354417,287.922993118139,632.5,169.9,1.16980434119164,1.19880434119164,0.0529585430836886,1.69807738886234,151.268979354417,287.922993118139,1
165,11,581424,744,1.7068056201081,151.473242061578,287.391080687193,633.1,170.5,1.16980434119164,1.19880434119164,0.0528494401931165,1.7068056201081,151.473242061578,287.391080687193,1
166,11,581436,756,1.71531564557271,151.62228324751,287.340761082503,633.2,170.6,1.16980434119164,1.19880434119164,0.0529530879391603,1.71531564557271,151.62228324751,287.340761082503,1
167,11,581448,768,1.72840799244135,151.650384142199,287.0501280474,633.5,170.9,1.16980434119164,1.19880434119164,0.0530621908297318,1.72840799244135,151.650384142199,287.0501280474,1
168,11,581460,780,1.73713622368711,151.910167276305,286.536722425435,634.1,171.5,1.16980434119164,1.19880434119164,0.0530676459740183,1.73713622368711,151.910167276305,286.536722425435,1
169,11,581472,792,1.75001036477461,152.105535144486,286.101845048162,634.6,172,1.16980434119164,1.19880434119164,0.0531712937203039,1.75001036477461,152.105535144486,286.101845048162,1
170,11,581484,804,1.75873859602036,152.253979838991,285.951326612997,634.8,172.2,1.16980434119164,1.19880434119164,0.053171293720305,1.75873859602036,152.253979838991,285.951326612997,1
171,11,581496,816,1.771830942889,152.337568795553,285.279189598518,635.5,172.9,1.16980434119164,1.19880434119164,0.0531712937203044,1.771830942889,152.337568795553,285.279189598518,1
172,11,581508,828,1.78034096835362,152.486412826316,284.628804275439,636.2,173.6,1.16980434119164,1.19880434119164,0.0531712937203039,1.78034096835362,152.486412826316,284.628804275439,1
173,11,581520,840,1.79343331522225,152.569940264536,284.456646754845,636.4,173.8,1.16980434119164,1.19880434119164,0.053176748864591,1.79343331522225,152.569940264536,284.456646754845,1
174,11,581532,852,1.80630745630975,152.709489131814,284.403163043938,636.5,173.9,1.16980434119164,1.19880434119164,0.0531712937203039,1.80630745630975,152.709489131814,284.403163043938,1
175,11,581544,864,1.81939980317839,152.79295011046,283.830983370153,637.1,174.5,1.16980434119164,1.19880434119164,0.0531712937203039,1.81939980317839,152.79295011046,283.830983370153,1
176,11,581556,876,1.82812803442415,152.941202838091,283.88040094603,637.1,174.5,1.16980434119164,1.19880434119164,0.0532858517554048,1.82812803442415,152.941202838091,283.88040094603,1
177,11,581568,888,1.83663805988876,153.145460935774,283.348486978591,637.7,175.1,1.16980434119164,1.19880434119164,0.0532803966108765,1.83663805988876,153.145460935774,283.348486978591,1
178,11,581580,900,1.8497304067574,153.228820866221,283.176273622074,637.9,175.3,1.16980434119164,1.19880434119164,0.0532803966106337,1.8497304067574,153.228820866221,283.176273622074,1
179,11,581592,912,1.85845863800316,153.432537567217,282.744179189072,638.4,175.8,1.16980434119164,1.19880434119164,0.053389499501448,1.85845863800316,153.432537567217,282.744179189072,1
180,11,581604,924,1.87133277909065,153.516292139752,282.172097379917,639,176.4,1.16980434119164,1.19880434119164,0.0533894995014492,1.87133277909065,153.516292139752,282.172097379917,1
181,11,581616,936,1.88006101033641,153.60883482065,282.102944940217,639.1,176.5,1.16980434119164,1.19880434119164,0.0532858517554048,1.88006101033641,153.60883482065,282.102944940217,1
182,11,581628,948,1.8929351514239,153.74807621975,282.049358739917,639.2,176.6,1.16980434119164,1.19880434119164,0.053280396610876,1.8929351514239,153.74807621975,282.049358739917,1
183,11,581640,960,1.90166338266966,153.840569735387,281.780189911796,639.5,176.9,1.16980434119164,1.19880434119164,0.0533840443566764,1.90166338266966,153.840569735387,281.780189911796,1
184,11,581652,972,1.91890163938003,154.025962650053,281.341987550018,640,177.4,1.16980434119164,1.19880434119164,0.053389499501448,1.91890163938003,154.025962650053,281.341987550018,1
185,11,581664,984,1.92762987062579,154.062876320428,281.054292106809,640.3,177.7,1.16980434119164,1.19880434119164,0.0533894995014486,1.92762987062579,154.062876320428,281.054292106809,1
186,11,581676,996,1.94072221749443,154.312525146279,280.637508382093,640.8,178.2,1.16980434119164,1.19880434119164,0.0534986023920207,1.94072221749443,154.312525146279,280.637508382093,1
187,11,581688,1008,1.94923224295904,154.349862859074,280.249954286358,641.2,178.6,1.16980434119164,1.19880434119164,0.0534986023920201,1.94923224295904,154.349862859074,280.249954286358,1
188,11,581700,1020,1.9579604742048,154.608739277059,279.736246425686,641.8,179.2,1.16980434119164,1.19880434119164,0.053493147247248,1.9579604742048,154.608739277059,279.736246425686,1
189,11,581712,1032,1.97105282107344,154.580739644136,279.626913214712,641.9,179.3,1.16980434119164,1.19880434119164,0.0534986023920201,1.97105282107344,154.580739644136,279.626913214712,1
190,11,581724,1044,1.97956284653806,154.673522677145,279.557840892382,642,179.4,1.16980434119164,1.19880434119164,0.0534986023920201,1.97956284653806,154.673522677145,279.557840892382,1
191,11,581736,1056,1.98829107778381,154.765819284676,279.188606428226,642.4,179.8,1.16980434119164,1.19880434119164,0.0536022501380644,1.98829107778381,154.765819284676,279.188606428226,1
192,11,581748,1068,2.00138342465245,154.848748092607,279.016249364202,642.6,180,1.16980434119164,1.19880434119164,0.0536077052825927,2.00138342465245,154.848748092607,279.016249364202,1
193,11,581760,1080,2.00989345011707,155.107890557111,279.002630185704,642.7,180.1,1.16980434119164,1.19880434119164,0.0536077052823484,2.00989345011707,155.107890557111,279.002630185704,1
194,11,581772,1092,2.02734991260858,155.125913350061,278.408637783354,643.3,180.7,1.16980434119164,1.19880434119164,0.0536077052825933,2.02734991260858,155.125913350061,278.408637783354,1
195,11,581784,1104,2.0358599380732,155.384953407526,277.894984469175,643.9,181.3,1.16980434119164,1.19880434119164,0.0536077052825922,2.0358599380732,155.384953407526,277.894984469175,1
196,11,581796,1116,2.04458816931896,155.421657569653,277.407219189884,644.4,181.8,1.16980434119164,1.19880434119164,0.0537113530286348,2.04458816931896,155.421657569653,277.407219189884,1
197,11,581808,1128,2.0576805161876,155.559866042986,277.453288680995,644.4,181.8,1.16980434119164,1.19880434119164,0.0537168081731654,2.0576805161876,155.559866042986,277.453288680995,1
198,11,581820,1140,2.06619054165221,155.59700746533,276.96566915511,644.9,182.3,1.16980434119164,1.19880434119164,0.0537168081729211,2.06619054165221,155.59700746533,276.96566915511,1
199,11,581832,1152,2.07928288852085,155.679714658994,276.793238219665,645.1,182.5,1.16980434119164,1.19880434119164,0.053820455919208,2.07928288852085,155.679714658994,276.793238219665,1
200,11,581844,1164,2.08801111976661,155.771789652258,276.523929884086,645.4,182.8,1.16980434119164,1.19880434119164,0.053820455919208,2.08801111976661,155.771789652258,276.523929884086,1
201,11,581856,1176,2.09652114523122,155.919740184696,275.973246728232,646,183.4,1.16980434119164,1.19880434119164,0.053820455919208,2.09652114523122,155.919740184696,275.973246728232,1
202,11,581868,1188,2.10961349209986,156.168614472389,276.15620482413,645.9,183.3,1.16980434119164,1.19880434119164,0.0538259110637363,2.10961349209986,156.168614472389,276.15620482413,1
203,11,581880,1200,2.11834172334562,156.205192880155,275.768397626718,646.3,183.7,1.16980434119164,1.19880434119164,0.0613906379120681,2.11834172334562,156.205192880155,275.768397626718,1
204,11,581889,1201,2.11834172334562,156.205192880155,275.668397626718,646.4,183.8,1.16980434119164,1.19880434119164,0.0857636002208242,2.11834172334562,156.205192880155,275.668397626718,1
205,12,581895,0,2.1227058389685,155.974131753633,275.791377251211,646.2,183.6,1.16980434119164,1.19880434119164,0.025227155427069,2.1227058389685,155.974131753633,275.791377251211,1
206,12,581940,60,2.13557998005599,149.575019485455,275.458339828485,644.4,181.8,1.16980434119164,1.19880434119164,0.0123030653859859,2.13557998005599,149.575019485455,275.458339828485,1
207,12,582000,120,2.14430821130175,150.221545704364,274.873848568121,645.2,182.6,1.16980434119164,1.19880434119164,0.0107640911838316,2.14430821130175,150.221545704364,274.873848568121,1
208,12,582060,180,2.15718235238924,151.302354353417,273.334118117806,647.1,184.5,1.16980434119164,1.19880434119164,0.0107640911838318,2.15718235238924,151.302354353417,273.334118117806,1
209,12,582120,240,2.165910583635,152.059347502087,273.286449167362,647.4,184.8,1.16980434119164,1.19880434119164,0.0107859117619464,2.165910583635,152.059347502087,273.286449167362,1
210,12,582180,300,2.17463881488076,152.650059414263,273.183353138087,647.7,185.1,1.16980434119164,1.19880434119164,0.0108077323400606,2.17463881488076,152.650059414263,273.183353138087,1
211,12,582240,360,2.18751295596826,153.121086277576,272.640362092525,648.4,185.8,1.16980434119164,1.19880434119164,0.0108077323400606,2.18751295596826,153.121086277576,272.640362092525,1
212,12,582300,420,2.20060530283689,153.480783881407,272.460261293802,648.7,186.1,1.16980434119164,1.19880434119164,0.0108077323400606,2.20060530283689,153.480783881407,272.460261293802,1
213,12,582360,480,2.20933353408265,153.905062367134,271.401687455711,649.9,187.3,1.16980434119164,1.19880434119164,0.010829552918175,2.20933353408265,153.905062367134,271.401687455711,1
214,12,582420,540,2.21784355954727,154.05294656353,271.450982187843,649.9,187.3,1.16980434119164,1.19880434119164,0.0108295529181752,2.21784355954727,154.05294656353,271.450982187843,1
215,12,582480,600,2.23093590641591,154.357041468899,270.8523471563,650.6,188,1.16980434119164,1.19880434119164,0.0108295529181752,2.23093590641591,154.357041468899,270.8523471563,1
216,12,582540,660,2.2438100475034,154.384806568016,270.961602189339,650.5,187.9,1.16980434119164,1.19880434119164,0.010829552918175,2.2438100475034,154.384806568016,270.961602189339,1
217,12,582600,720,2.25690239437204,154.578092610352,270.726030870117,650.8,188.2,1.16980434119164,1.19880434119164,0.010829552918175,2.25690239437204,154.578092610352,270.726030870117,1
218,12,582660,780,2.2656306256178,154.670030731482,270.056676910494,651.5,188.9,1.16980434119164,1.19880434119164,0.010829552918175,2.2656306256178,154.670030731482,270.056676910494,1
219,12,582720,840,2.27850476670529,154.808369490977,270.002789830326,651.6,189,1.16980434119164,1.19880434119164,0.010829552918175,2.27850476670529,154.808369490977,270.002789830326,1
220,12,582780,900,2.28723299795105,155.010892884381,269.470297628127,652.2,189.6,1.16980434119164,1.19880434119164,0.010829552918175,2.28723299795105,155.010892884381,269.470297628127,1
221,12,582840,960,2.30010713903854,155.204453867453,269.434817955818,652.3,189.7,1.16980434119164,1.19880434119164,0.0108284618892693,2.30010713903854,155.204453867453,269.434817955818,1
222,12,582900,1020,2.3088353702843,155.351583823581,268.883861274527,652.9,190.3,1.16980434119164,1.19880434119164,0.0108284618892693,2.3088353702843,155.351583823581,268.883861274527,1
223,12,582960,1080,2.32192771715294,155.433979225489,269.011326408496,652.8,190.2,1.16980434119164,1.19880434119164,0.0108295529181752,2.32192771715294,155.433979225489,269.011326408496,1
224,12,583020,1140,2.33043774261755,155.526225270082,268.642075090027,653.2,190.6,1.16980434119164,1.19880434119164,0.0108513734962894,2.33043774261755,155.526225270082,268.642075090027,1
225,12,583080,1200,2.34789420510907,155.599151824189,268.366383941396,653.5,190.9,1.16980434119164,1.19880434119164,0.0108513734962892,2.34789420510907,155.599151824189,268.366383941396,1
226,12,583140,1260,2.35662243635483,155.801434085458,268.03381136182,653.9,191.3,1.16980434119164,1.19880434119164,0.0108295529181752,2.35662243635483,155.801434085458,268.03381136182,1
227,12,583200,1320,2.36949657744232,155.884172740639,268.061390913546,653.9,191.3,1.16980434119164,1.19880434119164,0.0108513734962894,2.36949657744232,155.884172740639,268.061390913546,1
228,12,583260,1380,2.37822480868808,156.031110729894,268.110370243298,653.9,191.3,1.16980434119164,1.19880434119164,0.0108513734962892,2.37822480868808,156.031110729894,268.110370243298,1
229,12,583320,1440,2.39109894977558,156.113788484387,267.737929494796,654.3,191.7,1.16980434119164,1.19880434119164,0.0108502824673837,2.39109894977558,156.113788484387,267.737929494796,1
230,12,583380,1500,2.39982718102133,156.20541160196,266.868470533987,655.2,192.6,1.16980434119164,1.19880434119164,0.0108502824673837,2.39982718102133,156.20541160196,266.868470533987,1
231,12,583440,1560,2.40855541226709,156.518009097159,267.372669699053,654.8,192.2,1.16980434119164,1.19880434119164,0.010829552918175,2.40855541226709,156.518009097159,267.372669699053,1
232,12,583500,1620,2.42142955335459,156.49009713227,266.863365710757,655.3,192.7,1.16980434119164,1.19880434119164,0.0108295529181752,2.42142955335459,156.49009713227,266.863365710757,1
233,12,583560,1680,2.43015778460035,156.526410072332,266.175470024111,656,193.4,1.16980434119164,1.19880434119164,0.0108295529181752,2.43015778460035,156.526410072332,266.175470024111,1
234,12,583620,1740,2.44325013146898,156.663704294165,266.021234764721,656.2,193.6,1.16980434119164,1.19880434119164,0.010829552918175,2.44325013146898,156.663704294165,266.021234764721,1
235,12,583680,1800,2.45612427255648,156.690984781927,265.730328260643,656.5,193.9,1.16980434119164,1.19880434119164,0.010829552918175,2.45612427255648,156.690984781927,265.730328260643,1
236,12,583740,1860,2.46921661942512,156.883419449943,264.894473149981,657.4,194.8,1.16980434119164,1.19880434119164,0.010829552918175,2.46921661942512,156.883419449943,264.894473149981,1
237,12,583800,1920,2.47772664488973,156.920135185127,264.606711728376,657.7,195.1,1.16980434119164,1.19880434119164,0.010829552918175,2.47772664488973,156.920135185127,264.606711728376,1
238,12,583860,1980,2.48645487613549,157.177184582481,265.192394860827,657.2,194.6,1.16980434119164,1.19880434119164,0.0108513734962894,2.48645487613549,157.177184582481,265.192394860827,1
239,12,583920,2040,2.49954722300413,157.093491332422,264.564497110807,657.8,195.2,1.16980434119164,1.19880434119164,0.0108513734962894,2.49954722300413,157.093491332422,264.564497110807,1
240,12,583980,2100,2.50805724846874,157.35093463068,264.65031154356,657.8,195.2,1.16980434119164,1.19880434119164,0.0108513734962894,2.50805724846874,157.35093463068,264.65031154356,1
241,12,584040,2160,2.52114959533738,157.32240875652,264.34080291884,658.1,195.5,1.16980434119164,1.19880434119164,0.0108731940744038,2.52114959533738,157.32240875652,264.34080291884,1
242,12,584100,2220,2.52987782658314,157.468931064611,263.689643688204,658.8,196.2,1.16980434119164,1.19880434119164,0.0108721030454981,2.52987782658314,157.468931064611,263.689643688204,1
243,12,584160,2280,2.54275196767063,157.496031320927,263.398677106976,659.1,196.5,1.16980434119164,1.19880434119164,0.0108721030454981,2.54275196767063,157.496031320927,263.398677106976,1
244,12,584220,2340,2.55148019891639,157.587329552478,263.429109850826,659.1,196.5,1.16980434119164,1.19880434119164,0.010873194074404,2.55148019891639,157.587329552478,263.429109850826,1
245,12,584280,2400,2.56871845562676,157.825501251365,263.408500417122,659.2,196.6,1.16980434119164,1.19880434119164,0.010873194074404,2.56871845562676,157.825501251365,263.408500417122,1
246,12,584340,2460,2.57744668687252,157.861582571165,263.220527523722,659.4,196.8,1.16980434119164,1.19880434119164,0.0108950146525182,2.57744668687252,157.861582571165,263.220527523722,1
247,12,584400,2520,2.59053903374116,158.053549798608,262.984516599536,659.7,197.1,1.16980434119164,1.19880434119164,0.0108950146525182,2.59053903374116,158.053549798608,262.984516599536,1
248,12,584460,2580,2.59904905920578,158.090071590425,262.296690530142,660.4,197.8,1.16980434119164,1.19880434119164,0.0108731940744038,2.59904905920578,158.090071590425,262.296690530142,1
249,12,584520,2640,2.61214140607441,158.171686277634,262.323895425878,660.4,197.8,1.16980434119164,1.19880434119164,0.010873194074404,2.61214140607441,158.171686277634,262.323895425878,1
250,12,584580,2700,2.62065143153903,158.153052923103,262.717684307701,660,197.4,1.16980434119164,1.19880434119164,0.0108731940744038,2.62065143153903,158.153052923103,262.717684307701,1
251,12,584640,2760,2.63374377840767,158.344870431208,261.781623477069,661,198.4,1.16980434119164,1.19880434119164,0.0108731940744036,2.63374377840767,158.344870431208,261.781623477069,1
252,12,584700,2820,2.64247200965342,158.38085564404,261.893618548013,660.9,198.3,1.16980434119164,1.19880434119164,0.010873194074404,2.64247200965342,158.38085564404,261.893618548013,1
253,12,584760,2880,2.65098203511804,158.472420786826,261.624140262275,661.2,198.6,1.16980434119164,1.19880434119164,0.0108939236236125,2.65098203511804,158.472420786826,261.624140262275,1
254,12,584820,2940,2.66407438198668,158.6090138478,260.9696712826,661.9,199.3,1.16980434119164,1.19880434119164,0.0109801149071642,2.66407438198668,158.6090138478,260.9696712826,1
255,12,584880,3000,2.67716672885532,158.965948314546,260.388649438182,662.6,200,1.16980434119164,1.19880434119164,0.0110673972196218,2.67716672885532,158.965948314546,260.388649438182,1
256,12,584940,3060,2.69004086994281,158.662189587698,260.587396529233,662.3,199.7,1.16980434119164,1.19880434119164,0.0110248470922985,2.69004086994281,158.662189587698,260.587396529233,1
257,12,585000,3120,2.69876910118857,158.257429482397,260.552476494132,662.2,199.6,1.16980434119164,1.19880434119164,0.0109168352306324,2.69876910118857,158.257429482397,260.552476494132,1
258,12,585060,3180,2.71164324227606,158.89012753603,259.763375845343,663.2,200.6,1.16980434119164,1.19880434119164,0.0108295529181752,2.71164324227606,158.89012753603,259.763375845343,1
259,12,585120,3240,2.72037147352182,159.091220442692,259.730406814231,663.3,200.7,1.16980434119164,1.19880434119164,0.0108077323400608,2.72037147352182,159.091220442692,259.730406814231,1
260,12,585180,3300,2.73346382039046,159.117462692864,259.739154230955,663.3,200.7,1.16980434119164,1.19880434119164,0.0108295529181748,2.73346382039046,159.117462692864,259.739154230955,1
261,12,585240,3360,2.74197384585507,159.318962471164,259.506320823721,663.6,201,1.16980434119164,1.19880434119164,0.0108077323400606,2.74197384585507,159.318962471164,259.506320823721,1
262,12,585300,3420,2.75506619272371,159.290103063826,259.296701021275,663.8,201.2,1.16980434119164,1.19880434119164,0.0107859117619464,2.75506619272371,159.290103063826,259.296701021275,1
263,12,585360,3480,2.76379442396947,159.436005741391,258.84533524713,664.3,201.7,1.16980434119164,1.19880434119164,0.0107859117619462,2.76379442396947,159.436005741391,258.84533524713,1
264,12,585420,3540,2.78103268067984,159.397978244928,258.632659414976,664.5,201.9,1.16980434119164,1.19880434119164,0.0108077323400604,2.78103268067984,159.397978244928,258.632659414976,1
265,12,585480,3600,2.7897609119256,159.708920180256,258.736306726752,664.5,201.9,1.16980434119164,1.19880434119164,0.0108077323400606,2.7897609119256,159.708920180256,258.736306726752,1
266,12,585540,3660,2.79827093739021,159.635090296555,258.711696765518,664.5,201.9,1.16980434119164,1.19880434119164,0.0107859117619464,2.79827093739021,159.635090296555,258.711696765518,1
267,12,585600,3720,2.81136328425885,159.716212589969,258.03873752999,665.2,202.6,1.16980434119164,1.19880434119164,0.0107859117619462,2.81136328425885,159.716212589969,258.03873752999,1
268,12,585660,3780,2.82009151550461,159.751939129291,258.05064637643,665.2,202.6,1.16980434119164,1.19880434119164,0.010785911761946,2.82009151550461,159.751939129291,258.05064637643,1
269,12,585720,3840,2.83296565659211,159.943513613461,257.91450453782,665.4,202.8,1.16980434119164,1.19880434119164,0.0107640911838316,2.83296565659211,159.943513613461,257.91450453782,1
270,12,585780,3900,2.84169388783787,160.03420654406,257.744735514687,665.6,203,1.16980434119164,1.19880434119164,0.0107640911838318,2.84169388783787,160.03420654406,257.744735514687,1
271,12,585840,3960,2.85456802892536,161.050628960172,257.383542986724,666.3,203.7,1.16980434119164,1.19880434119164,0.0107651822127375,2.85456802892536,161.050628960172,257.383542986724,1
272,12,585900,4020,2.86329626017112,159.766416229854,257.155472076618,666.1,203.5,1.16980434119164,1.19880434119164,0.0107433616346233,2.86329626017112,159.766416229854,257.155472076618,1
273,12,585960,4080,2.87638860703975,160.177329953201,257.392443317734,666,203.4,1.16980434119164,1.19880434119164,0.0107422706057176,2.87638860703975,160.177329953201,257.392443317734,1
274,12,586020,4140,2.89362686375013,160.304048575897,257.134682858632,666.3,203.7,1.16980434119164,1.19880434119164,0.0107433616346233,2.89362686375013,160.304048575897,257.134682858632,1
275,12,586080,4200,2.90235509499589,160.284690381431,256.628230127144,666.8,204.2,1.16980434119164,1.19880434119164,0.0106997204783945,2.90235509499589,160.284690381431,256.628230127144,1
276,12,586140,4260,2.91108332624165,160.375260275346,256.258420091782,667.2,204.6,1.16980434119164,1.19880434119164,0.0106986294494886,2.91108332624165,160.375260275346,256.258420091782,1
277,12,586200,4320,2.92395746732914,160.45660587362,255.785535291206,667.7,205.1,1.16980434119164,1.19880434119164,0.0107204500276028,2.92395746732914,160.45660587362,255.785535291206,1
278,12,586260,4380,2.9326856985749,160.547131543506,255.515710514502,668,205.4,1.16980434119164,1.19880434119164,0.0107204500276028,2.9326856985749,160.547131543506,255.515710514502,1
279,12,586320,4440,2.94555983966239,160.683368055733,255.561122685244,668,205.4,1.16980434119164,1.19880434119164,0.0107215410565087,2.94555983966239,160.683368055733,255.561122685244,1
280,12,586380,4500,2.95428807090815,160.82878414545,255.10959471515,668.5,205.9,1.16980434119164,1.19880434119164,0.0106997204783943,2.95428807090815,160.82878414545,255.10959471515,1
281,12,586440,4560,2.96301630215391,160.919235943914,255.039745314638,668.6,206,1.16980434119164,1.19880434119164,0.0107204500276032,2.96301630215391,160.919235943914,255.039745314638,1
282,12,586500,4620,2.9758904432414,160.89058057063,254.530193523543,669.1,206.5,1.16980434119164,1.19880434119164,0.0107215410565089,2.9758904432414,160.89058057063,254.530193523543,1
283,12,586560,4680,2.98461867448716,160.926075613221,254.642025204407,669,206.4,1.16980434119164,1.19880434119164,0.0107215410565087,2.98461867448716,160.926075613221,254.642025204407,1
284,12,586620,4740,3.00185693119754,160.942609450519,254.247536483506,669.4,206.8,1.16980434119164,1.19880434119164,0.010720450027603,3.00185693119754,160.942609450519,254.247536483506,1
285,12,586680,4800,3.0105851624433,161.032987624622,254.977662541541,669.7,207.1,1.16980434119164,1.19880434119164,0.0106997204783943,3.0105851624433,161.032987624622,254.977662541541,1
286,12,586740,4860,3.02367750931193,161.22341812883,253.641139376277,670.1,207.5,1.16980434119164,1.19880434119164,0.0106997204783945,3.02367750931193,161.22341812883,253.641139376277,1
287,12,586800,4920,3.03218753477655,161.204437899793,253.734812633264,670,207.4,1.16980434119164,1.19880434119164,0.0106997204783945,3.03218753477655,161.204437899793,253.734812633264,1
288,12,586860,4980,3.04527988164518,161.394789838408,253.698263279469,670.1,207.5,1.16980434119164,1.19880434119164,0.0107215410565087,3.04527988164518,161.394789838408,253.698263279469,1
289,12,586920,5040,3.05400811289094,161.375303171903,253.191767723968,670.6,208,1.16980434119164,1.19880434119164,0.010720450027603,3.05400811289094,161.375303171903,253.191767723968,1
290,12,586980,5100,3.06688225397844,161.511187868392,253.237062622797,670.6,208,1.16980434119164,1.19880434119164,0.0106997204783943,3.06688225397844,161.511187868392,253.237062622797,1
291,12,587040,5160,3.0756104852242,161.49168637819,252.930562126063,670.9,208.3,1.16980434119164,1.19880434119164,0.0106997204783945,3.0756104852242,161.49168637819,252.930562126063,1
292,12,587100,5220,3.08848462631169,161.572648907432,253.057549635811,670.8,208.2,1.16980434119164,1.19880434119164,0.0106986294494889,3.08848462631169,161.572648907432,253.057549635811,1
293,12,587160,5280,3.09721285755745,161.607996207178,252.769332069059,671.1,208.5,1.16980434119164,1.19880434119164,0.0106778999002801,3.09721285755745,161.607996207178,252.769332069059,1
294,12,587220,5340,3.11466932004897,161.678661159277,252.092887053092,671.8,209.2,1.16980434119164,1.19880434119164,0.0106778999002801,3.11466932004897,161.678661159277,252.092887053092,1
295,12,587280,5400,3.12317934551358,161.769311062316,251.823103687439,672.1,209.5,1.16980434119164,1.19880434119164,0.0106560793221655,3.12317934551358,161.769311062316,251.823103687439,1
296,12,587340,5460,3.13627169238222,161.794843504473,251.931614501491,672,209.4,1.16980434119164,1.19880434119164,0.0106560793221655,3.13627169238222,161.794843504473,251.931614501491,1
297,12,587400,5520,3.14499992362798,161.994628961077,251.698209653692,672.3,209.7,1.16980434119164,1.19880434119164,0.0106768088713742,3.14499992362798,161.994628961077,251.698209653692,1
298,12,587460,5580,3.15350994909259,161.975557195712,251.791852398571,672.2,209.6,1.16980434119164,1.19880434119164,0.0106778999002797,3.15350994909259,161.975557195712,251.791852398571,1
299,12,587520,5640,3.16660229596123,162.165493576693,251.255164525564,672.8,210.2,1.16980434119164,1.19880434119164,0.0106778999002799,3.16660229596123,162.165493576693,251.255164525564,1
300,12,587580,5700,3.17533052720699,162.036284130007,251.512094710002,672.5,209.9,1.16980434119164,1.19880434119164,0.0106560793221657,3.17533052720699,162.036284130007,251.512094710002,1
301,12,587640,5760,3.1838405526716,162.181631621287,251.060543873762,673,210.4,1.16980434119164,1.19880434119164,0.0106353497729563,3.1838405526716,162.181631621287,251.060543873762,1
302,12,587700,5820,3.19693289954024,162.261857822229,250.887285940743,673.2,210.6,1.16980434119164,1.19880434119164,0.0106342587440504,3.19693289954024,162.261857822229,250.887285940743,1
303,12,587760,5880,3.20980704062773,162.342544507179,250.714181502393,673.4,210.8,1.16980434119164,1.19880434119164,0.0106560793221655,3.20980704062773,162.342544507179,250.714181502393,1
304,12,587820,5940,3.22289938749637,162.422711660396,250.140903886799,674,211.4,1.16980434119164,1.19880434119164,0.0106571703510714,3.22289938749637,162.422711660396,250.140903886799,1
305,12,587880,6000,3.23162761874213,162.512661676724,250.170887225575,674,211.4,1.16980434119164,1.19880434119164,0.0182301578469546,3.23162761874213,162.512661676724,250.170887225575,1
306,12,587890,6001,3.23162761874213,162.512661676724,250.270887225575,673.9,211.3,1.16980434119164,1.19880434119164,0.116010095390186,3.23162761874213,162.512661676724,250.270887225575,1
307,13,587891,0,3.23162761874213,162.457879099288,250.252626366429,673.9,211.3,1.16980434119164,1.19880434119164,0.639364759304331,3.23162761874213,162.457879099288,250.252626366429,1
308,13,587892,6,3.23577352858387,166.885758219789,249.628586073263,676,213.4,1.16980434119164,1.19880434119164,0.182301578469258,3.23577352858387,166.885758219789,249.628586073263,1
309,13,587898,12,3.2488658754525,171.182780402074,249.460926800691,677.6,215,1.16980434119164,1.19880434119164,0.106353497730148,3.2488658754525,171.182780402074,249.460926800691,1
310,13,587904,18,3.25759410669826,171.162369725135,248.954123241712,678.1,215.5,1.16980434119164,1.19880434119164,0.106342587440124,3.25759410669826,171.162369725135,248.954123241712,1
311,13,587910,24,3.26610413216288,170.211497302455,249.437165767485,677.3,214.7,1.16980434119164,1.19880434119164,0.106342587440124,3.26610413216288,170.211497302455,249.437165767485,1
312,13,587916,30,3.27919647903152,169.414428220389,249.471476073463,677,214.4,1.16980434119164,1.19880434119164,0.106353497729185,3.27919647903152,169.414428220389,249.471476073463,1
313,13,587922,36,3.28792471027727,168.846663656772,249.682221218924,676.6,214,1.16980434119164,1.19880434119164,0.106342587441096,3.28792471027727,168.846663656772,249.682221218924,1
314,13,587928,42,3.30079885136477,168.543139638457,249.881046546152,676.3,213.7,1.16980434119164,1.19880434119164,0.106124381659946,3.30079885136477,168.543139638457,249.881046546152,1
315,13,587934,48,3.30952708261053,168.249263873513,249.883087957837,676.2,213.6,1.16980434119164,1.19880434119164,0.105698880385751,3.30952708261053,168.249263873513,249.883087957837,1
316,13,587940,54,3.32240122369802,168.110067451984,249.736689150661,676.3,213.7,1.16980434119164,1.19880434119164,0.10613529194804,3.32240122369802,168.110067451984,249.736689150661,1
317,13,587946,60,3.33549357056666,167.860949157452,249.653649719151,676.3,213.7,1.16980434119164,1.19880434119164,0.106353497729183,3.33549357056666,167.860949157452,249.653649719151,1
318,13,587952,66,3.34422180181242,167.676663624133,249.992221208044,675.9,213.3,1.16980434119164,1.19880434119164,0.106124381659946,3.34422180181242,167.676663624133,249.992221208044,1
319,13,587958,72,3.35273182727703,167.547624240529,249.749208080176,676.1,213.5,1.16980434119164,1.19880434119164,0.106124381659948,3.35273182727703,167.547624240529,249.749208080176,1
320,13,587964,78,3.36582417414567,167.46276115373,249.720920384577,676.1,213.5,1.16980434119164,1.19880434119164,0.106342587440126,3.36582417414567,167.46276115373,249.720920384577,1
321,13,587970,84,3.37455240539143,167.497363439181,249.632454479727,676.2,213.6,1.16980434119164,1.19880434119164,0.106342587440122,3.37455240539143,167.497363439181,249.632454479727,1
322,13,587976,90,3.38306243085604,167.4230648796,249.8076882932,676,213.4,1.16980434119164,1.19880434119164,0.106353497729179,3.38306243085604,167.4230648796,249.8076882932,1
323,13,587982,96,3.39615477772468,167.447605245848,249.415868415283,676.4,213.8,1.16980434119164,1.19880434119164,0.106342587441091,3.39615477772468,167.447605245848,249.415868415283,1
324,13,587988,102,3.40488300897044,167.427500925309,249.409166975103,676.4,213.8,1.16980434119164,1.19880434119164,0.105687970097658,3.40488300897044,167.427500925309,249.409166975103,1
325,13,587994,108,3.41339303443505,167.35321953651,249.18440651217,676.6,214,1.16980434119164,1.19880434119164,0.10548067460461,3.41339303443505,167.35321953651,249.18440651217,1
326,13,588000,114,3.43084949692657,167.422360365515,249.207453455172,676.6,214,1.16980434119164,1.19880434119164,0.105906175877833,3.43084949692657,167.422360365515,249.207453455172,1
327,13,588006,120,3.43935952239119,167.238758906965,249.546252968988,676.2,213.6,1.16980434119164,1.19880434119164,0.106124381658981,3.43935952239119,167.238758906965,249.546252968988,1
328,13,588012,126,3.45245186925982,167.263274814113,249.054424938038,676.7,214.1,1.16980434119164,1.19880434119164,0.106135291949007,3.45245186925982,167.263274814113,249.054424938038,1
329,13,588018,132,3.46118010050558,167.133870188752,249.011290062917,676.7,214.1,1.16980434119164,1.19880434119164,0.10591708616786,3.46118010050558,167.133870188752,249.011290062917,1
330,13,588024,138,3.4696901259702,167.278226345308,248.559408781769,677.2,214.6,1.16980434119164,1.19880434119164,0.105917086166897,3.4696901259702,167.278226345308,248.559408781769,1
331,13,588030,144,3.48278247283884,167.193429471023,248.431143157008,677.3,214.7,1.16980434119164,1.19880434119164,0.106342587440124,3.48278247283884,167.193429471023,248.431143157008,1
332,13,588036,150,3.49151070408459,167.337236448451,248.57907881615,677.2,214.6,1.16980434119164,1.19880434119164,0.106342587440124,3.49151070408459,167.337236448451,248.57907881615,1
333,13,588042,156,3.50438484517209,167.307567999021,248.569189333007,677.2,214.6,1.16980434119164,1.19880434119164,0.106135291949003,3.50438484517209,167.307567999021,248.569189333007,1
334,13,588048,162,3.51311307641785,167.287453796018,247.862484598673,677.9,215.3,1.16980434119164,1.19880434119164,0.10591708616786,3.51311307641785,167.287453796018,247.862484598673,1
335,13,588054,168,3.52620542328649,167.31189830236,248.470632767453,677.3,214.7,1.16980434119164,1.19880434119164,0.10613529194804,3.52620542328649,167.31189830236,248.470632767453,1
336,13,588060,174,3.53907956437398,167.227614042083,248.042538014028,677.7,215.1,1.16980434119164,1.19880434119164,0.106342587440124,3.53907956437398,167.227614042083,248.042538014028,1
337,13,588066,180,3.54780779561974,167.316707001674,247.872235667225,677.9,215.3,1.16980434119164,1.19880434119164,0.106124381658981,3.54780779561974,167.316707001674,247.872235667225,1
338,13,588072,186,3.56068193670723,167.287023975609,247.462341325203,678.3,215.7,1.16980434119164,1.19880434119164,0.105917086167858,3.56068193670723,167.287023975609,247.462341325203,1
339,13,588078,192,3.56941016795299,167.376082593635,247.492027531212,678.3,215.7,1.16980434119164,1.19880434119164,0.105906175878801,3.56941016795299,167.376082593635,247.492027531212,1
340,13,588084,198,3.57813839919875,167.355948625703,247.485316208568,678.3,215.7,1.16980434119164,1.19880434119164,0.106124381658981,3.57813839919875,167.355948625703,247.485316208568,1
341,13,588090,204,3.59101254028624,167.435409267397,246.811803089132,679,216.4,1.16980434119164,1.19880434119164,0.10613529194804,3.59101254028624,167.435409267397,246.811803089132,1
342,13,588096,210,3.599740771532,167.360691236035,247.186897078678,678.6,216,1.16980434119164,1.19880434119164,0.10613529194804,3.599740771532,167.360691236035,247.186897078678,1
343,13,588102,216,3.60846900277776,167.395121566603,246.698373855534,679.1,216.5,1.16980434119164,1.19880434119164,0.106135291949003,3.60846900277776,167.395121566603,246.698373855534,1
344,13,588108,222,3.62134314386525,167.365409387267,246.788469795756,679,216.4,1.16980434119164,1.19880434119164,0.105906175878801,3.62134314386525,167.365409387267,246.788469795756,1
345,13,588114,228,3.63007137511101,167.399822547053,246.599940849018,679.2,216.6,1.16980434119164,1.19880434119164,0.105906175877838,3.63007137511101,167.399822547053,246.599940849018,1
346,13,588120,234,3.64730963182138,167.360028683586,246.686676227862,679.1,216.5,1.16980434119164,1.19880434119164,0.105917086166897,3.64730963182138,167.360028683586,246.686676227862,1
347,13,588126,240,3.65603786306714,167.44896451199,246.816321503997,679,216.4,1.16980434119164,1.19880434119164,0.105687970096697,3.65603786306714,167.44896451199,246.816321503997,1
348,13,588132,246,3.66913020993578,167.473261399018,246.624420466339,679.2,216.6,1.16980434119164,1.19880434119164,0.105906175878801,3.66913020993578,167.473261399018,246.624420466339,1
349,13,588138,252,3.6776402354004,167.508131954542,246.136043984847,679.7,217.1,1.16980434119164,1.19880434119164,0.105917086167856,3.6776402354004,167.508131954542,246.136043984847,1
350,13,588144,258,3.68636846664616,167.542488537218,246.147496179073,679.7,217.1,1.16980434119164,1.19880434119164,0.105906175877838,3.68636846664616,167.542488537218,246.147496179073,1
351,13,588150,264,3.69509669789191,167.57683523743,246.058945079143,679.8,217.2,1.16980434119164,1.19880434119164,0.106124381658981,3.69509669789191,167.57683523743,246.058945079143,1
352,13,588156,270,3.70797083897941,167.492559130187,245.730853043396,680.1,217.5,1.16980434119164,1.19880434119164,0.106124381658981,3.70797083897941,167.492559130187,245.730853043396,1
353,13,588162,276,3.71669907022517,167.581401569302,245.560467189767,680.3,217.7,1.16980434119164,1.19880434119164,0.105906175878803,3.71669907022517,167.581401569302,245.560467189767,1
354,13,588168,282,3.72979141709381,167.496625942315,245.532208647438,680.3,217.7,1.16980434119164,1.19880434119164,0.10548067460557,3.72979141709381,167.496625942315,245.532208647438,1
355,13,588174,288,3.73830144255842,167.640439180976,245.580146393659,680.3,217.7,1.16980434119164,1.19880434119164,0.105687970096697,3.73830144255842,167.640439180976,245.580146393659,1
356,13,588180,294,3.75575790504994,167.600052655536,244.966684218512,680.9,218.3,1.16980434119164,1.19880434119164,0.106549882932213,3.75575790504994,167.600052655536,244.966684218512,1
357,13,588186,300,3.76426793051455,167.743807340595,245.014602446865,680.9,218.3,1.16980434119164,1.19880434119164,0.107640911837927,3.76426793051455,167.743807340595,245.014602446865,1
358,13,588192,306,3.77299616176031,167.723599254178,244.50786641806,681.4,218.8,1.16980434119164,1.19880434119164,0.108088233690255,3.77299616176031,167.723599254178,244.50786641806,1
359,13,588198,312,3.78608850862895,167.802224495866,244.534074831955,681.4,218.8,1.16980434119164,1.19880434119164,0.107226320854733,3.78608850862895,167.802224495866,244.534074831955,1
360,13,588204,318,3.79459853409356,167.728048108252,244.209349369417,681.7,219.1,1.16980434119164,1.19880434119164,0.106560793221267,3.79459853409356,167.728048108252,244.209349369417,1
361,13,588210,324,3.8076908809622,167.697728566779,244.299242855593,681.6,219,1.16980434119164,1.19880434119164,0.106778999002411,3.8076908809622,167.697728566779,244.299242855593,1
362,13,588216,330,3.81641911220796,167.786418568879,244.328806189626,681.6,219,1.16980434119164,1.19880434119164,0.106789909291467,3.81641911220796,167.786418568879,244.328806189626,1
363,13,588222,336,3.82929325329545,167.756589776462,243.818863258821,682.1,219.5,1.16980434119164,1.19880434119164,0.106778999003382,3.82929325329545,167.756589776462,243.818863258821,1
364,13,588228,342,3.83802148454121,167.845245436996,243.648415145666,682.3,219.7,1.16980434119164,1.19880434119164,0.106778999003382,3.83802148454121,167.845245436996,243.648415145666,1
365,13,588234,348,3.84674971578697,167.825012644419,243.541670881473,682.4,219.8,1.16980434119164,1.19880434119164,0.106560793221267,3.84674971578697,167.825012644419,243.541670881473,1
366,13,588240,354,3.86398797249734,167.893902049394,243.864634016465,682.1,219.5,1.16980434119164,1.19880434119164,0.106560793221267,3.86398797249734,167.893902049394,243.864634016465,1
367,13,588246,360,3.8727162037431,167.873659374351,243.157886458117,682.8,220.2,1.16980434119164,1.19880434119164,0.106778999002413,3.8727162037431,167.873659374351,243.157886458117,1
368,13,588252,366,3.88122622920772,167.962752418634,243.387584139545,682.6,220,1.16980434119164,1.19880434119164,0.10698629449547,3.88122622920772,167.962752418634,243.387584139545,1
369,13,588258,372,3.89431857607635,167.932373582374,243.177457860791,682.8,220.2,1.16980434119164,1.19880434119164,0.10721541056567,3.89431857607635,167.932373582374,243.177457860791,1
370,13,588264,378,3.90719271716385,167.902501060051,242.86750035335,683.1,220.5,1.16980434119164,1.19880434119164,0.107215410564699,3.90719271716385,167.902501060051,242.86750035335,1
371,13,588270,384,3.91592094840961,167.93664368737,242.878881229123,683.1,220.5,1.16980434119164,1.19880434119164,0.107204500275642,3.91592094840961,167.93664368737,242.878881229123,1
372,13,588276,390,3.92901329527825,167.960645212239,242.786881737413,683.2,220.6,1.16980434119164,1.19880434119164,0.10743361634584,3.92901329527825,167.960645212239,242.786881737413,1
373,13,588282,396,3.93752332074286,168.04965524382,242.51655174794,683.5,220.9,1.16980434119164,1.19880434119164,0.107215410565674,3.93752332074286,168.04965524382,242.51655174794,1
374,13,588288,402,3.94625155198862,168.083760935428,242.827920311809,683.2,220.6,1.16980434119164,1.19880434119164,0.107204500276617,3.94625155198862,168.083760935428,242.827920311809,1
375,13,588294,408,3.95934389885726,168.053345039925,242.317781679975,683.7,221.1,1.16980434119164,1.19880434119164,0.107640911837922,3.95934389885726,168.053345039925,242.317781679975,1
376,13,588300,414,3.97221803994475,168.132162703771,242.14405423459,683.9,221.3,1.16980434119164,1.19880434119164,0.107422706056781,3.97221803994475,168.132162703771,242.14405423459,1
377,13,588306,420,3.98531038681339,168.047376082542,242.315792027514,683.7,221.1,1.16980434119164,1.19880434119164,0.107433616345844,3.98531038681339,168.047376082542,242.315792027514,1
378,13,588312,426,3.99403861805915,168.135795799236,242.345265266412,683.7,221.1,1.16980434119164,1.19880434119164,0.107651822127964,3.99403861805915,168.135795799236,242.345265266412,1
379,13,588318,432,4.00254864352376,168.007318727864,242.302439575955,683.7,221.1,1.16980434119164,1.19880434119164,0.107640911838906,4.00254864352376,168.007318727864,242.302439575955,1
380,13,588324,438,4.0156409903924,168.194250345503,242.364750115168,683.7,221.1,1.16980434119164,1.19880434119164,0.107870027908124,4.0156409903924,168.194250345503,242.364750115168,1
381,13,588330,444,4.02851513147989,168.164304940005,241.854768313335,684.2,221.6,1.16980434119164,1.19880434119164,0.107870027908124,4.02851513147989,168.164304940005,241.854768313335,1
382,13,588336,450,4.03724336272565,168.25265597357,241.884218657857,684.2,221.6,1.16980434119164,1.19880434119164,0.10785911761907,4.03724336272565,168.25265597357,241.884218657857,1
383,13,588342,456,4.04597159397141,168.232344121276,241.277448040425,684.8,222.2,1.16980434119164,1.19880434119164,0.107651822127962,4.04597159397141,168.232344121276,241.277448040425,1
384,13,588348,462,4.0588457350589,168.25669841129,241.385566137097,684.7,222.1,1.16980434119164,1.19880434119164,0.107651822127967,4.0588457350589,168.25669841129,241.385566137097,1
385,13,588354,468,4.07630219755042,168.161760434554,240.953920144851,685.1,222.5,1.16980434119164,1.19880434119164,0.107640911837929,4.07630219755042,168.161760434554,240.953920144851,1
386,13,588360,474,4.08481222301504,168.250555522531,240.58351850751,685.5,222.9,1.16980434119164,1.19880434119164,0.107204500275638,4.08481222301504,168.250555522531,240.58351850751,1
387,13,588366,480,4.0935404542608,168.284528418522,240.894842806174,685.2,222.6,1.16980434119164,1.19880434119164,0.107422706056783,4.0935404542608,168.284528418522,240.894842806174,1
388,13,588372,486,4.10226868550656,168.264201742531,240.58806724751,685.5,222.9,1.16980434119164,1.19880434119164,0.107859117620051,4.10226868550656,168.264201742531,240.58806724751,1
389,13,588378,492,4.11514282659405,168.397067099043,240.532355699681,685.6,223,1.16980434119164,1.19880434119164,0.107859117620046,4.11514282659405,168.397067099043,240.532355699681,1
390,13,588384,498,4.12823517346269,168.31227986016,240.60409328672,685.5,222.9,1.16980434119164,1.19880434119164,0.107859117619065,4.12823517346269,168.31227986016,240.60409328672,1
391,13,588390,504,4.13696340470844,168.454753446062,240.351584482021,685.8,223.2,1.16980434119164,1.19880434119164,0.10785911761907,4.13696340470844,168.454753446062,240.351584482021,1
392,13,588396,510,4.14983754579594,168.370472397586,239.723490799195,686.4,223.8,1.16980434119164,1.19880434119164,0.107859117619074,4.14983754579594,168.370472397586,239.723490799195,1
393,13,588402,516,4.1585657770417,168.458641593804,239.952880531268,686.2,223.6,1.16980434119164,1.19880434119164,0.107859117620051,4.1585657770417,168.458641593804,239.952880531268,1
394,13,588408,522,4.17143991812919,168.320114956309,239.606704985436,686.5,223.9,1.16980434119164,1.19880434119164,0.107859117620046,4.17143991812919,168.320114956309,239.606704985436,1
395,13,588414,528,4.18453226499783,168.398081531735,239.832693843912,686.3,223.7,1.16980434119164,1.19880434119164,0.10785911761907,4.18453226499783,168.398081531735,239.832693843912,1
396,13,588420,534,4.19326049624359,168.377725208351,239.725908402784,686.4,223.8,1.16980434119164,1.19880434119164,0.107859117619074,4.19326049624359,168.377725208351,239.725908402784,1
397,13,588426,540,4.2017705217082,168.41211115252,239.637370384173,686.5,223.9,1.16980434119164,1.19880434119164,0.107859117619074,4.2017705217082,168.41211115252,239.637370384173,1
398,13,588432,546,4.21486286857684,168.490021150837,239.463340383612,686.7,224.1,1.16980434119164,1.19880434119164,0.107859117620051,4.21486286857684,168.490021150837,239.463340383612,1
399,13,588438,552,4.2235910998226,168.523871010144,239.474623670048,686.7,224.1,1.16980434119164,1.19880434119164,0.107859117620051,4.2235910998226,168.523871010144,239.474623670048,1
400,13,588444,558,4.23646524091009,168.548029997953,239.282676665984,686.9,224.3,1.16980434119164,1.19880434119164,0.10785911761907,4.23646524091009,168.548029997953,239.282676665984,1
401,13,588450,564,4.24519347215585,168.581857745246,238.893952581749,687.3,224.7,1.16980434119164,1.19880434119164,0.10807732340022,4.24519347215585,168.581857745246,238.893952581749,1
402,13,588456,570,4.25806761324335,168.551788438348,238.883929479449,687.3,224.7,1.16980434119164,1.19880434119164,0.10807732340022,4.25806761324335,168.551788438348,238.883929479449,1
403,13,588462,576,4.2667958444891,168.585599014859,238.89519967162,687.3,224.7,1.16980434119164,1.19880434119164,0.107859117620051,4.2667958444891,168.585599014859,238.89519967162,1
404,13,588468,582,4.27552407573486,168.511016496792,238.770338832264,687.4,224.8,1.16980434119164,1.19880434119164,0.107859117620051,4.27552407573486,168.511016496792,238.770338832264,1
405,13,588474,588,4.29276233244524,168.687481592997,238.629160530999,687.6,225,1.16980434119164,1.19880434119164,0.107859117619074,4.29276233244524,168.687481592997,238.629160530999,1
406,13,588480,594,4.301490563691,168.6128989514,238.404299650467,687.8,225.2,1.16980434119164,1.19880434119164,0.107422706056783,4.301490563691,168.6128989514,238.404299650467,1
407,13,588486,600,4.31458291055963,168.744806241814,238.148268747271,688.1,225.5,1.16980434119164,1.19880434119164,0.107422706056779,4.31458291055963,168.744806241814,238.148268747271,1
408,13,588492,601,4.31458291055963,168.744806241814,237.948268747271,688.3,225.7,1.16980434119164,1.19880434119164,0.143812156826298,4.31458291055963,168.744806241814,237.948268747271,1
409,14,588495,0,4.31458291055963,168.040602819264,238.313534273088,687.7,225.1,1.16980434119164,1.19880434119164,0.107640911838903,4.31458291055963,168.040602819264,238.313534273088,1
410,14,588504,12,4.32309293602425,165.908337844374,238.202779281458,687.1,224.5,1.16980434119164,1.19880434119164,0.0615090924789763,4.32309293602425,165.908337844374,238.202779281458,1
411,14,588516,24,4.33618528289289,166.419672478158,237.573224159386,687.9,225.3,1.16980434119164,1.19880434119164,0.0538204559192091,4.33618528289289,166.419672478158,237.573224159386,1
412,14,588528,36,4.34491351413864,166.778530654562,237.192843551521,688.4,225.8,1.16980434119164,1.19880434119164,0.0537113530286359,4.34491351413864,166.778530654562,237.192843551521,1
413,14,588540,48,4.35778765522614,167.07354291853,236.991180972843,688.7,226.1,1.16980434119164,1.19880434119164,0.0537113530283939,4.35778765522614,167.07354291853,236.991180972843,1
414,14,588552,60,4.3665158864719,167.161550783515,236.720516927838,689,226.4,1.16980434119164,1.19880434119164,0.0537113530286337,4.3665158864719,167.161550783515,236.720516927838,1
415,14,588564,72,4.37502591193651,167.250046185755,236.250015395252,689.5,226.9,1.16980434119164,1.19880434119164,0.0537113530286337,4.37502591193651,167.250046185755,236.250015395252,1
416,14,588576,84,4.38811825880515,167.436119511349,236.112039837116,689.7,227.1,1.16980434119164,1.19880434119164,0.053602250138065,4.38811825880515,167.436119511349,236.112039837116,1
417,14,588588,96,4.40535651551552,167.558357918748,236.252785972916,689.6,227,1.16980434119164,1.19880434119164,0.053602250138065,4.40535651551552,167.558357918748,236.252785972916,1
418,14,588600,108,4.41408474676128,167.646257570746,235.982085856915,689.9,227.3,1.16980434119164,1.19880434119164,0.0538204559189644,4.41408474676128,167.646257570746,235.982085856915,1
419,14,588612,120,4.42717709362992,167.723964237355,235.607988079118,690.3,227.7,1.16980434119164,1.19880434119164,0.0538204559192069,4.42717709362992,167.723964237355,235.607988079118,1
420,14,588624,132,4.43568711909453,167.812328326347,235.937442775449,690,227.4,1.16980434119164,1.19880434119164,0.0536077052825922,4.43568711909453,167.812328326347,235.937442775449,1
421,14,588636,144,4.44877946596317,167.78179384127,235.627264613757,690.3,227.7,1.16980434119164,1.19880434119164,0.0536077052825922,4.44877946596317,167.78179384127,235.627264613757,1
422,14,588648,156,4.45750769720893,167.81552609925,235.53850869975,690.4,227.8,1.16980434119164,1.19880434119164,0.0536022501380628,4.45750769720893,167.81552609925,235.53850869975,1
423,14,588660,168,4.46601772267354,167.849757629911,235.44991920997,690.5,227.9,1.16980434119164,1.19880434119164,0.0536077052823484,4.46601772267354,167.849757629911,235.44991920997,1
424,14,588672,180,4.47911006954218,167.873284672952,235.457761557651,690.5,227.9,1.16980434119164,1.19880434119164,0.0537168081731654,4.47911006954218,167.873284672952,235.457761557651,1
425,14,588684,192,4.49198421062968,167.951375357999,235.183791786,690.8,228.2,1.16980434119164,1.19880434119164,0.053602250138065,4.49198421062968,167.951375357999,235.183791786,1
426,14,588696,204,4.50071244187544,167.985058450718,235.095019483573,690.9,228.3,1.16980434119164,1.19880434119164,0.0534986023920212,4.50071244187544,167.985058450718,235.095019483573,1
427,14,588708,216,4.51816890436695,168.106449228561,234.735483076187,691.3,228.7,1.16980434119164,1.19880434119164,0.0534986023920212,4.51816890436695,168.106449228561,234.735483076187,1
428,14,588720,228,4.52667892983157,168.086558453947,234.828852817982,691.2,228.6,1.16980434119164,1.19880434119164,0.053602250137819,4.52667892983157,168.086558453947,234.828852817982,1
429,14,588732,240,4.53977127670021,168.001915251986,234.700638417329,691.3,228.7,1.16980434119164,1.19880434119164,0.0538204559192047,4.53977127670021,168.001915251986,234.700638417329,1
430,14,588744,252,4.54849950794596,168.089593536778,234.429864512259,691.6,229,1.16980434119164,1.19880434119164,0.0538204559192069,4.54849950794596,168.089593536778,234.429864512259,1
431,14,588756,264,4.56137364903346,168.05949507661,234.319831692203,691.7,229.1,1.16980434119164,1.19880434119164,0.0536077052825944,4.56137364903346,168.05949507661,234.319831692203,1
432,14,588768,276,4.57010188027922,168.147139019838,233.949046339946,692.1,229.5,1.16980434119164,1.19880434119164,0.0534986023920212,4.57010188027922,168.147139019838,233.949046339946,1
433,14,588780,288,4.57883011152498,168.072703503431,234.024234501144,692,229.4,1.16980434119164,1.19880434119164,0.0536022501378212,4.57883011152498,168.072703503431,234.024234501144,1
434,14,588792,300,4.59170425261247,168.258648194616,234.186216064872,691.9,229.3,1.16980434119164,1.19880434119164,0.0536077052825922,4.59170425261247,168.258648194616,234.186216064872,1
435,14,588804,312,4.60043248385823,168.238217752748,233.879405917583,692.2,229.6,1.16980434119164,1.19880434119164,0.053389499501448,4.60043248385823,168.238217752748,233.879405917583,1
436,14,588816,324,4.60894250932284,168.326303773894,233.808767924632,692.3,229.7,1.16980434119164,1.19880434119164,0.0532803966108771,4.60894250932284,168.326303773894,233.808767924632,1
437,14,588828,336,4.62639897181436,168.285423125228,233.195141041743,692.9,230.3,1.16980434119164,1.19880434119164,0.0534986023920212,4.62639897181436,168.285423125228,233.195141041743,1
438,14,588840,348,4.63927311290185,168.255273646837,233.185091215612,692.9,230.3,1.16980434119164,1.19880434119164,0.0537113530283917,4.63927311290185,168.255273646837,233.185091215612,1
439,14,588852,360,4.64800134414761,168.342794800443,233.014264933481,693.1,230.5,1.16980434119164,1.19880434119164,0.0537168081731632,4.64800134414761,168.342794800443,233.014264933481,1
440,14,588864,372,4.65672957539337,168.322344593646,233.407448197882,692.7,230.1,1.16980434119164,1.19880434119164,0.0536077052825922,4.65672957539337,168.322344593646,233.407448197882,1
441,14,588876,384,4.66960371648087,168.400117557459,232.933372519153,693.2,230.6,1.16980434119164,1.19880434119164,0.053602250138065,4.66960371648087,168.400117557459,232.933372519153,1
442,14,588888,396,4.67833194772662,168.487584604572,232.862528201524,693.3,230.7,1.16980434119164,1.19880434119164,0.0536077052825922,4.67833194772662,168.487584604572,232.862528201524,1
443,14,588900,408,4.68706017897238,168.5210732598,232.3736910866,693.8,231.2,1.16980434119164,1.19880434119164,0.0536077052823484,4.68706017897238,168.5210732598,232.3736910866,1
444,14,588912,420,4.69993432005988,168.490872763186,232.563624254395,693.6,231,1.16980434119164,1.19880434119164,0.0536077052825922,4.69993432005988,168.490872763186,232.563624254395,1
445,14,588924,432,4.70866255130563,168.524344247633,232.374781415878,693.8,231.2,1.16980434119164,1.19880434119164,0.053498602392019,4.70866255130563,168.524344247633,232.374781415878,1
446,14,588936,444,4.72590080801601,168.483896535605,232.661298845202,693.5,230.9,1.16980434119164,1.19880434119164,0.0536022501380628,4.72590080801601,168.483896535605,232.661298845202,1
447,14,588948,456,4.73462903926177,168.463416681414,232.854472227138,693.3,230.7,1.16980434119164,1.19880434119164,0.0538259110637363,4.73462903926177,168.463416681414,232.854472227138,1
448,14,588960,468,4.74772138613041,168.486621185518,232.162207061839,694,231.4,1.16980434119164,1.19880434119164,0.0538259110634938,4.74772138613041,168.486621185518,232.162207061839,1
449,14,588972,480,4.75623141159502,168.52056797767,232.173522659223,694,231.4,1.16980434119164,1.19880434119164,0.0538204559192069,4.75623141159502,168.52056797767,232.173522659223,1
450,14,588984,492,4.76495964284078,168.661821820386,232.520607273462,693.7,231.1,1.16980434119164,1.19880434119164,0.0538204559192069,4.76495964284078,168.661821820386,232.520607273462,1
451,14,588996,504,4.77805198970942,168.631064979857,232.210354993286,694,231.4,1.16980434119164,1.19880434119164,0.0537113530286359,4.77805198970942,168.631064979857,232.210354993286,1
452,14,589008,516,4.78656201517403,168.611073033514,231.903691011171,694.3,231.7,1.16980434119164,1.19880434119164,0.0537168081731632,4.78656201517403,168.611073033514,231.903691011171,1
453,14,589020,528,4.79529024641979,168.698363184511,231.83278772817,694.4,231.8,1.16980434119164,1.19880434119164,0.0537168081729211,4.79529024641979,168.698363184511,231.83278772817,1
454,14,589032,540,4.80838259328843,168.667591520286,231.422530506762,694.8,232.2,1.16980434119164,1.19880434119164,0.0538204559192091,4.80838259328843,168.667591520286,231.422530506762,1
455,14,589044,552,4.81689261875304,168.701475064664,231.133825021555,695.1,232.5,1.16980434119164,1.19880434119164,0.0537168081731654,4.81689261875304,168.701475064664,231.133825021555,1
456,14,589056,564,4.8256208499988,168.680955680615,230.726985226872,695.5,232.9,1.16980434119164,1.19880434119164,0.0536077052825922,4.8256208499988,168.680955680615,230.726985226872,1
457,14,589068,576,4.84285910670917,168.748170749036,231.349390249679,694.9,232.3,1.16980434119164,1.19880434119164,0.0537113530286359,4.84285910670917,168.748170749036,231.349390249679,1
458,14,589080,588,4.85158733795493,168.673775997795,231.424591999265,694.8,232.2,1.16980434119164,1.19880434119164,0.0539295588095349,4.85158733795493,168.673775997795,231.424591999265,1
459,14,589092,600,4.86031556920069,168.868693846493,231.189564615498,695.1,232.5,1.16980434119164,1.19880434119164,0.0544696181181121,4.86031556920069,168.868693846493,231.189564615498,1
460,14,589104,612,4.87318971028819,168.838391313432,230.879463771144,695.4,232.8,1.16980434119164,1.19880434119164,0.0545787210086853,4.87318971028819,168.838391313432,230.879463771144,1
461,14,589116,624,4.88191794153394,168.925543851111,230.808514617037,695.5,232.9,1.16980434119164,1.19880434119164,0.0540386617003533,4.88191794153394,168.925543851111,230.808514617037,1
462,14,589128,636,4.8906461727797,168.851146505724,230.683715501908,695.6,233,1.16980434119164,1.19880434119164,0.0537113530286359,4.8906461727797,168.851146505724,230.683715501908,1
463,14,589140,648,4.9035203138672,168.87467276874,230.69155758958,695.6,233,1.16980434119164,1.19880434119164,0.0537113530283917,4.9035203138672,168.87467276874,230.69155758958,1
464,14,589152,660,4.91224854511296,168.854118796065,230.384706265355,695.9,233.3,1.16980434119164,1.19880434119164,0.0537113530286382,4.91224854511296,168.854118796065,230.384706265355,1
465,14,589164,672,4.92097677635871,168.88739102532,230.19579700844,696.1,233.5,1.16980434119164,1.19880434119164,0.0538259110637363,4.92097677635871,168.88739102532,230.19579700844,1
466,14,589176,684,4.93385091744621,168.964704454532,230.121568151511,696.2,233.6,1.16980434119164,1.19880434119164,0.0538259110637341,4.93385091744621,168.964704454532,230.121568151511,1
467,14,589188,696,4.94694326431484,168.933851259975,230.111283753325,696.2,233.6,1.16980434119164,1.19880434119164,0.053498602392019,4.94694326431484,168.933851259975,230.111283753325,1
468,14,589200,708,4.95981740540234,169.064924925667,230.054974975222,696.3,233.7,1.16980434119164,1.19880434119164,0.0534986023917779,4.95981740540234,169.064924925667,230.054974975222,1
469,14,589212,720,4.9685456366481,169.044341305598,229.848113768533,696.5,233.9,1.16980434119164,1.19880434119164,0.0537113530286382,4.9685456366481,169.044341305598,229.848113768533,1
470,14,589224,732,4.97727386789386,169.077552016511,229.459184005504,696.9,234.3,1.16980434119164,1.19880434119164,0.0537168081731654,4.97727386789386,169.077552016511,229.459184005504,1
471,14,589236,744,4.99014800898135,168.993396845928,229.531132281976,696.8,234.2,1.16980434119164,1.19880434119164,0.0537168081731654,4.99014800898135,168.993396845928,229.531132281976,1
472,14,589248,756,4.99887624022711,169.026595327291,229.24219844243,697.1,234.5,1.16980434119164,1.19880434119164,0.0537113530286359,4.99887624022711,169.026595327291,229.24219844243,1
473,14,589260,768,5.01196858709575,169.049487174924,229.849829058308,696.5,233.9,1.16980434119164,1.19880434119164,0.0538204559189599,5.01196858709575,169.049487174924,229.849829058308,1
474,14,589272,780,5.02047861256036,169.083178381836,229.661059460612,696.7,234.1,1.16980434119164,1.19880434119164,0.0538204559192069,5.02047861256036,169.083178381836,229.661059460612,1
475,14,589284,792,5.02920684380612,169.170109799372,229.090036599791,697.3,234.7,1.16980434119164,1.19880434119164,0.0537168081731654,5.02920684380612,169.170109799372,229.090036599791,1
476,14,589296,804,5.04229919067476,169.139197310026,228.879732436675,697.5,234.9,1.16980434119164,1.19880434119164,0.0537168081731654,5.04229919067476,169.139197310026,228.879732436675,1
477,14,589308,816,5.05517333176225,169.216300489806,228.705433496602,697.7,235.1,1.16980434119164,1.19880434119164,0.0534931472474918,5.05517333176225,169.216300489806,228.705433496602,1
478,14,589320,828,5.06826567863089,169.185373176764,228.295124392255,698.1,235.5,1.16980434119164,1.19880434119164,0.0534986023917779,5.06826567863089,169.185373176764,228.295124392255,1
479,14,589332,840,5.08113981971839,169.101225788621,228.167075262873,698.2,235.6,1.16980434119164,1.19880434119164,0.0536077052825922,5.08113981971839,169.101225788621,228.167075262873,1
480,14,589344,852,5.08986805096414,169.134343110244,228.478114370081,697.9,235.3,1.16980434119164,1.19880434119164,0.0536022501380605,5.08986805096414,169.134343110244,228.478114370081,1
481,14,589356,864,5.0985962822099,169.11372490155,228.07124163385,698.3,235.7,1.16980434119164,1.19880434119164,0.0536077052825922,5.0985962822099,169.11372490155,228.07124163385,1
482,14,589368,876,5.10710630767452,169.25478463853,228.018261546177,698.4,235.8,1.16980434119164,1.19880434119164,0.0536077052825944,5.10710630767452,169.25478463853,228.018261546177,1
483,14,589380,888,5.12019865454315,169.170121671638,228.290040557213,698.1,235.5,1.16980434119164,1.19880434119164,0.0537113530283917,5.12019865454315,169.170121671638,228.290040557213,1
484,14,589392,900,5.12892688578891,169.310619011695,227.836873003898,698.6,236,1.16980434119164,1.19880434119164,0.053602250138065,5.12892688578891,169.310619011695,227.836873003898,1
485,14,589404,912,5.14180102687641,169.333871901036,227.744623967012,698.7,236.1,1.16980434119164,1.19880434119164,0.053602250138065,5.14180102687641,169.333871901036,227.744623967012,1
486,14,589416,924,5.15052925812216,169.420616539991,227.673538846664,698.8,236.2,1.16980434119164,1.19880434119164,0.0538259110637363,5.15052925812216,169.420616539991,227.673538846664,1
487,14,589428,936,5.16776751483254,169.326131017762,227.442043672587,699,236.4,1.16980434119164,1.19880434119164,0.0538259110637386,5.16776751483254,169.326131017762,227.442043672587,1
488,14,589440,948,5.1764957460783,169.305478220441,227.535159406814,698.9,236.3,1.16980434119164,1.19880434119164,0.0536077052823484,5.1764957460783,169.305478220441,227.535159406814,1
489,14,589452,960,5.18958809294694,169.381847295475,227.460615765158,699,236.4,1.16980434119164,1.19880434119164,0.05360770528259,5.18958809294694,169.381847295475,227.460615765158,1
490,14,589464,972,5.19809811841155,169.361701182685,227.353900394228,699.1,236.5,1.16980434119164,1.19880434119164,0.0537113530286359,5.19809811841155,169.361701182685,227.353900394228,1
491,14,589476,984,5.21119046528019,169.438030974922,227.279343658307,699.2,236.6,1.16980434119164,1.19880434119164,0.0537168081731654,5.21119046528019,169.438030974922,227.279343658307,1
492,14,589488,996,5.21991869652595,169.417358412672,226.572452804224,699.9,237.3,1.16980434119164,1.19880434119164,0.0537168081731654,5.21991869652595,169.417358412672,226.572452804224,1
493,14,589500,1008,5.23279283761344,169.49416573617,226.89805524539,699.6,237,1.16980434119164,1.19880434119164,0.0538204559189622,5.23279283761344,169.49416573617,226.89805524539,1
494,14,589512,1020,5.2415210688592,169.41983855628,226.57327951876,699.9,237.3,1.16980434119164,1.19880434119164,0.0538259110637363,5.2415210688592,169.41983855628,226.57327951876,1
495,14,589524,1032,5.25439520994669,169.49661413236,226.798871377453,699.7,237.1,1.16980434119164,1.19880434119164,0.0538259110637386,5.25439520994669,169.49661413236,226.798871377453,1
496,14,589536,1044,5.26748755681533,169.358322983422,226.652774327807,699.8,237.2,1.16980434119164,1.19880434119164,0.0537168081731654,5.26748755681533,169.358322983422,226.652774327807,1
497,14,589548,1056,5.28057990368397,169.38092935136,226.560309783787,699.9,237.3,1.16980434119164,1.19880434119164,0.0537168081731632,5.28057990368397,169.38092935136,226.560309783787,1
498,14,589560,1068,5.28908992914858,169.467999578683,226.689333192894,699.8,237.2,1.16980434119164,1.19880434119164,0.0538204559189622,5.28908992914858,169.467999578683,226.689333192894,1
499,14,589572,1080,5.30218227601722,169.490571481526,226.696857160509,699.8,237.2,1.16980434119164,1.19880434119164,0.0538259110637363,5.30218227601722,169.490571481526,226.696857160509,1
500,14,589584,1092,5.31069230148184,169.577602796645,226.525867598882,700,237.4,1.16980434119164,1.19880434119164,0.0539350139543073,5.31069230148184,169.577602796645,226.525867598882,1
501,14,589596,1104,5.31942053272759,169.556895645769,226.518965215256,700,237.4,1.16980434119164,1.19880434119164,0.0539295588097823,5.31942053272759,169.556895645769,226.518965215256,1
502,14,589608,1116,5.33251287959623,169.579428142285,226.526476047428,700,237.4,1.16980434119164,1.19880434119164,0.0539350139543095,5.33251287959623,169.579428142285,226.526476047428,1
503,14,589620,1128,5.34102290506085,169.612822257608,225.937607419203,700.6,238,1.16980434119164,1.19880434119164,0.053935013954062,5.34102290506085,169.612822257608,225.937607419203,1
504,14,589632,1140,5.35411525192949,169.528165714319,226.20938857144,700.3,237.7,1.16980434119164,1.19880434119164,0.0539295588097823,5.35411525192949,169.528165714319,226.20938857144,1
505,14,589644,1152,5.36284348317524,169.561029674258,226.220343224753,700.3,237.7,1.16980434119164,1.19880434119164,0.0539295588097801,5.36284348317524,169.561029674258,226.220343224753,1
506,14,589656,1164,5.37571762426274,169.530472050081,226.210157350027,700.3,237.7,1.16980434119164,1.19880434119164,0.0539295588097779,5.37571762426274,169.530472050081,226.210157350027,1
507,14,589668,1176,5.38880997113138,169.660080555714,225.753360185238,700.8,238.2,1.16980434119164,1.19880434119164,0.0539350139543073,5.38880997113138,169.660080555714,225.753360185238,1
508,14,589680,1188,5.39753820237713,169.585792288028,226.028597429343,700.5,237.9,1.16980434119164,1.19880434119164,0.0539350139540643,5.39753820237713,169.585792288028,226.028597429343,1
509,14,589692,1200,5.41041234346463,169.71586745421,225.97195581807,700.6,238,1.16980434119164,1.19880434119164,0.0924506722451609,5.41041234346463,169.71586745421,225.97195581807,1
510,14,589694,1201,5.41041234346463,169.71586745421,226.07195581807,700.5,237.9,1.16980434119164,1.19880434119164,0.431480111640345,5.41041234346463,169.71586745421,226.07195581807,1
511,15,589695,0,5.41041234346463,169.287474475562,226.32915815852,700.1,237.5,1.16980434119164,1.19880434119164,0.0281400072804926,5.41041234346463,169.287474475562,226.32915815852,1
512,15,589740,60,5.41914057471039,163.912354156038,225.737451385346,698.9,236.3,1.16980434119164,1.19880434119164,0.0123516941029267,5.41914057471039,163.912354156038,225.737451385346,1
513,15,589800,120,5.43201471579788,164.578526834729,224.95950894491,699.9,237.3,1.16980434119164,1.19880434119164,0.0108088233689658,5.43201471579788,164.578526834729,224.95950894491,1
514,15,589860,180,5.44074294704364,165.361233785527,224.820411261843,700.3,237.7,1.16980434119164,1.19880434119164,0.0107870027908517,5.44074294704364,165.361233785527,224.820411261843,1
515,15,589920,240,5.45383529391228,166.133582219656,224.577860739885,700.8,238.2,1.16980434119164,1.19880434119164,0.0108077323400608,5.45383529391228,166.133582219656,224.577860739885,1
516,15,589980,300,5.46234531937689,166.48831022823,223.79610340941,701.7,239.1,1.16980434119164,1.19880434119164,0.0108077323400608,5.46234531937689,166.48831022823,223.79610340941,1
517,15,590040,360,5.47107355062265,166.895973326335,223.331991108778,702.3,239.7,1.16980434119164,1.19880434119164,0.0107859117619467,5.47107355062265,166.895973326335,223.331991108778,1
518,15,590100,420,5.48831180733302,167.176526468505,223.425508822835,702.3,239.7,1.16980434119164,1.19880434119164,0.0107651822127379,5.48831180733302,167.176526468505,223.425508822835,1
519,15,590160,480,5.50140415420166,167.359730420521,223.18657680684,702.6,240,1.16980434119164,1.19880434119164,0.010765182212737,5.50140415420166,167.359730420521,223.18657680684,1
520,15,590220,540,5.51013238544742,167.55315700532,223.051052335107,702.8,240.2,1.16980434119164,1.19880434119164,0.0107859117619453,5.51013238544742,167.55315700532,223.051052335107,1
521,15,590280,600,5.52300652653491,167.629796079859,223.176598693286,702.7,240.1,1.16980434119164,1.19880434119164,0.0107870027908517,5.52300652653491,167.629796079859,223.176598693286,1
522,15,590340,660,5.53173475778067,167.823144099065,223.141048033022,702.8,240.2,1.16980434119164,1.19880434119164,0.0107870027908525,5.53173475778067,167.823144099065,223.141048033022,1
523,15,590400,720,5.54460889886817,167.792768682828,222.730922894276,703.2,240.6,1.16980434119164,1.19880434119164,0.0107859117619467,5.54460889886817,167.792768682828,222.730922894276,1
524,15,590460,780,5.55333713011392,167.932579809253,222.577526603084,703.4,240.8,1.16980434119164,1.19880434119164,0.0107870027908517,5.55333713011392,167.932579809253,222.577526603084,1
525,15,590520,840,5.56642947698256,167.955128117712,222.685042705904,703.3,240.7,1.16980434119164,1.19880434119164,0.0107870027908521,5.56642947698256,167.955128117712,222.685042705904,1
526,15,590580,900,5.57493950244718,168.041942142142,222.313980714047,703.7,241.1,1.16980434119164,1.19880434119164,0.0107859117619462,5.57493950244718,168.041942142142,222.313980714047,1
527,15,590640,960,5.58366773369294,168.181672108827,222.960557369609,703.1,240.5,1.16980434119164,1.19880434119164,0.0107859117619458,5.58366773369294,168.181672108827,222.960557369609,1
528,15,590700,1020,5.60112419618445,168.193837317985,222.464612439328,703.6,241,1.16980434119164,1.19880434119164,0.010764091183832,5.60112419618445,168.193837317985,222.464612439328,1
529,15,590760,1080,5.60963422164907,168.28058315341,222.393527717803,703.7,241.1,1.16980434119164,1.19880434119164,0.0107433616346233,5.60963422164907,168.28058315341,222.393527717803,1
530,15,590820,1140,5.62272656851771,168.303032884285,222.001010961428,704.1,241.5,1.16980434119164,1.19880434119164,0.0107433616346229,5.62272656851771,168.303032884285,222.001010961428,1
531,15,590880,1200,5.63145479976346,168.335799131356,222.511933043785,703.6,241,1.16980434119164,1.19880434119164,0.010764091183832,5.63145479976346,168.335799131356,222.511933043785,1
532,15,590940,1260,5.64432894085096,168.412155073286,222.037385024429,704.1,241.5,1.16980434119164,1.19880434119164,0.0107870027908517,5.64432894085096,168.412155073286,222.037385024429,1
533,15,591000,1320,5.65305717209672,168.391482511036,221.830494170345,704.3,241.7,1.16980434119164,1.19880434119164,0.010765182212737,5.65305717209672,168.391482511036,221.830494170345,1
534,15,591060,1380,5.66156719756133,168.531547577961,221.577182525987,704.6,242,1.16980434119164,1.19880434119164,0.010764091183832,5.66156719756133,168.531547577961,221.577182525987,1
535,15,591120,1440,5.67465954442997,168.553916025565,222.084638675188,704.1,241.5,1.16980434119164,1.19880434119164,0.0107651822127375,5.67465954442997,168.553916025565,222.084638675188,1
536,15,591180,1500,5.68775189129861,168.683053878824,221.727684626275,704.5,241.9,1.16980434119164,1.19880434119164,0.0107433616346233,5.68775189129861,168.683053878824,221.727684626275,1
537,15,591240,1560,5.7006260323861,168.599126004925,221.699708668308,704.5,241.9,1.16980434119164,1.19880434119164,0.0107433616346237,5.7006260323861,168.599126004925,221.699708668308,1
538,15,591300,1620,5.70935426363186,168.738563450659,221.046187816886,705.2,242.6,1.16980434119164,1.19880434119164,0.0107433616346233,5.70935426363186,168.738563450659,221.046187816886,1
539,15,591360,1680,5.72222840471936,168.708005826483,221.136001942161,705.1,242.5,1.16980434119164,1.19880434119164,0.0107422706057174,5.72222840471936,168.708005826483,221.136001942161,1
540,15,591420,1740,5.73095663596511,168.794024104295,221.064674701432,705.2,242.6,1.16980434119164,1.19880434119164,0.0107433616346233,5.73095663596511,168.794024104295,221.064674701432,1
541,15,591480,1800,5.74404898283375,168.816293974316,221.072097991438,705.2,242.6,1.16980434119164,1.19880434119164,0.0107215410565082,5.74404898283375,168.816293974316,221.072097991438,1
542,15,591540,1860,5.75255900829837,168.849435839731,220.88314527991,705.4,242.8,1.16980434119164,1.19880434119164,0.0107204500276024,5.75255900829837,168.849435839731,220.88314527991,1
543,15,591600,1920,5.76565135516701,168.978374684861,221.126124894953,705.2,242.6,1.16980434119164,1.19880434119164,0.0107215410565091,5.76565135516701,168.978374684861,221.126124894953,1
544,15,591660,1980,5.77437958641276,168.957623062895,220.919207687632,705.4,242.8,1.16980434119164,1.19880434119164,0.0107215410565091,5.77437958641276,168.957623062895,220.919207687632,1
545,15,591720,2040,5.78725372750026,169.087021774379,220.86234059146,705.5,242.9,1.16980434119164,1.19880434119164,0.0107215410565087,5.78725372750026,169.087021774379,220.86234059146,1
546,15,591780,2100,5.79598195874602,169.012924485321,220.737641495107,705.6,243,1.16980434119164,1.19880434119164,0.0106789909291858,5.79598195874602,169.012924485321,220.737641495107,1
547,15,591840,2160,5.81322021545639,169.131883767456,220.277294589152,706.1,243.5,1.16980434119164,1.19880434119164,0.0106342587440511,5.81322021545639,169.131883767456,220.277294589152,1
548,15,591900,2220,5.82194844670215,169.00447515287,220.234825050957,706.1,243.5,1.16980434119164,1.19880434119164,0.0106560793221657,5.82194844670215,169.00447515287,220.234825050957,1
549,15,591960,2280,5.83504079357079,169.079942947138,220.759980982379,705.6,243,1.16980434119164,1.19880434119164,0.0106778999002799,5.83504079357079,169.079942947138,220.759980982379,1
550,15,592020,2340,5.8435508190354,169.112989940894,220.670996646965,705.7,243.1,1.16980434119164,1.19880434119164,0.0106778999002795,5.8435508190354,169.112989940894,220.670996646965,1
551,15,592080,2400,5.85664316590404,169.135114538686,220.378371512895,706,243.4,1.16980434119164,1.19880434119164,0.0107008115073004,5.85664316590404,169.135114538686,220.378371512895,1
552,15,592140,2460,5.8653713971498,169.274203009892,220.124734336631,706.3,243.7,1.16980434119164,1.19880434119164,0.0106778999002803,5.8653713971498,169.274203009892,220.124734336631,1
553,15,592200,2520,5.87388142261441,169.25392200146,219.717974000487,706.7,244.1,1.16980434119164,1.19880434119164,0.0106560793221653,5.87388142261441,169.25392200146,219.717974000487,1
554,15,592260,2580,5.88697376948305,169.329279112126,219.843093037375,706.6,244,1.16980434119164,1.19880434119164,0.0106571703510712,5.88697376948305,169.329279112126,219.843093037375,1
555,15,592320,2640,5.89548379494766,169.36226298164,219.454087660547,707,244.4,1.16980434119164,1.19880434119164,0.0106560793221662,5.89548379494766,169.36226298164,219.454087660547,1
556,15,592380,2700,5.90421202619342,169.341447123654,219.747149041218,706.7,244.1,1.16980434119164,1.19880434119164,0.0106342587440516,5.90421202619342,169.341447123654,219.747149041218,1
557,15,592440,2760,5.92166848868494,169.406334786986,219.768778262329,706.7,244.1,1.16980434119164,1.19880434119164,0.0106135291948419,5.92166848868494,169.406334786986,219.768778262329,1
558,15,592500,2820,5.93017851414955,169.386029690047,219.362009896682,707.1,244.5,1.16980434119164,1.19880434119164,0.0106342587440507,5.93017851414955,169.386029690047,219.362009896682,1
559,15,592560,2880,5.93890674539531,169.524953741749,219.908317913916,706.6,244,1.16980434119164,1.19880434119164,0.0106560793221662,5.93890674539531,169.524953741749,219.908317913916,1
560,15,592620,2940,5.95199909226395,169.44045037666,219.780150125553,706.7,244.1,1.16980434119164,1.19880434119164,0.010699720478395,5.95199909226395,169.44045037666,219.780150125553,1
561,15,592680,3000,5.96050911772856,169.579848747821,219.426616249274,707.1,244.5,1.16980434119164,1.19880434119164,0.0107859117619458,5.96050911772856,169.579848747821,219.426616249274,1
562,15,592740,3060,5.9736014645972,169.548573077904,219.216191025968,707.3,244.7,1.16980434119164,1.19880434119164,0.0107859117619462,5.9736014645972,169.548573077904,219.216191025968,1
563,15,592800,3120,5.98232969584296,169.634173327466,219.344724442489,707.2,244.6,1.16980434119164,1.19880434119164,0.0106778999002803,5.98232969584296,169.634173327466,219.344724442489,1
564,15,592860,3180,5.99083972130758,169.560613976232,219.320204658744,707.2,244.6,1.16980434119164,1.19880434119164,0.0106135291948424,5.99083972130758,169.560613976232,219.320204658744,1
565,15,592920,3240,6.00393206817621,169.63575713154,219.54525237718,707,244.4,1.16980434119164,1.19880434119164,0.0105906175878219,6.00393206817621,169.63575713154,219.54525237718,1
566,15,592980,3300,6.01244209364083,169.61541349299,219.03847116433,707.5,244.9,1.16980434119164,1.19880434119164,0.0105687970097081,6.01244209364083,169.61541349299,219.03847116433,1
567,15,593040,3360,6.02553444050947,169.637316476515,219.145772158838,707.4,244.8,1.16980434119164,1.19880434119164,0.0105917086167282,6.02553444050947,169.637316476515,219.145772158838,1
568,15,593100,3420,6.03426267175523,169.722838160484,218.874279386828,707.7,245.1,1.16980434119164,1.19880434119164,0.0105917086167282,6.03426267175523,169.722838160484,218.874279386828,1
569,15,593160,3480,6.04713681284272,169.851606000138,219.417202000046,707.2,244.6,1.16980434119164,1.19880434119164,0.0105480674604994,6.04713681284272,169.851606000138,219.417202000046,1
570,15,593220,3540,6.05586504408848,169.830711082437,219.210237027479,707.4,244.8,1.16980434119164,1.19880434119164,0.0105480674604999,6.05586504408848,169.830711082437,219.210237027479,1
571,15,593280,3600,6.06895739095712,169.852545012241,219.31751500408,707.3,244.7,1.16980434119164,1.19880434119164,0.0105698880386136,6.06895739095712,169.852545012241,219.31751500408,1
572,15,593340,3660,6.07746741642173,169.83216764978,219.210722549927,707.4,244.8,1.16980434119164,1.19880434119164,0.0105698880386136,6.07746741642173,169.83216764978,219.210722549927,1
573,15,593400,3720,6.09055976329037,169.747653784573,219.182551261524,707.4,244.8,1.16980434119164,1.19880434119164,0.0105480674604999,6.09055976329037,169.747653784573,219.182551261524,1
574,15,593460,3780,6.09928799453613,169.886236273594,218.828745424531,707.8,245.2,1.16980434119164,1.19880434119164,0.0105480674604985,6.09928799453613,169.886236273594,218.828745424531,1
575,15,593520,3840,6.10779802000074,169.865849275731,218.721949758577,707.9,245.3,1.16980434119164,1.19880434119164,0.010548067460499,6.10779802000074,169.865849275731,218.721949758577,1
576,15,593580,3900,6.12089036686938,169.887631569657,218.529210523219,708.1,245.5,1.16980434119164,1.19880434119164,0.0105262468823852,6.12089036686938,169.887631569657,218.529210523219,1
577,15,593640,3960,6.13376450795687,169.963061648191,218.85435388273,707.8,245.2,1.16980434119164,1.19880434119164,0.010548067460499,6.13376450795687,169.963061648191,218.85435388273,1
578,15,593700,4020,6.14249273920263,169.99527175957,218.665090586523,708,245.4,1.16980434119164,1.19880434119164,0.0105262468823843,6.14249273920263,169.99527175957,218.665090586523,1
579,15,593760,4080,6.15558508607127,170.017004764705,217.972334921568,708.7,246.1,1.16980434119164,1.19880434119164,0.0104826057261564,6.15558508607127,170.017004764705,217.972334921568,1
580,15,593820,4140,6.16409511153589,170.049716125259,218.38323870842,708.3,245.7,1.16980434119164,1.19880434119164,0.0105044263042711,6.16409511153589,170.049716125259,218.38323870842,1
581,15,593880,4200,6.17718745840452,170.018307042071,218.472769014024,708.2,245.6,1.16980434119164,1.19880434119164,0.0105469764315935,6.17718745840452,170.018307042071,218.472769014024,1
582,15,593940,4260,6.18591568965028,170.103587840967,218.001195946989,708.7,246.1,1.16980434119164,1.19880434119164,0.0105469764315931,6.18591568965028,170.103587840967,218.001195946989,1
583,15,594000,4320,6.1944257151149,170.030057025349,218.076685675116,708.6,246,1.16980434119164,1.19880434119164,0.0105262468823852,6.1944257151149,170.030057025349,218.076685675116,1
584,15,594060,4380,6.20751806198354,170.104836258902,218.0016120863,708.7,246.1,1.16980434119164,1.19880434119164,0.0105480674604994,6.20751806198354,170.104836258902,218.0016120863,1
585,15,594120,4440,6.21624629322929,170.136974969475,217.812324989825,708.9,246.3,1.16980434119164,1.19880434119164,0.010548067460499,6.21624629322929,170.136974969475,217.812324989825,1
586,15,594180,4500,6.22475631869391,170.275804110678,218.158601370226,708.6,246,1.16980434119164,1.19880434119164,0.0105262468823852,6.22475631869391,170.275804110678,218.158601370226,1
587,15,594240,4560,6.24221278118543,170.180777932946,217.626925977649,709.1,246.5,1.16980434119164,1.19880434119164,0.0105044263042711,6.24221278118543,170.180777932946,217.626925977649,1
588,15,594300,4620,6.25072280665004,170.319553338248,217.473184446083,709.3,246.7,1.16980434119164,1.19880434119164,0.0104826057261564,6.25072280665004,170.319553338248,217.473184446083,1
589,15,594360,4680,6.26381515351868,170.181945561733,217.227315187244,709.5,246.9,1.16980434119164,1.19880434119164,0.0104618761769477,6.26381515351868,170.181945561733,217.227315187244,1
590,15,594420,4740,6.27254338476444,170.267093688542,217.255697896181,709.5,246.9,1.16980434119164,1.19880434119164,0.0104836967550623,6.27254338476444,170.267093688542,217.255697896181,1
591,15,594480,4800,6.28105341022905,170.246634425157,217.348878141719,709.4,246.8,1.16980434119164,1.19880434119164,0.0105044263042706,6.28105341022905,170.246634425157,217.348878141719,1
592,15,594540,4860,6.29414575709769,170.321256280461,217.173752093487,709.6,247,1.16980434119164,1.19880434119164,0.0105044263042702,6.29414575709769,170.321256280461,217.173752093487,1
593,15,594600,4920,6.30287398834345,170.353306419446,217.384435473149,709.4,246.8,1.16980434119164,1.19880434119164,0.0105044263042706,6.30287398834345,170.353306419446,217.384435473149,1
594,15,594660,4980,6.31574812943094,170.322333361167,216.874111120389,709.9,247.3,1.16980434119164,1.19880434119164,0.0105044263042711,6.31574812943094,170.322333361167,216.874111120389,1
595,15,594720,5040,6.3244763606767,170.460429632933,217.120143210978,709.7,247.1,1.16980434119164,1.19880434119164,0.0105044263042702,6.3244763606767,170.460429632933,217.120143210978,1
596,15,594780,5100,6.33320459192246,170.386389415107,217.195463138369,709.6,247,1.16980434119164,1.19880434119164,0.0104826057261556,6.33320459192246,170.386389415107,217.195463138369,1
597,15,594840,5160,6.34171461738707,170.471949848911,217.02398328297,709.8,247.2,1.16980434119164,1.19880434119164,0.0104618761769477,6.34171461738707,170.471949848911,217.02398328297,1
598,15,594900,5220,6.35917107987859,170.323888931127,216.874629643709,709.9,247.3,1.16980434119164,1.19880434119164,0.0104400555988331,6.35917107987859,170.323888931127,216.874629643709,1
599,15,594960,5280,6.36768110534321,170.409419964598,217.003139988199,709.8,247.2,1.16980434119164,1.19880434119164,0.0104389645699268,6.36768110534321,170.409419964598,217.003139988199,1
600,15,595020,5340,6.38077345221184,170.377892291836,216.992630763945,709.8,247.2,1.16980434119164,1.19880434119164,0.0104607851480414,6.38077345221184,170.377892291836,216.992630763945,1
601,15,595080,5400,6.3895016834576,170.46286352253,216.62095450751,710.2,247.6,1.16980434119164,1.19880434119164,0.0104607851480418,6.3895016834576,170.46286352253,216.62095450751,1
602,15,595140,5460,6.39801170892222,170.548340943632,216.649446981211,710.2,247.6,1.16980434119164,1.19880434119164,0.0104607851480418,6.39801170892222,170.548340943632,216.649446981211,1
603,15,595200,5520,6.40673994016798,170.580287810862,216.960095936954,709.9,247.3,1.16980434119164,1.19880434119164,0.010482605726156,6.40673994016798,170.580287810862,216.960095936954,1
604,15,595260,5580,6.41983228703661,170.548723078858,216.749574359619,710.1,247.5,1.16980434119164,1.19880434119164,0.0104607851480414,6.41983228703661,170.548723078858,216.749574359619,1
605,15,595320,5640,6.42834231250123,170.528206003054,216.242735334351,710.6,248,1.16980434119164,1.19880434119164,0.0104618761769477,6.42834231250123,170.528206003054,216.242735334351,1
606,15,595380,5700,6.43707054374699,170.613098668156,215.871032889385,711,248.4,1.16980434119164,1.19880434119164,0.0105055173331765,6.43707054374699,170.613098668156,215.871032889385,1
607,15,595440,5760,6.45016289061562,170.581519112455,216.260506370818,710.6,248,1.16980434119164,1.19880434119164,0.0104826057261556,6.45016289061562,170.581519112455,216.260506370818,1
608,15,595500,5820,6.46303703170312,170.603419092402,216.367806364134,710.5,247.9,1.16980434119164,1.19880434119164,0.0104607851480409,6.46303703170312,170.603419092402,216.367806364134,1
609,15,595560,5880,6.47612937857176,170.677723720594,216.292574573531,710.6,248,1.16980434119164,1.19880434119164,0.0104826057261556,6.47612937857176,170.677723720594,216.292574573531,1
610,15,595620,5940,6.48463940403637,170.657182556284,215.885727518761,711,248.4,1.16980434119164,1.19880434119164,0.0104826057261564,6.48463940403637,170.657182556284,215.885727518761,1
611,15,595680,6000,6.49336763528213,170.794922812265,215.831640937422,711.1,248.5,1.16980434119164,1.19880434119164,0.0165859362699049,6.49336763528213,170.794922812265,215.831640937422,1
612,15,595696,6001,6.49336763528213,170.794922812265,215.831640937422,711.1,248.5,1.16980434119164,1.19880434119164,0.0741488915596843,6.49336763528213,170.794922812265,215.831640937422,1
613,16,595697,0,6.49336763528213,170.794922812265,216.031640937422,710.9,248.3,1.16980434119164,1.19880434119164,0.630265578265382,6.49336763528213,170.794922812265,216.031640937422,1
614,16,595698,6,6.50209586652789,174.796603553332,215.465534517777,712.8,250.2,1.16980434119164,1.19880434119164,0.180824013608381,6.50209586652789,174.796603553332,215.465534517777,1
615,16,595704,12,6.5106058919925,178.321742550857,215.040580850286,714.4,251.8,1.16980434119164,1.19880434119164,0.105480674604615,6.5106058919925,178.321742550857,215.040580850286,1
616,16,595710,18,6.51933412323826,178.247031931343,215.315677310448,714.1,251.5,1.16980434119164,1.19880434119164,0.105273379112515,6.51933412323826,178.247031931343,215.315677310448,1
617,16,595716,24,6.5324264701069,177.36773259131,215.422577530436,713.7,251.1,1.16980434119164,1.19880434119164,0.105273379112524,6.5324264701069,177.36773259131,215.422577530436,1
618,16,595722,30,6.54530061119439,176.595024363138,215.665008121046,713.2,250.6,1.16980434119164,1.19880434119164,0.105262468824427,6.54530061119439,176.595024363138,215.665008121046,1
619,16,595728,36,6.55402884244015,176.15017468161,216.21672489387,712.5,249.9,1.16980434119164,1.19880434119164,0.105480674605565,6.55402884244015,176.15017468161,216.21672489387,1
620,16,595734,42,6.56712118930879,175.800414109436,216.600138036479,712,249.4,1.16980434119164,1.19880434119164,0.105698880385751,6.56712118930879,175.800414109436,216.600138036479,1
621,16,595740,48,6.57999533039628,175.557054905804,216.819018301935,711.7,249.1,1.16980434119164,1.19880434119164,0.105687970096697,6.57999533039628,175.557054905804,216.819018301935,1
622,16,595746,54,6.58872356164204,175.323979521543,217.041326507181,711.4,248.8,1.16980434119164,1.19880434119164,0.105687970096688,6.58872356164204,175.323979521543,217.041326507181,1
623,16,595752,60,6.59723358710666,175.144358596177,216.681452865392,711.7,249.1,1.16980434119164,1.19880434119164,0.105480674605565,6.59723358710666,175.144358596177,216.681452865392,1
624,16,595758,66,6.61032593397529,174.953480259299,216.8178267531,711.5,248.9,1.16980434119164,1.19880434119164,0.105262468824431,6.61032593397529,174.953480259299,216.8178267531,1
625,16,595764,72,6.61905416522105,174.773387855682,216.657795951894,711.6,249,1.16980434119164,1.19880434119164,0.105480674604606,6.61905416522105,174.773387855682,216.657795951894,1
626,16,595770,78,6.62756419068567,174.699581936958,216.533193978986,711.7,249.1,1.16980434119164,1.19880434119164,0.105698880385747,6.62756419068567,174.699581936958,216.533193978986,1
627,16,595776,84,6.64065653755431,174.508806995365,216.769602331789,711.4,248.8,1.16980434119164,1.19880434119164,0.10548067460461,6.64065653755431,174.508806995365,216.769602331789,1
628,16,595782,90,6.64938476880006,174.593039264774,216.997679754925,711.2,248.6,1.16980434119164,1.19880434119164,0.105262468824422,6.64938476880006,174.593039264774,216.997679754925,1
629,16,595788,96,6.65789479426468,174.360731462107,216.920243820702,711.2,248.6,1.16980434119164,1.19880434119164,0.105469764316511,6.65789479426468,174.360731462107,216.920243820702,1
630,16,595794,102,6.6753512567562,174.423490936701,217.541163645567,710.6,248,1.16980434119164,1.19880434119164,0.105687970096701,6.6753512567562,174.423490936701,217.541163645567,1
631,16,595800,108,6.68822539784369,174.233355598786,216.777785199595,711.3,248.7,1.16980434119164,1.19880434119164,0.105698880385751,6.68822539784369,174.233355598786,216.777785199595,1
632,16,595806,114,6.69695362908945,174.31754883246,217.00584961082,711.1,248.5,1.16980434119164,1.19880434119164,0.105687970096692,6.69695362908945,174.31754883246,217.00584961082,1
633,16,595812,120,6.70568186033521,174.137643083892,216.745881027964,711.3,248.7,1.16980434119164,1.19880434119164,0.105906175878806,6.70568186033521,174.137643083892,216.745881027964,1
634,16,595818,126,6.7185560014227,174.053205521885,216.717735173962,711.3,248.7,1.16980434119164,1.19880434119164,0.10591708616786,6.7185560014227,174.053205521885,216.717735173962,1
635,16,595824,132,6.72728423266846,173.978963454721,216.29298781824,711.7,249.1,1.16980434119164,1.19880434119164,0.105906175877842,6.72728423266846,173.978963454721,216.29298781824,1
636,16,595830,138,6.7403765795371,173.946813186693,216.282271062231,711.7,249.1,1.16980434119164,1.19880434119164,0.106124381658983,6.7403765795371,173.946813186693,216.282271062231,1
637,16,595836,144,6.74888660500171,173.925915512474,216.475305170825,711.5,248.9,1.16980434119164,1.19880434119164,0.105906175877838,6.74888660500171,173.925915512474,216.475305170825,1
638,16,595842,150,6.75761483624747,173.957268443586,216.485756147862,711.5,248.9,1.16980434119164,1.19880434119164,0.105687970097654,6.75761483624747,173.957268443586,216.485756147862,1
639,16,595848,156,6.76634306749323,173.935829990335,216.578609996778,711.4,248.8,1.16980434119164,1.19880434119164,0.10591708616786,6.76634306749323,173.935829990335,216.578609996778,1
640,16,595854,162,6.7835813242036,173.893489045164,216.764496348388,711.2,248.6,1.16980434119164,1.19880434119164,0.106124381658983,6.7835813242036,173.893489045164,216.764496348388,1
641,16,595860,168,6.79230955544936,173.766516988448,216.622172329483,711.3,248.7,1.16980434119164,1.19880434119164,0.10634258744012,6.79230955544936,173.766516988448,216.622172329483,1
642,16,595866,174,6.80518369653686,173.682150333123,216.694050111041,711.2,248.6,1.16980434119164,1.19880434119164,0.106353497729183,6.80518369653686,173.682150333123,216.694050111041,1
643,16,595872,180,6.81391192778261,173.660726703569,216.48690890119,711.4,248.8,1.16980434119164,1.19880434119164,0.106124381659948,6.81391192778261,173.660726703569,216.48690890119,1
644,16,595878,186,6.82700427465125,173.628591259238,216.476197086413,711.4,248.8,1.16980434119164,1.19880434119164,0.106124381659948,6.82700427465125,173.628591259238,216.476197086413,1
645,16,595884,192,6.83551430011587,173.660445563055,216.286815187685,711.6,249,1.16980434119164,1.19880434119164,0.106135291948042,6.83551430011587,173.660445563055,216.286815187685,1
646,16,595890,198,6.84424253136163,173.639016992268,216.279672330756,711.6,249,1.16980434119164,1.19880434119164,0.10634258744012,6.84424253136163,173.639016992268,216.279672330756,1
647,16,595896,204,6.85733487823027,173.606874136088,216.768958045363,711.1,248.5,1.16980434119164,1.19880434119164,0.106560793221261,6.85733487823027,173.606874136088,216.768958045363,1
648,16,595902,210,6.86584490369488,173.585981279572,216.561993759857,711.3,248.7,1.16980434119164,1.19880434119164,0.106135291949012,6.86584490369488,173.585981279572,216.561993759857,1
649,16,595908,216,6.87893725056352,173.553838423392,216.351279474464,711.5,248.9,1.16980434119164,1.19880434119164,0.105917086167864,6.87893725056352,173.553838423392,216.351279474464,1
650,16,595914,222,6.89181139165101,173.469520809797,216.423173603266,711.4,248.8,1.16980434119164,1.19880434119164,0.106135291948033,6.89181139165101,173.469520809797,216.423173603266,1
651,16,595920,228,6.90053962289677,173.448097180243,216.216032393414,711.6,249,1.16980434119164,1.19880434119164,0.106124381658988,6.90053962289677,173.448097180243,216.216032393414,1
652,16,595926,234,6.91363196976541,173.310565498704,216.070188499568,711.7,249.1,1.16980434119164,1.19880434119164,0.106342587440133,6.91363196976541,173.310565498704,216.070188499568,1
653,16,595932,240,6.92214199523002,173.395073697096,215.998357899032,711.8,249.2,1.16980434119164,1.19880434119164,0.106571703511293,6.92214199523002,173.395073697096,215.998357899032,1
654,16,595938,246,6.93087022647578,173.373650067542,216.191216689181,711.6,249,1.16980434119164,1.19880434119164,0.10656079322223,6.93087022647578,173.373650067542,216.191216689181,1
655,16,595944,252,6.94396257334442,173.446876518854,216.115625506284,711.7,249.1,1.16980434119164,1.19880434119164,0.106560793221261,6.94396257334442,173.446876518854,216.115625506284,1
656,16,595950,258,6.95683671443191,173.309914769618,216.169971589873,711.6,249,1.16980434119164,1.19880434119164,0.106571703510324,6.95683671443191,173.309914769618,216.169971589873,1
657,16,595956,264,6.96556494567767,173.393828576607,215.897942858869,711.9,249.3,1.16980434119164,1.19880434119164,0.106560793221274,6.96556494567767,173.393828576607,215.897942858869,1
658,16,595962,270,6.97843908676516,173.309552716425,216.069850905475,711.7,249.1,1.16980434119164,1.19880434119164,0.106560793222243,6.97843908676516,173.309552716425,216.069850905475,1
659,16,595968,276,6.98716731801092,173.288124145638,216.062708048546,711.7,249.1,1.16980434119164,1.19880434119164,0.10656079322223,6.98716731801092,173.288124145638,216.062708048546,1
660,16,595974,282,7.00025966487956,173.255981289459,216.051993763153,711.7,249.1,1.16980434119164,1.19880434119164,0.106560793221261,7.00025966487956,173.255981289459,216.051993763153,1
661,16,595980,288,7.01313380596706,173.224374147548,215.741458049183,712,249.4,1.16980434119164,1.19880434119164,0.106571703510324,7.01313380596706,173.224374147548,215.741458049183,1
662,16,595986,294,7.02186203721281,173.308219271409,215.569406423803,712.2,249.6,1.16980434119164,1.19880434119164,0.107215410564701,7.02186203721281,173.308219271409,215.569406423803,1
663,16,595992,300,7.03495438408145,173.170802720582,215.423600906861,712.3,249.7,1.16980434119164,1.19880434119164,0.108513734963488,7.03495438408145,173.170802720582,215.423600906861,1
664,16,595998,306,7.04782852516895,173.244439872987,215.248146624329,712.5,249.9,1.16980434119164,1.19880434119164,0.108731940744627,7.04782852516895,173.244439872987,215.248146624329,1
665,16,596004,312,7.0565567564147,173.170384213811,215.123461404604,712.6,250,1.16980434119164,1.19880434119164,0.108088233689274,7.0565567564147,173.170384213811,215.123461404604,1
666,16,596010,318,7.06528498766047,173.148950701792,215.416316900597,712.3,249.7,1.16980434119164,1.19880434119164,0.107651822126988,7.06528498766047,173.148950701792,215.416316900597,1
667,16,596016,324,7.07815912874796,173.117336271564,215.305778757188,712.4,249.8,1.16980434119164,1.19880434119164,0.107422706056779,7.07815912874796,173.117336271564,215.305778757188,1
668,16,596022,330,7.08688735999372,173.043302724402,215.281100908134,712.4,249.8,1.16980434119164,1.19880434119164,0.107215410565668,7.08688735999372,173.043302724402,215.281100908134,1
669,16,596028,336,7.10412561670409,173.053571573308,215.184523857769,712.5,249.9,1.16980434119164,1.19880434119164,0.107215410565676,7.10412561670409,173.053571573308,215.184523857769,1
670,16,596034,342,7.11285384794985,173.084723396267,215.194907798755,712.5,249.9,1.16980434119164,1.19880434119164,0.107204500275642,7.11285384794985,173.084723396267,215.194907798755,1
671,16,596040,348,7.12572798903734,173.105679724381,215.00189324146,712.7,250.1,1.16980434119164,1.19880434119164,0.106986294494497,7.12572798903734,173.105679724381,215.00189324146,1
672,16,596046,354,7.1344562202831,173.084236329898,214.894745443299,712.8,250.2,1.16980434119164,1.19880434119164,0.107204500275642,7.1344562202831,173.084236329898,214.894745443299,1
673,16,596052,360,7.14318445152886,173.062792935414,215.187597645138,712.5,249.9,1.16980434119164,1.19880434119164,0.107433616346815,7.14318445152886,173.062792935414,215.187597645138,1
674,16,596058,366,7.15191268277462,173.093912763894,214.797970921298,712.9,250.3,1.16980434119164,1.19880434119164,0.107433616346819,7.15191268277462,173.093912763894,214.797970921298,1
675,16,596064,372,7.16478682386211,172.904608664777,214.234869554926,713.4,250.8,1.16980434119164,1.19880434119164,0.107422706056783,7.16478682386211,172.904608664777,214.234869554926,1
676,16,596070,378,7.17787917073075,172.925006919546,214.141668973182,713.5,250.9,1.16980434119164,1.19880434119164,0.107651822126979,7.17787917073075,172.925006919546,214.141668973182,1
677,16,596076,384,7.18638919619536,172.851560722531,214.51718690751,713.1,250.5,1.16980434119164,1.19880434119164,0.107651822126979,7.18638919619536,172.851560722531,214.51718690751,1
678,16,596082,390,7.19511742744112,172.987743502101,214.562581167367,713.1,250.5,1.16980434119164,1.19880434119164,0.10742270605776,7.19511742744112,172.987743502101,214.562581167367,1
679,16,596088,396,7.2123556841515,172.892854034134,214.530951344711,713.1,250.5,1.16980434119164,1.19880434119164,0.107651822127967,7.2123556841515,172.892854034134,214.530951344711,1
680,16,596094,402,7.22108391539726,173.028982830742,214.176327610247,713.5,250.9,1.16980434119164,1.19880434119164,0.107433616345842,7.22108391539726,173.028982830742,214.176327610247,1
681,16,596100,408,7.23417626226589,172.944278851623,214.548092950541,713.1,250.5,1.16980434119164,1.19880434119164,0.107215410564692,7.23417626226589,172.944278851623,214.548092950541,1
682,16,596106,414,7.24268628773051,173.028385574893,213.876128524964,713.8,251.2,1.16980434119164,1.19880434119164,0.107433616345833,7.24268628773051,173.028385574893,213.876128524964,1
683,16,596112,420,7.25577863459915,172.891181991177,214.030393997059,713.6,251,1.16980434119164,1.19880434119164,0.107640911838908,7.25577863459915,172.891181991177,214.030393997059,1
684,16,596118,426,7.2645068658449,172.869728714229,213.823242904743,713.8,251.2,1.16980434119164,1.19880434119164,0.107651822127967,7.2645068658449,172.869728714229,213.823242904743,1
685,16,596124,432,7.2773810069324,172.838085130731,213.912695043577,713.7,251.1,1.16980434119164,1.19880434119164,0.107433616345838,7.2773810069324,172.838085130731,213.912695043577,1
686,16,596130,438,7.28610923817816,172.816631853783,213.805543951261,713.8,251.2,1.16980434119164,1.19880434119164,0.107204500275638,7.28610923817816,172.816631853783,213.805543951261,1
687,16,596136,444,7.29898337926565,172.889948196683,214.029982732228,713.6,251,1.16980434119164,1.19880434119164,0.107215410564701,7.29898337926565,172.889948196683,214.029982732228,1
688,16,596142,450,7.30771161051141,172.868485037271,214.322828345757,713.3,250.7,1.16980434119164,1.19880434119164,0.107433616346819,7.30771161051141,172.868485037271,214.322828345757,1
689,16,596148,456,7.32516807300293,172.878023857948,213.926007952649,713.7,251.1,1.16980434119164,1.19880434119164,0.107640911838899,7.32516807300293,172.878023857948,213.926007952649,1
690,16,596154,462,7.33367809846754,172.85709245982,213.71903081994,713.9,251.3,1.16980434119164,1.19880434119164,0.107433616345842,7.33367809846754,172.85709245982,213.71903081994,1
691,16,596160,468,7.34677044533618,172.877343218805,213.725781072935,713.9,251.3,1.16980434119164,1.19880434119164,0.107433616345842,7.34677044533618,172.877343218805,213.725781072935,1
692,16,596166,474,7.35549867658194,172.750974239488,213.683658079829,713.9,251.3,1.16980434119164,1.19880434119164,0.107651822126979,7.35549867658194,172.750974239488,213.683658079829,1
693,16,596172,480,7.36400870204655,172.730047659061,213.67668255302,713.9,251.3,1.16980434119164,1.19880434119164,0.107651822127962,7.36400870204655,172.730047659061,213.67668255302,1
694,16,596178,486,7.37710104891519,172.750288659112,213.383429553037,714.2,251.6,1.16980434119164,1.19880434119164,0.107640911838908,7.37710104891519,172.750288659112,213.383429553037,1
695,16,596184,492,7.38582928016095,172.676389760529,213.258796586843,714.3,251.7,1.16980434119164,1.19880434119164,0.107433616345838,7.38582928016095,172.676389760529,213.258796586843,1
696,16,596190,498,7.39870342124844,172.697155110017,213.365718370006,714.2,251.6,1.16980434119164,1.19880434119164,0.107651822126979,7.39870342124844,172.697155110017,213.365718370006,1
697,16,596196,504,7.4074316524942,172.72810557776,213.476035192587,714.1,251.5,1.16980434119164,1.19880434119164,0.107640911837924,7.4074316524942,172.72810557776,213.476035192587,1
698,16,596202,510,7.41615988373996,172.706632535883,213.168877511961,714.4,251.8,1.16980434119164,1.19880434119164,0.107433616346824,7.41615988373996,172.706632535883,213.168877511961,1
699,16,596208,516,7.42903402482746,172.674959799115,212.858319933038,714.7,252.1,1.16980434119164,1.19880434119164,0.107433616346824,7.42903402482746,172.674959799115,212.858319933038,1
700,16,596214,522,7.44212637169609,172.642750236299,212.7475834121,714.8,252.2,1.16980434119164,1.19880434119164,0.107215410564697,7.44212637169609,172.642750236299,212.7475834121,1
701,16,596220,528,7.45063639716071,172.621814020469,212.74060467349,714.8,252.2,1.16980434119164,1.19880434119164,0.107433616345856,7.45063639716071,172.621814020469,212.74060467349,1
702,16,596226,534,7.46372874402934,172.589604457654,212.729868152551,714.8,252.2,1.16980434119164,1.19880434119164,0.107640911837942,7.46372874402934,172.589604457654,212.729868152551,1
703,16,596232,540,7.4724569752751,172.672894928192,212.657631642731,714.9,252.3,1.16980434119164,1.19880434119164,0.107651822127962,7.4724569752751,172.672894928192,212.657631642731,1
704,16,596238,546,7.4853311163626,172.588833146898,212.629611048966,714.9,252.3,1.16980434119164,1.19880434119164,0.107870027909101,7.4853311163626,172.588833146898,212.629611048966,1
705,16,596244,552,7.49405934760836,172.619724690447,212.139908230149,715.4,252.8,1.16980434119164,1.19880434119164,0.107859117619065,7.49405934760836,172.619724690447,212.139908230149,1
706,16,596250,558,7.50278757885412,172.598241766106,212.332747255369,715.2,252.6,1.16980434119164,1.19880434119164,0.107640911837929,7.50278757885412,172.598241766106,212.332747255369,1
707,16,596256,564,7.51566171994161,172.671269046918,212.057089682306,715.5,252.9,1.16980434119164,1.19880434119164,0.107640911837929,7.51566171994161,172.671269046918,212.057089682306,1
708,16,596262,570,7.52875406681025,172.53433006619,212.311443355396,715.2,252.6,1.16980434119164,1.19880434119164,0.107651822127962,7.52875406681025,172.53433006619,212.311443355396,1
709,16,596268,576,7.54162820789774,172.554985349728,211.818328449909,715.7,253.1,1.16980434119164,1.19880434119164,0.10743361634681,7.54162820789774,172.554985349728,211.818328449909,1
710,16,596274,582,7.5503564391435,172.533497484154,212.111165828052,715.4,252.8,1.16980434119164,1.19880434119164,0.107640911837924,7.5503564391435,172.533497484154,212.111165828052,1
711,16,596280,588,7.55908467038926,172.512009618581,212.104003206194,715.4,252.8,1.16980434119164,1.19880434119164,0.107651822126988,7.55908467038926,172.512009618581,212.104003206194,1
712,16,596286,594,7.57195881147675,172.584965869179,212.528321956393,715,252.4,1.16980434119164,1.19880434119164,0.107651822126983,7.57195881147675,172.584965869179,212.528321956393,1
713,16,596292,600,7.58505115834539,172.552719247122,212.317573082374,715.2,252.6,1.16980434119164,1.19880434119164,0.107640911838908,7.58505115834539,172.552719247122,212.317573082374,1
714,16,596298,601,7.58505115834539,172.552719247122,211.917573082374,715.6,253,1.16980434119164,1.19880434119164,0.183797846682823,7.58505115834539,172.552719247122,211.917573082374,1
715,17,596299,0,7.58941527396827,171.809552761366,212.369850920456,714.9,252.3,1.16980434119164,1.19880434119164,0.214430821129394,7.58941527396827,171.809552761366,212.369850920456,1
716,17,596304,12,7.59356118381,170.073038702109,211.791012900703,714.9,252.3,1.16980434119164,1.19880434119164,0.0758277925110763,7.59356118381,170.073038702109,211.791012900703,1
717,17,596316,24,7.60665353067864,170.407280930258,212.202426976753,714.6,252,1.16980434119164,1.19880434119164,0.0537113530286359,7.60665353067864,170.407280930258,212.202426976753,1
718,17,596328,36,7.6153817619244,170.752086736217,211.717362245406,715.2,252.6,1.16980434119164,1.19880434119164,0.0537113530286359,7.6153817619244,170.752086736217,211.717362245406,1
719,17,596340,48,7.6282559030119,170.877498737976,211.359166245992,715.6,253,1.16980434119164,1.19880434119164,0.0534986023917779,7.6282559030119,170.877498737976,211.359166245992,1
720,17,596352,60,7.63698413425765,171.013015068845,211.204338356282,715.8,253.2,1.16980434119164,1.19880434119164,0.053498602392019,7.63698413425765,171.013015068845,211.204338356282,1
721,17,596364,72,7.64985827534515,171.086065326388,211.028688442129,716,253.4,1.16980434119164,1.19880434119164,0.0536077052825922,7.64985827534515,171.086065326388,211.028688442129,1
722,17,596376,84,7.66295062221378,171.210825741981,211.270275247327,715.8,253.2,1.16980434119164,1.19880434119164,0.0535040575365484,7.66295062221378,171.210825741981,211.270275247327,1
723,17,596388,96,7.67167885345954,171.293974646215,211.097991548738,716,253.4,1.16980434119164,1.19880434119164,0.0534986023920168,7.67167885345954,171.293974646215,211.097991548738,1
724,17,596400,108,7.68455299454704,171.366934602738,211.122311534246,716,253.4,1.16980434119164,1.19880434119164,0.053602250137819,7.68455299454704,171.366934602738,211.122311534246,1
725,17,596412,120,7.6932812257928,171.397782539912,210.732594179971,716.4,253.8,1.16980434119164,1.19880434119164,0.0536077052825944,7.6932812257928,171.397782539912,210.732594179971,1
726,17,596424,132,7.70637357266144,171.365661919277,210.921887306426,716.2,253.6,1.16980434119164,1.19880434119164,0.053498602392019,7.70637357266144,171.365661919277,210.921887306426,1
727,17,596436,144,7.71488359812605,171.292539002383,210.797513000795,716.3,253.7,1.16980434119164,1.19880434119164,0.0534986023920212,7.71488359812605,171.292539002383,210.797513000795,1
728,17,596448,156,7.72361182937181,171.375609341025,210.925203113675,716.2,253.6,1.16980434119164,1.19880434119164,0.0534986023920234,7.72361182937181,171.375609341025,210.925203113675,1
729,17,596460,168,7.73670417624045,171.29124914814,210.59708304938,716.5,253.9,1.16980434119164,1.19880434119164,0.0533894995012053,7.73670417624045,171.29124914814,210.59708304938,1
730,17,596472,180,7.74521420170506,171.427052772827,210.342350924276,716.8,254.2,1.16980434119164,1.19880434119164,0.0532858517554043,7.74521420170506,171.427052772827,210.342350924276,1
731,17,596484,192,7.76267066419658,171.384195631253,210.328065210418,716.8,254.2,1.16980434119164,1.19880434119164,0.0532803966108771,7.76267066419658,171.384195631253,210.328065210418,1
732,17,596496,204,7.77118068966119,171.519940702337,210.173313567446,717,254.4,1.16980434119164,1.19880434119164,0.053389499501448,7.77118068966119,171.519940702337,210.173313567446,1
733,17,596508,216,7.78427303652983,171.487775610612,210.062591870204,717.1,254.5,1.16980434119164,1.19880434119164,0.0533949546459753,7.78427303652983,171.487775610612,210.062591870204,1
734,17,596520,228,7.79300126777559,171.518532505581,210.272844168527,716.9,254.3,1.16980434119164,1.19880434119164,0.0533894995012053,7.79300126777559,171.518532505581,210.272844168527,1
735,17,596532,240,7.8015112932402,171.393229434756,210.131076478252,717,254.4,1.16980434119164,1.19880434119164,0.053389499501448,7.8015112932402,171.393229434756,210.131076478252,1
736,17,596544,252,7.81023952448596,171.423981512024,209.841327170675,717.3,254.7,1.16980434119164,1.19880434119164,0.0532858517554065,7.81023952448596,171.423981512024,209.841327170675,1
737,17,596556,264,7.8233318713546,171.44399953897,210.147999846323,717,254.4,1.16980434119164,1.19880434119164,0.0532858517554065,7.8233318713546,171.44399953897,210.147999846323,1
738,17,596568,276,7.83184189681921,171.423087411647,210.541029137216,716.6,254,1.16980434119164,1.19880434119164,0.0532858517554043,7.83184189681921,171.423087411647,210.541029137216,1
739,17,596580,288,7.84493424368785,171.443085797194,210.047695265731,717.1,254.5,1.16980434119164,1.19880434119164,0.0530621908294894,7.84493424368785,171.443085797194,210.047695265731,1
740,17,596592,300,7.85366247493361,171.473798468135,210.057932822712,717.1,254.5,1.16980434119164,1.19880434119164,0.0529530879391597,7.85366247493361,171.473798468135,210.057932822712,1
741,17,596604,312,7.87090073164398,171.535730865139,209.778576955046,717.4,254.8,1.16980434119164,1.19880434119164,0.0530676459742601,7.87090073164398,171.535730865139,209.778576955046,1
742,17,596616,324,7.87962896288974,171.462111516771,209.754037172257,717.4,254.8,1.16980434119164,1.19880434119164,0.0531712937203039,7.87962896288974,171.462111516771,209.754037172257,1
743,17,596628,336,7.89250310397724,171.482597316043,209.460865772014,717.7,255.1,1.16980434119164,1.19880434119164,0.0532803966108771,7.89250310397724,171.482597316043,209.460865772014,1
744,17,596640,348,7.901231335223,171.408990197226,209.936330065742,717.2,254.6,1.16980434119164,1.19880434119164,0.0531767488645915,7.901231335223,171.408990197226,209.936330065742,1
745,17,596652,360,7.90995956646875,171.439661114754,209.646553704918,717.5,254.9,1.16980434119164,1.19880434119164,0.0530621908297329,7.90995956646875,171.439661114754,209.646553704918,1
746,17,596664,372,7.92283370755625,171.460122454926,209.153374151642,718,255.4,1.16980434119164,1.19880434119164,0.0529530879391597,7.92283370755625,171.460122454926,209.153374151642,1
747,17,596676,384,7.93156193880201,171.438649413049,209.146216471016,718,255.4,1.16980434119164,1.19880434119164,0.0529530879391597,7.93156193880201,171.438649413049,209.146216471016,1
748,17,596688,396,7.94029017004777,171.521410183488,208.973803394496,718.2,255.6,1.16980434119164,1.19880434119164,0.0531658385757722,7.94029017004777,171.521410183488,208.973803394496,1
749,17,596700,408,7.95316431113526,171.489722870085,209.363240956695,717.8,255.2,1.16980434119164,1.19880434119164,0.0531712937200621,7.95316431113526,171.489722870085,209.363240956695,1
750,17,596712,420,7.96189254238102,171.57244929896,209.190816432987,718,255.4,1.16980434119164,1.19880434119164,0.052953087939162,7.96189254238102,171.57244929896,209.190816432987,1
751,17,596724,432,7.97913079909139,171.477906087843,209.059302029281,718.1,255.5,1.16980434119164,1.19880434119164,0.0530621908297307,7.97913079909139,171.477906087843,209.059302029281,1
752,17,596736,444,7.98785903033715,171.456418222269,208.952139407423,718.2,255.6,1.16980434119164,1.19880434119164,0.0531767488648355,7.98785903033715,171.456418222269,208.952139407423,1
753,17,596748,456,8.00095137720579,171.424186423909,209.341395474636,717.8,255.2,1.16980434119164,1.19880434119164,0.0531712937203017,8.00095137720579,171.424186423909,209.341395474636,1
754,17,596760,468,8.0094614026704,171.351158008082,209.217052669361,717.9,255.3,1.16980434119164,1.19880434119164,0.0531712937200599,8.0094614026704,171.351158008082,209.217052669361,1
755,17,596772,480,8.02255374953904,171.423074291658,209.141024763886,718,255.4,1.16980434119164,1.19880434119164,0.0530676459742668,8.02255374953904,171.423074291658,209.141024763886,1
756,17,596784,492,8.03106377500366,171.454184322365,209.151394774122,718,255.4,1.16980434119164,1.19880434119164,0.0531712937203017,8.03106377500366,171.454184322365,209.151394774122,1
757,17,596796,504,8.04415612187229,171.526053911296,209.075351303765,718.1,255.5,1.16980434119164,1.19880434119164,0.0531712937203017,8.04415612187229,171.526053911296,209.075351303765,1
758,17,596808,516,8.05288435311805,171.452493116531,208.950831038844,718.2,255.6,1.16980434119164,1.19880434119164,0.0529585430836914,8.05288435311805,171.452493116531,208.950831038844,1
759,17,596820,528,8.06139437858267,171.535624687614,209.078541562538,718.1,255.5,1.16980434119164,1.19880434119164,0.0528494401928757,8.06139437858267,171.535624687614,209.078541562538,1
760,17,596832,540,8.07885084107419,171.440561080047,208.946853693349,718.2,255.6,1.16980434119164,1.19880434119164,0.052849440193116,8.07885084107419,171.440561080047,208.946853693349,1
761,17,596844,552,8.08757907231994,171.471086972408,209.057028990803,718.1,255.5,1.16980434119164,1.19880434119164,0.0530621908297307,8.08757907231994,171.471086972408,209.057028990803,1
762,17,596856,564,8.10045321340744,171.439355929099,208.746451976366,718.4,255.8,1.16980434119164,1.19880434119164,0.0531712937203061,8.10045321340744,171.439355929099,208.746451976366,1
763,17,596868,576,8.1091814446532,171.417843357364,209.139281119121,718,255.4,1.16980434119164,1.19880434119164,0.0529585430836914,8.1091814446532,171.417843357364,209.139281119121,1
764,17,596880,588,8.11790967589895,171.44834713771,208.949449045903,718.2,255.6,1.16980434119164,1.19880434119164,0.0531712937200599,8.11790967589895,171.44834713771,208.949449045903,1
765,17,596892,600,8.13078381698645,171.416608806084,208.638869602028,718.5,255.9,1.16980434119164,1.19880434119164,0.0536022501380628,8.13078381698645,171.416608806084,208.638869602028,1
766,17,596904,612,8.13951204823221,171.49909953818,208.566366512727,718.6,256,1.16980434119164,1.19880434119164,0.0536077052825944,8.13951204823221,171.49909953818,208.566366512727,1
767,17,596916,624,8.1523861893197,171.415349795703,208.738449931901,718.4,255.8,1.16980434119164,1.19880434119164,0.0531767488648333,8.1523861893197,171.415349795703,208.738449931901,1
768,17,596928,636,8.16111442056546,171.497811127468,208.665937042489,718.5,255.9,1.16980434119164,1.19880434119164,0.0529530879391597,8.16111442056546,171.497811127468,208.665937042489,1
769,17,596940,648,8.16984265181122,171.424291839054,208.841430613018,718.3,255.7,1.16980434119164,1.19880434119164,0.0529530879389189,8.16984265181122,171.424291839054,208.841430613018,1
770,17,596952,660,8.18708090852159,171.433752425892,208.544584141964,718.6,256,1.16980434119164,1.19880434119164,0.052849440193116,8.18708090852159,171.433752425892,208.544584141964,1
771,17,596964,672,8.19580913976735,171.360247837644,208.420082612548,718.7,256.1,1.16980434119164,1.19880434119164,0.052849440193116,8.19580913976735,171.360247837644,208.420082612548,1
772,17,596976,684,8.20453737101311,171.390687752563,208.530229250854,718.6,256,1.16980434119164,1.19880434119164,0.052740337302545,8.20453737101311,171.390687752563,208.530229250854,1
773,17,596988,696,8.21304739647772,171.421656216966,208.240552072322,718.9,256.3,1.16980434119164,1.19880434119164,0.052740337302545,8.21304739647772,171.421656216966,208.240552072322,1
774,17,597000,708,8.22613974334636,171.441305380923,208.247101793641,718.9,256.3,1.16980434119164,1.19880434119164,0.0528494401928757,8.22613974334636,171.441305380923,208.247101793641,1
775,17,597012,720,8.23486797459212,171.471713301363,208.057237767121,719.1,256.5,1.16980434119164,1.19880434119164,0.0528494401931204,8.23486797459212,171.471713301363,208.057237767121,1
776,17,597024,732,8.24774211567961,171.439931239831,208.04664374661,719.1,256.5,1.16980434119164,1.19880434119164,0.052740337302545,8.24774211567961,171.439931239831,208.04664374661,1
777,17,597036,744,8.25647034692537,171.41838407947,208.339461359823,718.8,256.2,1.16980434119164,1.19880434119164,0.0526312344119741,8.25647034692537,171.41838407947,208.339461359823,1
778,17,597048,756,8.26498037238999,171.449308690436,208.449769563479,718.7,256.1,1.16980434119164,1.19880434119164,0.0527403373025495,8.26498037238999,171.449308690436,208.449769563479,1
779,17,597060,768,8.27807271925863,171.365054857576,208.321684952526,718.8,256.2,1.16980434119164,1.19880434119164,0.0527403373023052,8.27807271925863,171.365054857576,208.321684952526,1
780,17,597072,780,8.28680095050438,171.44734917569,207.749116391897,719.4,256.8,1.16980434119164,1.19880434119164,0.0526312344119741,8.28680095050438,171.44734917569,207.749116391897,1
781,17,597084,792,8.29967509159188,171.363639086602,207.821213028868,719.3,256.7,1.16980434119164,1.19880434119164,0.0525221315214031,8.29967509159188,171.363639086602,207.821213028868,1
782,17,597096,804,8.31276743846051,171.538935090498,207.979645030166,719.2,256.6,1.16980434119164,1.19880434119164,0.0524130286308277,8.31276743846051,171.538935090498,207.979645030166,1
783,17,597108,816,8.32149566970628,171.361659930458,207.920553310153,719.2,256.6,1.16980434119164,1.19880434119164,0.0525221315213986,8.32149566970628,171.361659930458,207.920553310153,1
784,17,597120,828,8.33436981079377,171.485544720855,207.961848240285,719.2,256.6,1.16980434119164,1.19880434119164,0.0526312344117303,8.33436981079377,171.485544720855,207.961848240285,1
785,17,597132,840,8.34309804203953,171.360195117754,207.920065039251,719.2,256.6,1.16980434119164,1.19880434119164,0.0527403373025406,8.34309804203953,171.360195117754,207.920065039251,1
786,17,597144,852,8.35182627328529,171.390517060753,207.530172353584,719.6,257,1.16980434119164,1.19880434119164,0.052849440193116,8.35182627328529,171.390517060753,207.530172353584,1
787,17,597156,864,8.36470041437278,171.358705845951,207.019568615317,720.1,257.5,1.16980434119164,1.19880434119164,0.0528439850485888,8.36470041437278,171.358705845951,207.019568615317,1
788,17,597168,876,8.37342864561854,171.389010618168,207.129670206056,720,257.4,1.16980434119164,1.19880434119164,0.0528439850485888,8.37342864561854,171.389010618168,207.129670206056,1
789,17,597180,888,8.38193867108315,171.419844928114,207.139948309371,720,257.4,1.16980434119164,1.19880434119164,0.0527403373023052,8.38193867108315,171.419844928114,207.139948309371,1
790,17,597192,900,8.39503101795179,171.387479716482,207.429159905494,719.7,257.1,1.16980434119164,1.19880434119164,0.0527348821580134,8.39503101795179,171.387479716482,207.429159905494,1
791,17,597204,912,8.40812336482043,171.406966560959,207.33565552032,719.8,257.2,1.16980434119164,1.19880434119164,0.0526257792674424,8.40812336482043,171.406966560959,207.33565552032,1
792,17,597216,924,8.42099750590792,171.323288713412,207.007762904471,720.1,257.5,1.16980434119164,1.19880434119164,0.0525221315214031,8.42099750590792,171.323288713412,207.007762904471,1
793,17,597228,936,8.42972573715368,171.353551732217,207.317850577406,719.8,257.2,1.16980434119164,1.19880434119164,0.0526312344119741,8.42972573715368,171.353551732217,207.317850577406,1
794,17,597240,948,8.43845396839944,171.280135097903,206.993378365968,720.1,257.5,1.16980434119164,1.19880434119164,0.0526312344117347,8.43845396839944,171.280135097903,206.993378365968,1
795,17,597252,960,8.44696399386405,171.310927777967,206.803642592656,720.3,257.7,1.16980434119164,1.19880434119164,0.0527348821580178,8.44696399386405,171.310927777967,206.803642592656,1
796,17,597264,972,8.45569222510981,171.341171155374,207.013723718458,720.1,257.5,1.16980434119164,1.19880434119164,0.0527348821580134,8.45569222510981,171.341171155374,207.013723718458,1
797,17,597276,984,8.4685663661973,171.3093307873,207.003110262433,720.1,257.5,1.16980434119164,1.19880434119164,0.0526312344119696,8.4685663661973,171.3093307873,207.003110262433,1
798,17,597288,996,8.48165871306594,171.328761178198,207.109587059399,720,257.4,1.16980434119164,1.19880434119164,0.0526312344119696,8.48165871306594,171.328761178198,207.109587059399,1
799,17,597300,1008,8.4903869443117,171.410780516736,207.336926838912,719.8,257.2,1.16980434119164,1.19880434119164,0.0526312344117303,8.4903869443117,171.410780516736,207.336926838912,1
800,17,597312,1020,8.49889696977631,171.441519707962,206.847173235987,720.3,257.7,1.16980434119164,1.19880434119164,0.0526312344119741,8.49889696977631,171.441519707962,206.847173235987,1
801,17,597324,1032,8.51635343226784,171.398306797665,206.932768932555,720.2,257.6,1.16980434119164,1.19880434119164,0.0524184837753549,8.51635343226784,171.398306797665,206.932768932555,1
802,17,597336,1044,8.52508166351359,171.324914498921,206.708304832974,720.4,257.8,1.16980434119164,1.19880434119164,0.0522002779942085,8.52508166351359,171.324914498921,206.708304832974,1
803,17,597348,1056,8.53795580460109,171.293052265895,206.797684088632,720.3,257.7,1.16980434119164,1.19880434119164,0.0521948228496813,8.53795580460109,171.293052265895,206.797684088632,1
804,17,597360,1068,8.54668403584685,171.167903523886,206.755967841295,720.3,257.7,1.16980434119164,1.19880434119164,0.0523039257400189,8.54668403584685,171.167903523886,206.755967841295,1
805,17,597372,1080,8.5554122670926,171.301617910877,206.700539303626,720.4,257.8,1.16980434119164,1.19880434119164,0.0523039257402612,8.5554122670926,171.301617910877,206.700539303626,1
806,17,597384,1092,8.5682864081801,171.16622562054,206.65540854018,720.4,257.8,1.16980434119164,1.19880434119164,0.0523093808847884,8.5682864081801,171.16622562054,206.65540854018,1
807,17,597396,1104,8.57701463942586,171.351654820914,206.817218273638,720.3,257.7,1.16980434119164,1.19880434119164,0.0523093808847839,8.57701463942586,171.351654820914,206.817218273638,1
808,17,597408,1116,8.58574287067162,171.278286981269,206.79276232709,720.3,257.7,1.16980434119164,1.19880434119164,0.0523039257402523,8.58574287067162,171.278286981269,206.79276232709,1
809,17,597420,1128,8.59861701175911,171.349898599037,206.916632866346,720.2,257.6,1.16980434119164,1.19880434119164,0.0524184837751121,8.59861701175911,171.349898599037,206.916632866346,1
810,17,597432,1140,8.60734524300487,171.224798775228,206.774932925076,720.3,257.7,1.16980434119164,1.19880434119164,0.052200277994213,8.60734524300487,171.224798775228,206.774932925076,1
811,17,597444,1152,8.62458349971524,171.182116267376,206.760705422459,720.3,257.7,1.16980434119164,1.19880434119164,0.0520857199591148,8.62458349971524,171.182116267376,206.760705422459,1
812,17,597456,1164,8.633311730961,171.160504870996,206.753501623665,720.3,257.7,1.16980434119164,1.19880434119164,0.0520911751036376,8.633311730961,171.160504870996,206.753501623665,1
813,17,597468,1176,8.64203996220676,171.190613105699,206.5635377019,720.5,257.9,1.16980434119164,1.19880434119164,0.0519820722130666,8.64203996220676,171.190613105699,206.5635377019,1
814,17,597480,1188,8.65491410329425,171.262153693253,206.587384564418,720.5,257.9,1.16980434119164,1.19880434119164,0.052194822849444,8.65491410329425,171.262153693253,206.587384564418,1
815,17,597492,1200,8.66364233454001,171.240527473176,206.780175824392,720.3,257.7,1.16980434119164,1.19880434119164,0.0627647108881315,8.66364233454001,171.240527473176,206.780175824392,1
816,17,597500,1201,8.66364233454001,171.240527473176,206.680175824392,720.4,257.8,1.16980434119164,1.19880434119164,0.0963596729537716,8.66364233454001,171.240527473176,206.680175824392,1
817,18,597505,0,8.66364233454001,171.188820071642,206.562940023881,720.5,257.9,1.16980434119164,1.19880434119164,0.0313201667965278,8.66364233454001,171.188820071642,206.562940023881,1
818,18,597540,60,8.6765164756275,166.142017703344,206.380672567781,719,256.4,1.16980434119164,1.19880434119164,0.0131874386511514,8.6765164756275,166.142017703344,206.380672567781,1
819,18,597600,120,8.68524470687326,166.637827443871,205.54594248129,720,257.4,1.16980434119164,1.19880434119164,0.0104389645699277,8.68524470687326,166.637827443871,205.54594248129,1
820,18,597660,180,8.69397293811902,167.547060205769,204.84902006859,721,258.4,1.16980434119164,1.19880434119164,0.0104182350207198,8.69397293811902,167.547060205769,204.84902006859,1
821,18,597720,240,8.70684707920651,167.980818195296,204.193606065099,721.8,259.2,1.16980434119164,1.19880434119164,0.0103964144426048,8.70684707920651,167.980818195296,204.193606065099,1
822,18,597780,300,8.71557531045228,168.372917400004,204.024305800001,722.1,259.5,1.16980434119164,1.19880434119164,0.0104171439918126,8.71557531045228,168.372917400004,204.024305800001,1
823,18,597840,360,8.72866765732091,168.599223844622,204.099741281541,722.1,259.5,1.16980434119164,1.19880434119164,0.0104400555988331,8.72866765732091,168.599223844622,204.099741281541,1
824,18,597900,420,8.74154179840841,168.825991514433,203.875330504811,722.4,259.8,1.16980434119164,1.19880434119164,0.0104400555988331,8.74154179840841,168.825991514433,203.875330504811,1
825,18,597960,480,8.75027002965416,169.062869566363,203.454289855454,722.9,260.3,1.16980434119164,1.19880434119164,0.0104389645699268,8.75027002965416,169.062869566363,203.454289855454,1
826,18,598020,540,8.75899826089993,169.144737950255,203.781579316752,722.6,260,1.16980434119164,1.19880434119164,0.0104389645699277,8.75899826089993,169.144737950255,203.781579316752,1
827,18,598080,600,8.76750828636454,169.330420226412,203.343473408804,723.1,260.5,1.16980434119164,1.19880434119164,0.0104389645699277,8.76750828636454,169.330420226412,203.343473408804,1
828,18,598140,660,8.78060063323318,169.401500453489,203.76716681783,722.7,260.1,1.16980434119164,1.19880434119164,0.0104618761769464,8.78060063323318,169.401500453489,203.76716681783,1
829,18,598200,720,8.78932886447894,169.38002247038,203.360007490126,723.1,260.5,1.16980434119164,1.19880434119164,0.0104618761769473,8.78932886447894,169.38002247038,203.360007490126,1
830,18,598260,780,8.79783888994355,169.462344297024,203.287448099008,723.2,260.6,1.16980434119164,1.19880434119164,0.0104389645699277,8.79783888994355,169.462344297024,203.287448099008,1
831,18,598320,840,8.81093123681219,169.533360535143,203.311120178381,723.2,260.6,1.16980434119164,1.19880434119164,0.0104400555988331,8.81093123681219,169.533360535143,203.311120178381,1
832,18,598380,900,8.8194412622768,169.66725783242,203.255752610807,723.3,260.7,1.16980434119164,1.19880434119164,0.0104182350207189,8.8194412622768,169.66725783242,203.255752610807,1
833,18,598440,960,8.83689772476832,169.624232688949,203.141410896317,723.4,260.8,1.16980434119164,1.19880434119164,0.0103953234136984,8.83689772476832,169.624232688949,203.141410896317,1
834,18,598500,1020,8.84562595601408,169.80913762458,202.80304587486,723.8,261.2,1.16980434119164,1.19880434119164,0.0104171439918135,8.84562595601408,169.80913762458,202.80304587486,1
835,18,598560,1080,8.85850009710158,169.777377428,203.092459142667,723.5,260.9,1.16980434119164,1.19880434119164,0.0104389645699277,8.85850009710158,169.777377428,203.092459142667,1
836,18,598620,1140,8.86722832834733,169.962213680502,203.154071226834,723.5,260.9,1.16980434119164,1.19880434119164,0.0104607851480418,8.86722832834733,169.962213680502,203.154071226834,1
837,18,598680,1200,8.88010246943483,169.827254612704,203.209084870901,723.4,260.8,1.16980434119164,1.19880434119164,0.0104607851480418,8.88010246943483,169.827254612704,203.209084870901,1
838,18,598740,1260,8.88883070068059,169.9604521468,202.953484048933,723.7,261.1,1.16980434119164,1.19880434119164,0.0104607851480409,8.88883070068059,169.9604521468,202.953484048933,1
839,18,598800,1320,8.89755893192634,169.887320127465,202.929106709155,723.7,261.1,1.16980434119164,1.19880434119164,0.0104836967550614,8.89755893192634,169.887320127465,202.929106709155,1
840,18,598860,1380,8.91043307301384,169.907098465807,203.135699488602,723.5,260.9,1.16980434119164,1.19880434119164,0.0104836967550623,8.91043307301384,169.907098465807,203.135699488602,1
841,18,598920,1440,8.9191613042596,169.9886669169,203.1628889723,723.5,260.9,1.16980434119164,1.19880434119164,0.0104607851480427,8.9191613042596,169.9886669169,203.1628889723,1
842,18,598980,1500,8.93225365112824,170.059427199188,202.986475733063,723.7,261.1,1.16980434119164,1.19880434119164,0.0104389645699268,8.93225365112824,170.059427199188,202.986475733063,1
843,18,599040,1560,8.94512779221573,170.079149454543,202.793049818181,723.9,261.3,1.16980434119164,1.19880434119164,0.0104389645699268,8.94512779221573,170.079149454543,202.793049818181,1
844,18,599100,1620,8.95385602346149,170.057567705556,203.185855901852,723.5,260.9,1.16980434119164,1.19880434119164,0.0104607851480418,8.95385602346149,170.057567705556,203.185855901852,1
845,18,599160,1680,8.96673016454898,170.128806260288,202.809602086763,723.9,261.3,1.16980434119164,1.19880434119164,0.0105044263042702,8.96673016454898,170.128806260288,202.809602086763,1
846,18,599220,1740,8.97545839579474,170.107214628836,203.102404876279,723.6,261,1.16980434119164,1.19880434119164,0.0105262468823852,8.97545839579474,170.107214628836,203.102404876279,1
847,18,599280,1800,8.9841866270405,170.137148932164,202.012382977388,724.7,262.1,1.16980434119164,1.19880434119164,0.0105055173331765,8.9841866270405,170.137148932164,202.012382977388,1
848,18,599340,1860,8.99291485828626,170.167073353027,202.622357784342,724.1,261.5,1.16980434119164,1.19880434119164,0.0104836967550623,8.99291485828626,170.167073353027,202.622357784342,1
849,18,599400,1920,9.00578899937375,170.23823853046,202.346079510153,724.4,261.8,1.16980434119164,1.19880434119164,0.010482605726156,9.00578899937375,170.23823853046,202.346079510153,1
850,18,599460,1980,9.01451723061951,170.268135898076,202.556045299359,724.2,261.6,1.16980434119164,1.19880434119164,0.0105044263042702,9.01451723061951,170.268135898076,202.556045299359,1
851,18,599520,2040,9.02324546186527,170.246519560463,202.948839853488,723.8,261.2,1.16980434119164,1.19880434119164,0.010482605726156,9.02324546186527,170.246519560463,202.948839853488,1
852,18,599580,2100,9.03175548732988,170.276942636354,202.558980878785,724.2,261.6,1.16980434119164,1.19880434119164,0.0104389645699268,9.03175548732988,170.276942636354,202.558980878785,1
853,18,599640,2160,9.04484783419852,170.244510718087,202.148170239362,724.6,262,1.16980434119164,1.19880434119164,0.0104389645699268,9.04484783419852,170.244510718087,202.148170239362,1
854,18,599700,2220,9.05772197528601,170.264103636688,202.654701212229,724.1,261.5,1.16980434119164,1.19880434119164,0.0104607851480418,9.05772197528601,170.264103636688,202.654701212229,1
855,18,599760,2280,9.06645020653177,170.293956780275,202.864652260092,723.9,261.3,1.16980434119164,1.19880434119164,0.0105044263042711,9.06645020653177,170.293956780275,202.864652260092,1
856,18,599820,2340,9.07954255340041,170.312981990128,202.670993996709,724.1,261.5,1.16980434119164,1.19880434119164,0.0105044263042711,9.07954255340041,170.312981990128,202.670993996709,1
857,18,599880,2400,9.08805257886503,170.394821058379,202.798273686126,724,261.4,1.16980434119164,1.19880434119164,0.0104826057261569,9.08805257886503,170.394821058379,202.798273686126,1
858,18,599940,2460,9.10114492573366,170.310892358603,202.470297452868,724.3,261.7,1.16980434119164,1.19880434119164,0.0105044263042711,9.10114492573366,170.310892358603,202.470297452868,1
859,18,600000,2520,9.10987315697942,170.495070438967,202.231690146322,724.6,262,1.16980434119164,1.19880434119164,0.0105044263042702,9.10987315697942,170.495070438967,202.231690146322,1
860,18,600060,2580,9.11838318244404,170.371051223816,201.890350407939,724.9,262.3,1.16980434119164,1.19880434119164,0.0105044263042702,9.11838318244404,170.371051223816,201.890350407939,1
861,18,600120,2640,9.13147552931268,170.441459937427,201.813819979142,725,262.4,1.16980434119164,1.19880434119164,0.010482605726156,9.13147552931268,170.441459937427,201.813819979142,1
862,18,600180,2700,9.14020376055843,170.368361518471,202.08945383949,724.7,262.1,1.16980434119164,1.19880434119164,0.0104389645699268,9.14020376055843,170.368361518471,202.08945383949,1
863,18,600240,2760,9.14871378602305,170.50154542534,201.933848475113,724.9,262.3,1.16980434119164,1.19880434119164,0.0104607851480427,9.14871378602305,170.50154542534,201.933848475113,1
864,18,600300,2820,9.16617024851456,170.406781132918,201.502260377639,725.3,262.7,1.16980434119164,1.19880434119164,0.0104826057261569,9.16617024851456,170.406781132918,201.502260377639,1
865,18,600360,2880,9.17468027397918,170.488493211501,202.129497737167,724.7,262.1,1.16980434119164,1.19880434119164,0.010482605726156,9.17468027397918,170.488493211501,202.129497737167,1
866,18,600420,2940,9.18340850522494,170.518230730253,202.139410243418,724.7,262.1,1.16980434119164,1.19880434119164,0.0105480674605003,9.18340850522494,170.518230730253,202.139410243418,1
867,18,600480,3000,9.19650085209357,170.485709869805,202.228569956602,724.6,262,1.16980434119164,1.19880434119164,0.0106560793221657,9.19650085209357,170.485709869805,202.228569956602,1
868,18,600540,3060,9.20501087755819,170.618774075322,201.772924691774,725.1,262.5,1.16980434119164,1.19880434119164,0.0106342587440507,9.20501087755819,170.618774075322,201.772924691774,1
869,18,600600,3120,9.21373910880395,170.545682697622,202.248560899207,724.6,262,1.16980434119164,1.19880434119164,0.0105262468823843,9.21373910880395,170.545682697622,202.248560899207,1
870,18,600660,3180,9.22683145567259,170.564535581999,201.954845194,724.9,262.3,1.16980434119164,1.19880434119164,0.0104607851480418,9.22683145567259,170.564535581999,201.954845194,1
871,18,600720,3240,9.2353414811372,170.491998818783,202.430666272928,724.4,261.8,1.16980434119164,1.19880434119164,0.0104182350207189,9.2353414811372,170.491998818783,202.430666272928,1
872,18,600780,3300,9.24843382800584,170.562215812582,202.154071937527,724.7,262.1,1.16980434119164,1.19880434119164,0.010418235020718,9.24843382800584,170.562215812582,202.154071937527,1
873,18,600840,3360,9.25716205925159,170.540515474021,201.64683849134,725.2,262.6,1.16980434119164,1.19880434119164,0.0104171439918126,9.25716205925159,170.540515474021,201.64683849134,1
874,18,600900,3420,9.27003620033909,170.559871584065,201.453290528022,725.4,262.8,1.16980434119164,1.19880434119164,0.0103964144426048,9.27003620033909,170.559871584065,201.453290528022,1
875,18,600960,3480,9.27876443158485,170.640884640652,201.880294880217,725,262.4,1.16980434119164,1.19880434119164,0.0103964144426048,9.27876443158485,170.640884640652,201.880294880217,1
876,18,601020,3540,9.29163857267234,170.608854776321,201.469618258774,725.4,262.8,1.16980434119164,1.19880434119164,0.0104171439918126,9.29163857267234,170.608854776321,201.469618258774,1
877,18,601080,3600,9.3003668039181,170.689833491344,201.696611163781,725.2,262.6,1.16980434119164,1.19880434119164,0.0104607851480418,9.3003668039181,170.689833491344,201.696611163781,1
878,18,601140,3660,9.31345915078674,170.605906397468,201.868635465823,725,262.4,1.16980434119164,1.19880434119164,0.0104607851480427,9.31345915078674,170.605906397468,201.868635465823,1
879,18,601200,3720,9.32196917625135,170.636064005655,201.578688001885,725.3,262.7,1.16980434119164,1.19880434119164,0.0104607851480418,9.32196917625135,170.636064005655,201.578688001885,1
880,18,601260,3780,9.33069740749711,170.614338960932,201.871446320311,725,262.4,1.16980434119164,1.19880434119164,0.0104826057261551,9.33069740749711,170.614338960932,201.871446320311,1
881,18,601320,3840,9.34378975436575,170.633073749858,201.277691249953,725.6,263,1.16980434119164,1.19880434119164,0.010482605726156,9.34378975436575,170.633073749858,201.277691249953,1
882,18,601380,3900,9.35229977983036,170.611887013552,201.670629004517,725.2,262.6,1.16980434119164,1.19880434119164,0.0104836967550623,9.35229977983036,170.611887013552,201.670629004517,1
883,18,601440,3960,9.36102801107613,170.590157027597,201.663385675866,725.2,262.6,1.16980434119164,1.19880434119164,0.0104400555988322,9.36102801107613,170.590157027597,201.663385675866,1
884,18,601500,4020,9.3782662677865,170.752451657905,201.117483885968,725.8,263.2,1.16980434119164,1.19880434119164,0.0103953234136975,9.3782662677865,170.752451657905,201.117483885968,1
885,18,601560,4080,9.38699449903226,170.628106113202,201.276035371067,725.6,263,1.16980434119164,1.19880434119164,0.0103964144426048,9.38699449903226,170.628106113202,201.276035371067,1
886,18,601620,4140,9.4000868459009,170.749367765757,201.516455921919,725.4,262.8,1.16980434119164,1.19880434119164,0.0104182350207189,9.4000868459009,170.749367765757,201.516455921919,1
887,18,601680,4200,9.40859687136551,170.625585606223,201.275195202074,725.6,263,1.16980434119164,1.19880434119164,0.0104400555988322,9.40859687136551,170.625585606223,201.275195202074,1
888,18,601740,4260,9.42168921823415,170.695524902769,201.398508300923,725.5,262.9,1.16980434119164,1.19880434119164,0.0104400555988322,9.42168921823415,170.695524902769,201.398508300923,1
889,18,601800,4320,9.43041744947991,170.622496896374,200.774165632125,726.1,263.5,1.16980434119164,1.19880434119164,0.0104607851480418,9.43041744947991,170.622496896374,200.774165632125,1
890,18,601860,4380,9.4432915905674,170.641682039781,200.880560679927,726,263.4,1.16980434119164,1.19880434119164,0.0104618761769482,9.4432915905674,170.641682039781,200.880560679927,1
891,18,601920,4440,9.45201982181316,170.722449517124,200.707483172375,726.2,263.6,1.16980434119164,1.19880434119164,0.0104618761769473,9.45201982181316,170.722449517124,200.707483172375,1
892,18,601980,4500,9.46489396290065,170.690346769618,201.196782256539,725.7,263.1,1.16980434119164,1.19880434119164,0.0104607851480418,9.46489396290065,170.690346769618,201.196782256539,1
893,18,602040,4560,9.47362219414641,170.719831050217,200.606610350072,726.3,263.7,1.16980434119164,1.19880434119164,0.0104400555988331,9.47362219414641,170.719831050217,200.606610350072,1
894,18,602100,4620,9.48671454101505,170.687176776497,200.995725592166,725.9,263.3,1.16980434119164,1.19880434119164,0.0104400555988322,9.48671454101505,170.687176776497,200.995725592166,1
895,18,602160,4680,9.49958868210254,170.706300895687,201.302100298562,725.6,263,1.16980434119164,1.19880434119164,0.0104400555988331,9.49958868210254,170.706300895687,201.302100298562,1
896,18,602220,4740,9.5083169133483,170.63329722486,201.17776574162,725.7,263.1,1.16980434119164,1.19880434119164,0.010440055598834,9.5083169133483,170.63329722486,201.17776574162,1
897,18,602280,4800,9.51704514459406,170.713976254145,201.104658751382,725.8,263.2,1.16980434119164,1.19880434119164,0.0104607851480418,9.51704514459406,170.713976254145,201.104658751382,1
898,18,602340,4860,9.52991928568155,170.681851641686,201.193950547229,725.7,263.1,1.16980434119164,1.19880434119164,0.0105044263042702,9.52991928568155,170.681851641686,201.193950547229,1
899,18,602400,4920,9.53864751692731,170.711284286408,202.103761428803,725.8,263.2,1.16980434119164,1.19880434119164,0.0105044263042702,9.53864751692731,170.711284286408,202.103761428803,1
900,18,602460,4980,9.55152165801481,170.730357140312,200.810119046771,726.1,263.5,1.16980434119164,1.19880434119164,0.0105044263042711,9.55152165801481,170.730357140312,200.810119046771,1
901,18,602520,5040,9.56024988926056,170.70856785957,200.50285595319,726.4,263.8,1.16980434119164,1.19880434119164,0.0105262468823843,9.56024988926056,170.70856785957,200.50285595319,1
902,18,602580,5100,9.56897812050633,170.737973451045,200.712657817015,726.2,263.6,1.16980434119164,1.19880434119164,0.0105480674604976,9.56897812050633,170.737973451045,200.712657817015,1
903,18,602640,5160,9.58185226159382,170.705826973633,200.601942324544,726.3,263.7,1.16980434119164,1.19880434119164,0.0105480674604985,9.58185226159382,170.705826973633,200.601942324544,1
904,18,602700,5220,9.59494460846246,170.673135640671,200.491045213557,726.4,263.8,1.16980434119164,1.19880434119164,0.0105262468823852,9.59494460846246,170.673135640671,200.491045213557,1
905,18,602760,5280,9.60803695533109,170.691617067913,200.197205689304,726.7,264.1,1.16980434119164,1.19880434119164,0.0105262468823852,9.60803695533109,170.691617067913,200.197205689304,1
906,18,602820,5340,9.61654698079571,170.670362883786,200.590120961262,726.3,263.7,1.16980434119164,1.19880434119164,0.0105044263042702,9.61654698079571,170.670362883786,200.590120961262,1
907,18,602880,5400,9.62527521204147,170.699726721849,200.599908907283,726.3,263.7,1.16980434119164,1.19880434119164,0.0105262468823852,9.62527521204147,170.699726721849,200.599908907283,1
908,18,602940,5460,9.6383675589101,170.66702056519,201.189006855063,725.7,263.1,1.16980434119164,1.19880434119164,0.0105480674604994,9.6383675589101,170.66702056519,201.189006855063,1
909,18,603000,5520,9.64687758437472,170.748063106801,200.4160210356,726.5,263.9,1.16980434119164,1.19880434119164,0.0105469764315931,9.64687758437472,170.748063106801,200.4160210356,1
910,18,603060,5580,9.65996993124336,170.664198766575,200.788066255525,726.1,263.5,1.16980434119164,1.19880434119164,0.0105687970097073,9.65996993124336,170.664198766575,200.788066255525,1
911,18,603120,5640,9.66847995670798,170.796350573553,200.132116857851,726.8,264.2,1.16980434119164,1.19880434119164,0.0105698880386136,9.66847995670798,170.796350573553,200.132116857851,1
912,18,603180,5700,9.67720818795373,170.621125901374,200.173708633791,726.7,264.1,1.16980434119164,1.19880434119164,0.010568797009709,9.67720818795373,170.621125901374,200.173708633791,1
913,18,603240,5760,9.69030053482237,170.639538521956,200.179846173985,726.7,264.1,1.16980434119164,1.19880434119164,0.010568797009709,9.69030053482237,170.639538521956,200.179846173985,1
914,18,603300,5820,9.70317467590986,170.607362891274,200.169120963758,726.7,264.1,1.16980434119164,1.19880434119164,0.0105480674604985,9.70317467590986,170.607362891274,200.169120963758,1
915,18,603360,5880,9.71190290715562,170.636662863909,199.678887621303,727.2,264.6,1.16980434119164,1.19880434119164,0.0105262468823843,9.71190290715562,170.636662863909,199.678887621303,1
916,18,603420,5940,9.72499525402426,170.706147567086,199.902049189029,727,264.4,1.16980434119164,1.19880434119164,0.0105698880386136,9.72499525402426,170.706147567086,199.902049189029,1
917,18,603480,6000,9.73350527948888,170.684864476751,199.994954825584,726.9,264.3,1.16980434119164,1.19880434119164,0.0154984647626641,9.73350527948888,170.684864476751,199.994954825584,1
918,18,603502,6001,9.73350527948888,170.73596620674,199.71198873558,727.2,264.6,1.16980434119164,1.19880434119164,0.0552553961103948,9.73350527948888,170.73596620674,199.71198873558,1
919,19,603503,0,9.73350527948888,170.73596620674,200.01198873558,726.9,264.3,1.16980434119164,1.19880434119164,0.636811751699889,9.73350527948888,170.73596620674,200.01198873558,1
920,19,603504,6,9.73786939511175,174.250898227545,198.983632742515,729.1,266.5,1.16980434119164,1.19880434119164,0.181927511415865,9.73786939511175,174.250898227545,198.983632742515,1
921,19,603510,12,9.74659762635752,177.294382619116,199.098127539705,730,267.4,1.16980434119164,1.19880434119164,0.106124381658979,9.74659762635752,177.294382619116,199.098127539705,1
922,19,603516,18,9.75947176744501,177.21015061237,199.070050204123,730,267.4,1.16980434119164,1.19880434119164,0.105917086166892,9.75947176744501,177.21015061237,199.070050204123,1
923,19,603522,24,9.76819999869076,176.421453053948,199.507151017983,729.3,266.7,1.16980434119164,1.19880434119164,0.105906175878801,9.76819999869076,176.421453053948,199.507151017983,1
924,19,603528,30,9.7812923455594,175.877118119907,199.925706039969,728.7,266.1,1.16980434119164,1.19880434119164,0.10590617587881,9.7812923455594,175.877118119907,199.925706039969,1
925,19,603534,36,9.78980237102402,175.395705257253,200.065235085751,728.4,265.8,1.16980434119164,1.19880434119164,0.105698880385751,9.78980237102402,175.395705257253,200.065235085751,1
926,19,603540,42,9.80289471789266,175.158008126985,200.386002708995,728,265.4,1.16980434119164,1.19880434119164,0.105917086166892,9.80289471789266,175.158008126985,200.386002708995,1
927,19,603546,48,9.81576885898015,174.869871600075,200.389957200025,727.9,265.3,1.16980434119164,1.19880434119164,0.106135291948033,9.81576885898015,174.869871600075,200.389957200025,1
928,19,603552,54,9.82449709022591,174.694467190572,200.631489063524,727.6,265,1.16980434119164,1.19880434119164,0.105906175878801,9.82449709022591,174.694467190572,200.631489063524,1
929,19,603558,60,9.83758943709455,174.456937568078,200.652312522693,727.5,264.9,1.16980434119164,1.19880434119164,0.10590617587881,9.83758943709455,174.456937568078,200.652312522693,1
930,19,603564,66,9.84609946255916,174.384235891235,200.928078630412,727.2,264.6,1.16980434119164,1.19880434119164,0.106135291948033,9.84609946255916,174.384235891235,200.928078630412,1
931,19,603570,72,9.8591918094278,174.24885339867,201.08295113289,727,264.4,1.16980434119164,1.19880434119164,0.106124381658979,9.8591918094278,174.24885339867,201.08295113289,1
932,19,603576,78,9.86792004067356,174.073572149382,201.324524049794,726.7,264.1,1.16980434119164,1.19880434119164,0.106124381658997,9.86792004067356,174.073572149382,201.324524049794,1
933,19,603582,84,9.87643006613817,174.000916549529,201.40030551651,726.6,264,1.16980434119164,1.19880434119164,0.10635349773015,9.87643006613817,174.000916549529,201.40030551651,1
934,19,603588,90,9.88515829738393,173.825684341971,201.441894780657,726.5,263.9,1.16980434119164,1.19880434119164,0.106135291949007,9.88515829738393,173.825684341971,201.441894780657,1
935,19,603594,96,9.89825064425257,173.843438172761,201.547812724254,726.4,263.8,1.16980434119164,1.19880434119164,0.105698880385751,9.89825064425257,173.843438172761,201.547812724254,1
936,19,603600,102,9.91112478534006,173.708728143069,201.802909381023,726.1,263.5,1.16980434119164,1.19880434119164,0.105906175877829,9.91112478534006,173.708728143069,201.802909381023,1
937,19,603606,108,9.9242171322087,173.675480921478,201.291826973826,726.6,264,1.16980434119164,1.19880434119164,0.106124381658988,9.9242171322087,173.675480921478,201.291826973826,1
938,19,603612,114,9.93272715767331,173.551892334718,201.350630778239,726.5,263.9,1.16980434119164,1.19880434119164,0.106135291949007,9.93272715767331,173.551892334718,201.350630778239,1
939,19,603618,120,9.94581950454195,173.46767840231,201.322559467437,726.5,263.9,1.16980434119164,1.19880434119164,0.106124381659944,9.94581950454195,173.46767840231,201.322559467437,1
940,19,603624,126,9.95454773578772,173.292598631767,201.464199543922,726.3,263.7,1.16980434119164,1.19880434119164,0.106124381658988,9.95454773578772,173.292598631767,201.464199543922,1
941,19,603630,132,9.9674218768752,173.208979955476,201.336326651825,726.4,263.8,1.16980434119164,1.19880434119164,0.106135291948042,9.9674218768752,173.208979955476,201.336326651825,1
942,19,603636,138,9.97615010812097,173.186849729708,201.328949909903,726.4,263.8,1.16980434119164,1.19880434119164,0.105917086166892,9.97615010812097,173.186849729708,201.328949909903,1
943,19,603642,144,9.9892424549896,173.102697439172,201.400899146391,726.3,263.7,1.16980434119164,1.19880434119164,0.105917086167856,9.9892424549896,173.102697439172,201.400899146391,1
944,19,603648,150,9.99775248045422,173.132077420931,201.610692473643,726.1,263.5,1.16980434119164,1.19880434119164,0.105917086167856,9.99775248045422,173.132077420931,201.610692473643,1
945,19,603654,156,10.0108448273229,173.047937359944,201.582645786648,726.1,263.5,1.16980434119164,1.19880434119164,0.10548067460461,10.0108448273229,173.047937359944,201.582645786648,1
946,19,603660,162,10.0193548527875,172.975425302889,201.558475100963,726.1,263.5,1.16980434119164,1.19880434119164,0.10569888038576,10.0193548527875,172.975425302889,201.558475100963,1
947,19,603666,168,10.0324471996561,172.891312295149,201.330437431717,726.3,263.7,1.16980434119164,1.19880434119164,0.106124381658988,10.0324471996561,172.891312295149,201.330437431717,1
948,19,603672,174,10.0455395465247,172.807214111107,201.702404703702,725.9,263.3,1.16980434119164,1.19880434119164,0.10590617587881,10.0455395465247,172.807214111107,201.702404703702,1
949,19,603678,180,10.0540495719894,172.785656411788,201.895218803929,725.7,263.1,1.16980434119164,1.19880434119164,0.105917086167864,10.0540495719894,172.785656411788,201.895218803929,1
950,19,603684,186,10.067141918858,172.650665017758,201.650221672586,725.9,263.3,1.16980434119164,1.19880434119164,0.105917086166892,10.067141918858,172.650665017758,201.650221672586,1
951,19,603690,192,10.0758701501038,172.730380259689,201.976793419896,725.6,263,1.16980434119164,1.19880434119164,0.105917086166892,10.0758701501038,172.730380259689,201.976793419896,1
952,19,603696,198,10.0887442911913,172.59596608628,201.731988695427,725.8,263.2,1.16980434119164,1.19880434119164,0.106135291948033,10.0887442911913,172.59596608628,201.731988695427,1
953,19,603702,204,10.097472522437,172.675656869111,201.158552289704,726.4,263.8,1.16980434119164,1.19880434119164,0.105917086167856,10.097472522437,172.675656869111,201.158552289704,1
954,19,603708,210,10.1103466635245,172.541267154802,201.313755718267,726.2,263.6,1.16980434119164,1.19880434119164,0.105698880386713,10.1103466635245,172.541267154802,201.313755718267,1
955,19,603714,216,10.1190748947703,172.519166576427,201.406388858809,726.1,263.5,1.16980434119164,1.19880434119164,0.10548067460461,10.1190748947703,172.519166576427,201.406388858809,1
956,19,603720,222,10.127803126016,172.446187488231,201.182062496077,726.3,263.7,1.16980434119164,1.19880434119164,0.105698880385751,10.127803126016,172.446187488231,201.182062496077,1
957,19,603726,228,10.1450413827264,172.351679853987,201.450559951329,726,263.4,1.16980434119164,1.19880434119164,0.106135291948042,10.1450413827264,172.351679853987,201.450559951329,1
958,19,603732,234,10.1537696139722,172.329589158076,201.143196386025,726.3,263.7,1.16980434119164,1.19880434119164,0.105906175878801,10.1537696139722,172.329589158076,201.143196386025,1
959,19,603738,240,10.1666437550596,172.24614886027,201.215382953423,726.2,263.6,1.16980434119164,1.19880434119164,0.105687970097649,10.1666437550596,172.24614886027,201.215382953423,1
960,19,603744,246,10.1753719863054,172.274914685698,201.224971561899,726.2,263.6,1.16980434119164,1.19880434119164,0.10569888038576,10.1753719863054,172.274914685698,201.224971561899,1
961,19,603750,252,10.188464333174,172.241778641832,201.213926213944,726.2,263.6,1.16980434119164,1.19880434119164,0.105698880385751,10.188464333174,172.241778641832,201.213926213944,1
962,19,603756,258,10.1969743586387,172.220240213319,200.706746737773,726.7,264.1,1.16980434119164,1.19880434119164,0.105917086166892,10.1969743586387,172.220240213319,200.706746737773,1
963,19,603762,264,10.2057025898844,172.147315108086,200.682438369362,726.7,264.1,1.16980434119164,1.19880434119164,0.105917086167856,10.2057025898844,172.147315108086,200.682438369362,1
964,19,603768,270,10.2187949367531,172.114186476068,200.671395492023,726.7,264.1,1.16980434119164,1.19880434119164,0.105480674605561,10.2187949367531,172.114186476068,200.671395492023,1
965,19,603774,276,10.2273049622177,172.092652865257,200.864217621752,726.5,263.9,1.16980434119164,1.19880434119164,0.105262468823469,10.2273049622177,172.092652865257,200.864217621752,1
966,19,603780,282,10.2447614247092,171.946856761283,200.915618920428,726.4,263.8,1.16980434119164,1.19880434119164,0.105469764315556,10.2447614247092,171.946856761283,200.915618920428,1
967,19,603786,288,10.2532714501738,171.976140265483,200.725380088494,726.6,264,1.16980434119164,1.19880434119164,0.105687970096706,10.2532714501738,171.976140265483,200.725380088494,1
968,19,603792,294,10.2663637970424,171.943019045314,200.614339681771,726.7,264.1,1.16980434119164,1.19880434119164,0.106135291949007,10.2663637970424,171.943019045314,200.614339681771,1
969,19,603798,300,10.2750920282882,171.971733358394,200.723911119465,726.6,264,1.16980434119164,1.19880434119164,0.107215410565668,10.2750920282882,171.971733358394,200.723911119465,1
970,19,603804,306,10.2879661693757,171.888369032035,200.896123010678,726.4,263.8,1.16980434119164,1.19880434119164,0.107640911837929,10.2879661693757,171.888369032035,200.896123010678,1
971,19,603810,312,10.2966944006215,171.866288218589,200.78876273953,726.5,263.9,1.16980434119164,1.19880434119164,0.107204500275629,10.2966944006215,171.866288218589,200.78876273953,1
972,19,603816,318,10.3054226318672,171.793429449399,200.464476483133,726.8,264.2,1.16980434119164,1.19880434119164,0.106560793221261,10.3054226318672,171.793429449399,200.464476483133,1
973,19,603822,324,10.3182967729547,171.760867537884,200.353622512628,726.9,264.3,1.16980434119164,1.19880434119164,0.106135291949007,10.3182967729547,171.760867537884,200.353622512628,1
974,19,603828,330,10.3270250042005,171.73879166567,200.246263888557,727,264.4,1.16980434119164,1.19880434119164,0.106124381659944,10.3270250042005,171.73879166567,200.246263888557,1
975,19,603834,336,10.3357532354462,171.564433438569,200.388144479523,726.8,264.2,1.16980434119164,1.19880434119164,0.106124381658988,10.3357532354462,171.564433438569,200.388144479523,1
976,19,603840,342,10.3529914921566,171.673115945835,201.024371981945,726.2,263.6,1.16980434119164,1.19880434119164,0.106135291948042,10.3529914921566,171.673115945835,201.024371981945,1
977,19,603846,348,10.3617197234024,171.549547904028,200.383182634676,726.8,264.2,1.16980434119164,1.19880434119164,0.105917086166892,10.3617197234024,171.549547904028,200.383182634676,1
978,19,603852,354,10.370229748867,171.629516098213,200.409838699404,726.8,264.2,1.16980434119164,1.19880434119164,0.106135291948998,10.370229748867,171.629516098213,200.409838699404,1
979,19,603858,360,10.3833220957356,171.545668434645,200.481889478215,726.7,264.1,1.16980434119164,1.19880434119164,0.106342587441087,10.3833220957356,171.545668434645,200.481889478215,1
980,19,603864,366,10.3920503269814,171.574326417679,199.891442139226,727.3,264.7,1.16980434119164,1.19880434119164,0.106124381658988,10.3920503269814,171.574326417679,199.891442139226,1
981,19,603870,372,10.4049244680689,171.44032125477,200.04677375159,727.1,264.5,1.16980434119164,1.19880434119164,0.106135291948042,10.4049244680689,171.44032125477,200.04677375159,1
982,19,603876,378,10.4136526993146,171.418255265021,200.539418421674,726.6,264,1.16980434119164,1.19880434119164,0.106124381658979,10.4136526993146,171.418255265021,200.539418421674,1
983,19,603882,384,10.4267450461833,171.385156280397,200.028385426799,727.1,264.5,1.16980434119164,1.19880434119164,0.106342587441087,10.4267450461833,171.385156280397,200.028385426799,1
984,19,603888,390,10.4352550716479,171.312937485477,200.204312495159,726.9,264.3,1.16980434119164,1.19880434119164,0.106571703511293,10.4352550716479,171.312937485477,200.204312495159,1
985,19,603894,396,10.4439833028936,171.341575950643,199.613858650214,727.5,264.9,1.16980434119164,1.19880434119164,0.106342587440129,10.4439833028936,171.341575950643,199.613858650214,1
986,19,603900,402,10.461221559604,171.24730586614,199.782435288713,727.3,264.7,1.16980434119164,1.19880434119164,0.106124381658979,10.461221559604,171.24730586614,199.782435288713,1
987,19,603906,408,10.4699497908498,171.275929631139,199.591976543713,727.5,264.9,1.16980434119164,1.19880434119164,0.105917086166892,10.4699497908498,171.275929631139,199.591976543713,1
988,19,603912,414,10.4830421377184,171.192153244848,199.364051081616,727.7,265.1,1.16980434119164,1.19880434119164,0.105698880386713,10.4830421377184,171.192153244848,199.364051081616,1
989,19,603918,420,10.491552163183,171.221316306511,200.27377210217,727.8,265.2,1.16980434119164,1.19880434119164,0.105917086167856,10.491552163183,171.221316306511,200.27377210217,1
990,19,603924,426,10.5046445100516,171.137552149769,199.24585071659,727.8,265.2,1.16980434119164,1.19880434119164,0.10612438165897,10.5046445100516,171.137552149769,199.24585071659,1
991,19,603930,432,10.5133727412974,171.115491101252,199.538497033751,727.5,264.9,1.16980434119164,1.19880434119164,0.106124381658979,10.5133727412974,171.115491101252,199.538497033751,1
992,19,603936,438,10.521882766762,171.093981578948,199.431327192983,727.6,265,1.16980434119164,1.19880434119164,0.106135291948051,10.521882766762,171.093981578948,199.431327192983,1
993,19,603942,444,10.5349751136307,171.010242004837,199.103414001612,727.9,265.3,1.16980434119164,1.19880434119164,0.105906175878801,10.5349751136307,171.010242004837,199.103414001612,1
994,19,603948,450,10.5437033448764,171.038828957656,199.312942985885,727.7,265.1,1.16980434119164,1.19880434119164,0.105906175878801,10.5437033448764,171.038828957656,199.312942985885,1
995,19,603954,456,10.552213370341,171.017319435352,199.405773145117,727.6,265,1.16980434119164,1.19880434119164,0.106124381658988,10.552213370341,171.017319435352,199.405773145117,1
996,19,603960,462,10.5696698328325,170.922568978381,199.07418965946,727.9,265.3,1.16980434119164,1.19880434119164,0.105906175877838,10.5696698328325,170.922568978381,199.07418965946,1
997,19,603966,468,10.5781798582972,170.901064273779,199.167021424593,727.8,265.2,1.16980434119164,1.19880434119164,0.105698880385751,10.5781798582972,170.901064273779,199.167021424593,1
998,19,603972,474,10.5869080895429,170.777770964486,199.425923654829,727.5,264.9,1.16980434119164,1.19880434119164,0.10590617587881,10.5869080895429,170.777770964486,199.425923654829,1
999,19,603978,480,10.6000004364116,170.845924005567,198.848641335189,728.1,265.5,1.16980434119164,1.19880434119164,0.106124381659944,10.6000004364116,170.845924005567,198.848641335189,1
1000,19,603984,486,10.6085104618762,170.723206558057,198.907735519352,728,265.4,1.16980434119164,1.19880434119164,0.105917086166892,10.6085104618762,170.723206558057,198.907735519352,1
1001,19,603990,492,10.6216028087448,170.740736180432,198.913578726811,728,265.4,1.16980434119164,1.19880434119164,0.105906175877865,10.6216028087448,170.740736180432,198.913578726811,1
1002,19,603996,498,10.6303310399906,170.71868501438,198.806228338127,728.1,265.5,1.16980434119164,1.19880434119164,0.105906175877865,10.6303310399906,170.71868501438,198.806228338127,1
1003,19,604002,504,10.6388410654552,170.747774328151,198.81592477605,728.1,265.5,1.16980434119164,1.19880434119164,0.105917086167856,10.6388410654552,170.747774328151,198.81592477605,1
1004,19,604008,510,10.6519334123238,170.6641083784,199.288036126133,727.6,265,1.16980434119164,1.19880434119164,0.105917086167847,10.6519334123238,170.6641083784,199.288036126133,1
1005,19,604014,516,10.6606616435696,170.692634059939,198.997544686647,727.9,265.3,1.16980434119164,1.19880434119164,0.105698880385751,10.6606616435696,170.692634059939,198.997544686647,1
1006,19,604020,522,10.67789990028,170.598506159395,198.766168719798,728.1,265.5,1.16980434119164,1.19880434119164,0.105906175877838,10.67789990028,170.598506159395,198.766168719798,1
1007,19,604026,528,10.6866281315257,170.525892845917,198.741964281973,728.1,265.5,1.16980434119164,1.19880434119164,0.105687970096688,10.6866281315257,170.525892845917,198.741964281973,1
1008,19,604032,534,10.6951381569903,170.504397776718,198.834799258906,728,265.4,1.16980434119164,1.19880434119164,0.105698880386713,10.6951381569903,170.504397776718,198.834799258906,1
1009,19,604038,540,10.7038663882361,170.431799163406,198.310599721135,728.5,265.9,1.16980434119164,1.19880434119164,0.105917086167873,10.7038663882361,170.431799163406,198.310599721135,1
1010,19,604044,546,10.7169587351047,170.449282214668,198.216427404889,728.6,266,1.16980434119164,1.19880434119164,0.105917086166892,10.7169587351047,170.449282214668,198.216427404889,1
1011,19,604050,552,10.7254687605693,170.427787145469,198.509262381823,728.3,265.7,1.16980434119164,1.19880434119164,0.105917086166892,10.7254687605693,170.427787145469,198.509262381823,1
1012,19,604056,558,10.738561107438,170.495783302425,198.731927767475,728.1,265.5,1.16980434119164,1.19880434119164,0.105698880385751,10.738561107438,170.495783302425,198.731927767475,1
1013,19,604062,564,10.7472893386837,170.372671583418,198.490890527806,728.3,265.7,1.16980434119164,1.19880434119164,0.105917086167856,10.7472893386837,170.372671583418,198.490890527806,1
1014,19,604068,570,10.7557993641484,170.351176514219,198.38372550474,728.4,265.8,1.16980434119164,1.19880434119164,0.105917086167873,10.7557993641484,170.351176514219,198.38372550474,1
1015,19,604074,576,10.7645275953941,170.278612242472,198.659537414157,728.1,265.5,1.16980434119164,1.19880434119164,0.10569888038576,10.7645275953941,170.278612242472,198.659537414157,1
1016,19,604080,582,10.7817658521045,170.285588995379,198.06186299846,728.7,266.1,1.16980434119164,1.19880434119164,0.10548067460461,10.7817658521045,170.285588995379,198.06186299846,1
1017,19,604086,588,10.7904940833502,170.213039423798,198.737679807933,728,265.4,1.16980434119164,1.19880434119164,0.105262468823461,10.7904940833502,170.213039423798,198.737679807933,1
1018,19,604092,594,10.799222314596,170.19099814021,198.430332713403,728.3,265.7,1.16980434119164,1.19880434119164,0.105480674605561,10.799222314596,170.19099814021,198.430332713403,1
1019,19,604098,600,10.8120964556835,170.158487246918,197.819495748973,728.9,266.3,1.16980434119164,1.19880434119164,0.105698880386722,10.8120964556835,170.158487246918,197.819495748973,1
1020,19,604104,601,10.8120964556835,170.158487246918,197.819495748973,728.9,266.3,1.16980434119164,1.19880434119164,0.180824013608373,10.8120964556835,170.158487246918,197.819495748973,1
1021,20,604105,0,10.8164605713064,169.491114199386,197.897038066462,728.6,266,1.16980434119164,1.19880434119164,0.105480674604601,10.8164605713064,169.491114199386,197.897038066462,1
1022,20,604116,12,10.8208246869293,168.016026572206,198.105342190735,727.9,265.3,1.16980434119164,1.19880434119164,0.0551472419406054,10.8208246869293,168.016026572206,198.105342190735,1
1023,20,604128,24,10.829552918175,168.347561463602,198.115853821201,728,265.4,1.16980434119164,1.19880434119164,0.052849440193116,10.829552918175,168.347561463602,198.115853821201,1
1024,20,604140,36,10.8424270592625,168.567675393572,197.989225131191,728.2,265.6,1.16980434119164,1.19880434119164,0.0528494401928801,10.8424270592625,168.567675393572,197.989225131191,1
1025,20,604152,48,10.8511552905083,168.596251352149,197.698750450716,728.5,265.9,1.16980434119164,1.19880434119164,0.0529530879391597,10.8511552905083,168.596251352149,197.698750450716,1
1026,20,604164,60,10.8642476373769,168.714789150417,197.338263050139,728.9,266.3,1.16980434119164,1.19880434119164,0.0528439850485888,10.8642476373769,168.714789150417,197.338263050139,1
1027,20,604176,72,10.8727576628415,168.743880934804,197.547960311601,728.7,266.1,1.16980434119164,1.19880434119164,0.0526312344119741,10.8727576628415,168.743880934804,197.547960311601,1
1028,20,604188,84,10.890214125333,168.85138610879,197.383795369597,728.9,266.3,1.16980434119164,1.19880434119164,0.0528494401931204,10.890214125333,168.85138610879,197.383795369597,1
1029,20,604200,96,10.8987241507977,168.779559771243,197.159853257081,729.1,266.5,1.16980434119164,1.19880434119164,0.0529585430834506,10.8987241507977,168.779559771243,197.159853257081,1
1030,20,604212,108,10.9074523820434,168.959380672993,197.419793557664,728.9,266.3,1.16980434119164,1.19880434119164,0.0529530879391553,10.9074523820434,168.959380672993,197.419793557664,1
1031,20,604224,120,10.920544728912,168.876029850331,197.39200995011,728.9,266.3,1.16980434119164,1.19880434119164,0.0529530879391597,10.920544728912,168.876029850331,197.39200995011,1
1032,20,604236,132,10.9290547543767,168.905060857561,197.10168695252,729.2,266.6,1.16980434119164,1.19880434119164,0.052958543083687,10.9290547543767,168.905060857561,197.10168695252,1
1033,20,604248,144,10.9421471012453,168.821722264448,196.973907421483,729.3,266.7,1.16980434119164,1.19880434119164,0.0529530879391597,10.9421471012453,168.821722264448,196.973907421483,1
1034,20,604260,156,10.9508753324911,168.799779805506,197.166593268502,729.1,266.5,1.16980434119164,1.19880434119164,0.0528439850483529,10.9508753324911,168.799779805506,197.166593268502,1
1035,20,604272,168,10.9593853579557,168.828793641954,196.876264547318,729.4,266.8,1.16980434119164,1.19880434119164,0.052958543083687,10.9593853579557,168.828793641954,196.876264547318,1
1036,20,604284,180,10.9724777048243,168.846272863761,196.682090954587,729.6,267,1.16980434119164,1.19880434119164,0.052849440193116,10.9724777048243,168.846272863761,196.682090954587,1
1037,20,604296,192,10.9812059360701,168.87471590319,196.59157196773,729.7,267.1,1.16980434119164,1.19880434119164,0.0527403373025495,10.9812059360701,168.87471590319,196.59157196773,1
1038,20,604308,204,10.9897159615347,168.853307552617,197.184435850872,729.1,266.5,1.16980434119164,1.19880434119164,0.0528439850485888,10.9897159615347,168.853307552617,197.184435850872,1
1039,20,604320,216,11.0071724240262,168.859773668009,196.48659122267,729.8,267.2,1.16980434119164,1.19880434119164,0.0529530879389189,11.0071724240262,168.859773668009,196.48659122267,1
1040,20,604332,228,11.0156824494908,168.838360499734,196.879453499911,729.4,266.8,1.16980434119164,1.19880434119164,0.0530676459742668,11.0156824494908,168.838360499734,196.879453499911,1
1041,20,604344,240,11.0287747963595,168.755048712806,196.451682904269,729.8,267.2,1.16980434119164,1.19880434119164,0.0530621908297307,11.0287747963595,168.755048712806,196.451682904269,1
1042,20,604356,252,11.0375030276052,168.733091430167,196.744363810056,729.5,266.9,1.16980434119164,1.19880434119164,0.0531712937203017,11.0375030276052,168.733091430167,196.744363810056,1
1043,20,604368,264,11.0460130530698,168.711683079594,196.537227693198,729.7,267.1,1.16980434119164,1.19880434119164,0.0531767488648289,11.0460130530698,168.711683079594,196.537227693198,1
1044,20,604380,276,11.0591053999385,168.678747155635,196.726249051878,729.5,266.9,1.16980434119164,1.19880434119164,0.053062190829485,11.0591053999385,168.678747155635,196.726249051878,1
1045,20,604392,288,11.071979541026,168.646360163742,196.515453387914,729.7,267.1,1.16980434119164,1.19880434119164,0.0531712937203017,11.071979541026,168.646360163742,196.515453387914,1
1046,20,604404,300,11.0763436566488,168.685723043827,196.328574347942,729.9,267.3,1.16980434119164,1.19880434119164,0.0531712937203017,11.0763436566488,168.685723043827,196.328574347942,1
1047,20,604416,312,11.0894360035175,168.703113817576,196.234371272525,730,267.4,1.16980434119164,1.19880434119164,0.0530621908297351,11.0894360035175,168.703113817576,196.234371272525,1
1048,20,604428,324,11.1066742602278,168.659728666496,196.319909555499,729.9,267.3,1.16980434119164,1.19880434119164,0.0531767488648289,11.1066742602278,168.659728666496,196.319909555499,1
1049,20,604440,336,11.1154024914736,168.688080910783,196.229360303594,730,267.4,1.16980434119164,1.19880434119164,0.0532803966106303,11.1154024914736,168.688080910783,196.229360303594,1
1050,20,604452,348,11.1241307227194,168.565479868131,196.188493289377,730,267.4,1.16980434119164,1.19880434119164,0.053389499501448,11.1241307227194,168.565479868131,196.188493289377,1
1051,20,604464,360,11.1370048638069,168.583392767761,196.29446425592,729.9,267.3,1.16980434119164,1.19880434119164,0.053389499501448,11.1370048638069,168.583392767761,196.29446425592,1
1052,20,604476,372,11.1457330950526,168.460821125441,196.253607041814,729.9,267.3,1.16980434119164,1.19880434119164,0.0532749414663499,11.1457330950526,168.460821125441,196.253607041814,1
1053,20,604488,384,11.1588254419213,168.578769681761,196.092923227254,730.1,267.5,1.16980434119164,1.19880434119164,0.0532803966108726,11.1588254419213,168.578769681761,196.092923227254,1
1054,20,604500,396,11.1673354673859,168.507056869025,196.069018956342,730.1,267.5,1.16980434119164,1.19880434119164,0.0532803966106348,11.1673354673859,168.507056869025,196.069018956342,1
1055,20,604512,408,11.1760636986316,168.585659839573,196.395219946524,729.8,267.2,1.16980434119164,1.19880434119164,0.0532749414663499,11.1760636986316,168.585659839573,196.395219946524,1
1056,20,604524,420,11.1889378397191,168.452688135394,196.050896045131,730.1,267.5,1.16980434119164,1.19880434119164,0.0531712937203017,11.1889378397191,168.452688135394,196.050896045131,1
1057,20,604536,432,11.1976660709649,168.480993808566,195.760331269522,730.4,267.8,1.16980434119164,1.19880434119164,0.0532803966108771,11.1976660709649,168.480993808566,195.760331269522,1
1058,20,604548,444,11.2151225334564,168.386786640083,195.928928880027,730.2,267.6,1.16980434119164,1.19880434119164,0.053498602392019,11.2151225334564,168.386786640083,195.928928880027,1
1059,20,604560,456,11.223632558921,168.365368654106,195.821789551369,730.3,267.7,1.16980434119164,1.19880434119164,0.0534986023917757,11.223632558921,168.365368654106,195.821789551369,1
1060,20,604572,468,11.2367249057897,168.332417906451,196.010805968817,730.1,267.5,1.16980434119164,1.19880434119164,0.0534931472474962,11.2367249057897,168.332417906451,196.010805968817,1
1061,20,604584,480,11.2454531370354,168.310450741347,195.903483580449,730.2,267.6,1.16980434119164,1.19880434119164,0.053498602392019,11.2454531370354,168.310450741347,195.903483580449,1
1062,20,604596,492,11.2539631625,168.389514690027,195.429838230009,730.7,268.1,1.16980434119164,1.19880434119164,0.053389499501448,11.2539631625,168.389514690027,195.429838230009,1
1063,20,604608,504,11.2670555093687,168.356549118674,195.618849706225,730.5,267.9,1.16980434119164,1.19880434119164,0.0533840443569208,11.2670555093687,168.356549118674,195.618849706225,1
1064,20,604620,516,11.2757837406144,168.384800685353,195.928266895118,730.2,267.6,1.16980434119164,1.19880434119164,0.0534986023917802,11.2757837406144,168.384800685353,195.928266895118,1
1065,20,604632,528,11.284293766079,168.262920653181,195.687640217727,730.4,267.8,1.16980434119164,1.19880434119164,0.053498602392019,11.284293766079,168.262920653181,195.687640217727,1
1066,20,604644,540,11.2973861129477,168.280178878374,195.593392959458,730.5,267.9,1.16980434119164,1.19880434119164,0.053389499501448,11.2973861129477,168.280178878374,195.593392959458,1
1067,20,604656,552,11.3058961384123,168.208539689999,195.36951323,730.7,268.1,1.16980434119164,1.19880434119164,0.0532858517554043,11.3058961384123,168.208539689999,195.36951323,1
1068,20,604668,564,11.3233526009038,168.214797161859,194.971599053953,731.1,268.5,1.16980434119164,1.19880434119164,0.053498602392019,11.3233526009038,168.214797161859,194.971599053953,1
1069,20,604680,576,11.3320808321496,168.192820114291,195.26427337143,730.8,268.2,1.16980434119164,1.19880434119164,0.0536077052823551,11.3320808321496,168.192820114291,195.26427337143,1
1070,20,604692,588,11.3405908576142,168.171392492912,195.457130830971,730.6,268,1.16980434119164,1.19880434119164,0.0538259110637363,11.3405908576142,168.171392492912,195.457130830971,1
1071,20,604704,600,11.3536832044828,168.188611435309,195.162870478436,730.9,268.3,1.16980434119164,1.19880434119164,0.054256867481493,11.3536832044828,168.188611435309,195.162870478436,1
1072,20,604716,612,11.3624114357286,168.166629446508,195.255543148836,730.8,268.2,1.16980434119164,1.19880434119164,0.0542568674814974,11.3624114357286,168.166629446508,195.255543148836,1
1073,20,604728,624,11.3752855768161,168.134206013027,194.944735337676,731.1,268.5,1.16980434119164,1.19880434119164,0.053929558809789,11.3752855768161,168.134206013027,194.944735337676,1
1074,20,604740,636,11.3840138080618,168.112224024226,194.937408008075,731.1,268.5,1.16980434119164,1.19880434119164,0.0537168081729211,11.3840138080618,168.112224024226,194.937408008075,1
1075,20,604752,648,11.3968879491493,168.029640536096,194.909880178699,731.1,268.5,1.16980434119164,1.19880434119164,0.0537168081731609,11.3968879491493,168.029640536096,194.909880178699,1
1076,20,604764,660,11.4056161803951,168.007663488528,195.202554496176,730.8,268.2,1.16980434119164,1.19880434119164,0.0537113530286337,11.4056161803951,168.007663488528,195.202554496176,1
1077,20,604776,672,11.4143444116408,167.935536268775,194.878512089592,731.1,268.5,1.16980434119164,1.19880434119164,0.0537168081731609,11.4143444116408,167.935536268775,194.878512089592,1
1078,20,604788,684,11.4315826683512,167.992422185264,195.097474061755,730.9,268.3,1.16980434119164,1.19880434119164,0.0534986023920234,11.4315826683512,167.992422185264,195.097474061755,1
1079,20,604800,696,11.440310899597,167.920304724444,194.973434908148,731,268.4,1.16980434119164,1.19880434119164,0.0532803966106348,11.440310899597,167.920304724444,194.973434908148,1
1080,20,604812,708,11.4531850406845,167.988144946684,194.896048315561,731.1,268.5,1.16980434119164,1.19880434119164,0.053498602392019,11.4531850406845,167.988144946684,194.896048315561,1
1081,20,604824,720,11.4619132719302,167.865911531713,194.955303843904,731,268.4,1.16980434119164,1.19880434119164,0.0536022501380672,11.4619132719302,167.865911531713,194.955303843904,1
1082,20,604836,732,11.4750056187989,167.933177621602,194.277725873867,731.7,269.1,1.16980434119164,1.19880434119164,0.05360770528259,11.4750056187989,167.933177621602,194.277725873867,1
1083,20,604848,744,11.4835156442635,167.8616293519,194.853876450633,731.1,268.5,1.16980434119164,1.19880434119164,0.05360770528259,11.4835156442635,167.8616293519,194.853876450633,1
1084,20,604860,756,11.4922438755092,167.789541291413,194.429847097138,731.5,268.9,1.16980434119164,1.19880434119164,0.053602250137819,11.4922438755092,167.789541291413,194.429847097138,1
1085,20,604872,768,11.5053362223779,167.75657572006,194.118858573354,731.8,269.2,1.16980434119164,1.19880434119164,0.0537168081731609,11.5053362223779,167.75657572006,194.118858573354,1
1086,20,604884,780,11.5138462478425,167.735148098682,194.111716032894,731.8,269.2,1.16980434119164,1.19880434119164,0.0536077052825944,11.5138462478425,167.735148098682,194.111716032894,1
1087,20,604896,792,11.5269385947111,167.752268957618,194.317422985873,731.6,269,1.16980434119164,1.19880434119164,0.0536022501380628,11.5269385947111,167.752268957618,194.317422985873,1
1088,20,604908,804,11.5398127357986,167.719845524137,194.706615174712,731.2,268.6,1.16980434119164,1.19880434119164,0.0537168081731654,11.5398127357986,167.719845524137,194.706615174712,1
1089,20,604920,816,11.5529050826673,167.736944271059,194.31231475702,731.6,269,1.16980434119164,1.19880434119164,0.0537168081729255,11.5529050826673,167.736944271059,194.31231475702,1
1090,20,604932,828,11.5659974295359,167.70396387601,194.301321292003,731.6,269,1.16980434119164,1.19880434119164,0.0537168081731609,11.5659974295359,167.70396387601,194.301321292003,1
1091,20,604944,840,11.5745074550005,167.682526619228,193.494175539743,732.4,269.8,1.16980434119164,1.19880434119164,0.05360770528259,11.5745074550005,167.682526619228,193.494175539743,1
1092,20,604956,852,11.5875998018691,167.599494135454,194.366498045151,731.5,268.9,1.16980434119164,1.19880434119164,0.0536022501380628,11.5875998018691,167.599494135454,194.366498045151,1
1093,20,604968,864,11.5963280331149,167.577512146654,194.059170715551,731.8,269.2,1.16980434119164,1.19880434119164,0.0537168081731654,11.5963280331149,167.577512146654,194.059170715551,1
1094,20,604980,876,11.6048380585795,167.556079707573,194.052026569191,731.8,269.2,1.16980434119164,1.19880434119164,0.0536077052823551,11.6048380585795,167.556079707573,194.052026569191,1
1095,20,604992,888,11.6179304054482,167.523106724372,193.841035574791,732,269.4,1.16980434119164,1.19880434119164,0.053498602392019,11.6179304054482,167.523106724372,193.841035574791,1
1096,20,605004,900,11.6308045465357,167.490683290892,194.130227763631,731.7,269.1,1.16980434119164,1.19880434119164,0.0536131604271216,11.6308045465357,167.490683290892,194.130227763631,1
1097,20,605016,912,11.6395327777814,167.468701302091,193.92290043403,731.9,269.3,1.16980434119164,1.19880434119164,0.0537168081731698,11.6395327777814,167.468701302091,193.92290043403,1
1098,20,605028,924,11.6526251246501,167.43572831889,193.91190943963,731.9,269.3,1.16980434119164,1.19880434119164,0.053498602392019,11.6526251246501,167.43572831889,193.91190943963,1
1099,20,605040,936,11.6654992657375,167.403304885409,193.70110162847,732.1,269.5,1.16980434119164,1.19880434119164,0.053285851755162,11.6654992657375,167.403304885409,193.70110162847,1
1100,20,605052,948,11.6785916126062,167.370331902209,193.99011063407,731.8,269.2,1.16980434119164,1.19880434119164,0.0534986023920234,11.6785916126062,167.370331902209,193.99011063407,1
1101,20,605064,960,11.6871016380708,167.348899463128,193.582966487709,732.2,269.6,1.16980434119164,1.19880434119164,0.05360770528259,11.6871016380708,167.348899463128,193.582966487709,1
1102,20,605076,972,11.6958298693166,167.276926656883,193.758975552294,732,269.4,1.16980434119164,1.19880434119164,0.05360770528259,11.6958298693166,167.276926656883,193.758975552294,1
1103,20,605088,984,11.7045581005623,167.304935485527,193.268311828509,732.5,269.9,1.16980434119164,1.19880434119164,0.0536022501380628,11.7045581005623,167.304935485527,193.268311828509,1
1104,20,605100,996,11.7174322416498,167.222533464152,193.540844488051,732.2,269.6,1.16980434119164,1.19880434119164,0.0534986023917802,11.7174322416498,167.222533464152,193.540844488051,1
1105,20,605112,1008,11.7261604728956,167.35047735657,193.38349245219,732.4,269.8,1.16980434119164,1.19880434119164,0.0536077052825989,11.7261604728956,167.35047735657,193.38349245219,1
1106,20,605124,1020,11.7392528197642,167.217557080045,193.239185693348,732.5,269.9,1.16980434119164,1.19880434119164,0.05360770528259,11.7392528197642,167.217557080045,193.239185693348,1
1107,20,605136,1032,11.7564910764746,167.224099128044,193.041366376015,732.7,270.1,1.16980434119164,1.19880434119164,0.05360770528259,11.7564910764746,167.224099128044,193.041366376015,1
1108,20,605148,1044,11.7652193077203,167.152160663363,193.517386887788,732.2,269.6,1.16980434119164,1.19880434119164,0.0534931472474918,11.7652193077203,167.152160663363,193.517386887788,1
1109,20,605160,1056,11.773729333185,167.080781507336,193.493593835779,732.2,269.6,1.16980434119164,1.19880434119164,0.0532803966106303,11.773729333185,167.080781507336,193.493593835779,1
1110,20,605172,1068,11.7868216800536,167.047815935984,193.182605311995,732.5,269.9,1.16980434119164,1.19880434119164,0.053389499501448,11.7868216800536,167.047815935984,193.182605311995,1
1111,20,605184,1080,11.7955499112994,166.97590452455,193.458634841517,732.2,269.6,1.16980434119164,1.19880434119164,0.0534931472474873,11.7955499112994,166.97590452455,193.458634841517,1
1112,20,605196,1092,11.804059936764,167.054340813201,193.384780271067,732.3,269.7,1.16980434119164,1.19880434119164,0.05360770528259,11.804059936764,167.054340813201,193.384780271067,1
1113,20,605208,1104,11.8171522836326,166.971445695684,193.357148565228,732.3,269.7,1.16980434119164,1.19880434119164,0.0536077052825989,11.8171522836326,166.971445695684,193.357148565228,1
1114,20,605220,1116,11.8258805148784,166.9993858412,193.466461947066,732.2,269.6,1.16980434119164,1.19880434119164,0.053493147247253,11.8258805148784,166.9993858412,193.466461947066,1
1115,20,605232,1128,11.834390540343,166.928041026737,193.642680342246,732,269.4,1.16980434119164,1.19880434119164,0.053498602392019,11.834390540343,166.928041026737,193.642680342246,1
1116,20,605244,1140,11.8474828872116,166.944980418918,193.248326806306,732.4,269.8,1.16980434119164,1.19880434119164,0.053498602392019,11.8474828872116,166.944980418918,193.248326806306,1
1117,20,605256,1152,11.8562111184574,166.823198385515,193.207732795172,732.4,269.8,1.16980434119164,1.19880434119164,0.0536077052825989,11.8562111184574,166.823198385515,193.207732795172,1
1118,20,605268,1164,11.8734493751677,166.779803475501,192.993267825167,732.6,270,1.16980434119164,1.19880434119164,0.053498602392019,11.8734493751677,166.779803475501,192.993267825167,1
1119,20,605280,1176,11.8821776064135,166.807716691301,193.002572230434,732.6,270,1.16980434119164,1.19880434119164,0.0534931472472441,11.8821776064135,166.807716691301,193.002572230434,1
1120,20,605292,1188,11.895051747501,166.775300546138,193.191766848713,732.4,269.8,1.16980434119164,1.19880434119164,0.0537168081731609,11.895051747501,166.775300546138,193.191766848713,1
1121,20,605304,1200,11.9037799787468,166.803196591155,193.001065530385,732.6,270,1.16980434119164,1.19880434119164,0.0920859568688143,11.9037799787468,166.803196591155,193.001065530385,1
1122,20,605306,1201,11.9037799787468,166.753323498569,193.18444116619,732.4,269.8,1.16980434119164,1.19880434119164,0.430563647343848,11.9037799787468,166.753323498569,193.18444116619,1
1123,21,605307,0,11.9037799787468,166.603704220813,193.034568073604,732.5,269.9,1.16980434119164,1.19880434119164,0.0379909100605236,11.9037799787468,166.603704220813,193.034568073604,1
1124,21,605340,60,11.9168723256154,162.431909383823,193.343969794608,730.8,268.2,1.16980434119164,1.19880434119164,0.0138891499146296,11.9168723256154,162.431909383823,193.343969794608,1
1125,21,605400,120,11.92538235108,163.009226441197,193.236408813732,731.1,268.5,1.16980434119164,1.19880434119164,0.0107651822127375,11.92538235108,163.009226441197,193.236408813732,1
1126,21,605460,180,11.9384746979486,163.525197309687,192.308399103229,732.2,269.6,1.16980434119164,1.19880434119164,0.0107651822127375,11.9384746979486,163.525197309687,192.308399103229,1
1127,21,605520,240,11.9472029291944,163.902319639391,192.234106546464,732.4,269.8,1.16980434119164,1.19880434119164,0.0107859117619471,11.9472029291944,163.902319639391,192.234106546464,1
1128,21,605580,300,11.955712954659,164.130375452861,191.910125150954,732.8,270.2,1.16980434119164,1.19880434119164,0.0107433616346224,11.955712954659,164.130375452861,191.910125150954,1
1129,21,605640,360,11.9644411859048,164.308000470991,192.26933349033,732.5,269.9,1.16980434119164,1.19880434119164,0.0107433616346233,11.9644411859048,164.308000470991,192.26933349033,1
1130,21,605700,420,11.9816794426151,164.464360681345,191.921453560448,732.9,270.3,1.16980434119164,1.19880434119164,0.0107870027908525,11.9816794426151,164.464360681345,191.921453560448,1
1131,21,605760,480,11.9904076738609,164.492415216387,191.930805072129,732.9,270.3,1.16980434119164,1.19880434119164,0.0107870027908508,11.9904076738609,164.492415216387,191.930805072129,1
1132,21,605820,540,12.0035000207296,164.659020086847,191.786340028949,733.1,270.5,1.16980434119164,1.19880434119164,0.010764091183832,12.0035000207296,164.659020086847,191.786340028949,1
1133,21,605880,600,12.0120100461942,164.637770720422,191.679256906807,733.2,270.6,1.16980434119164,1.19880434119164,0.0107651822127375,12.0120100461942,164.637770720422,191.679256906807,1
1134,21,605940,660,12.0251023930628,164.804297025289,191.734765675096,733.2,270.6,1.16980434119164,1.19880434119164,0.0107870027908517,12.0251023930628,164.804297025289,191.734765675096,1
1135,21,606000,720,12.0338306243086,164.682884101936,191.694294700645,733.2,270.6,1.16980434119164,1.19880434119164,0.0107859117619471,12.0338306243086,164.682884101936,191.694294700645,1
1136,21,606060,780,12.0423406497732,164.761214401154,192.220404800385,732.7,270.1,1.16980434119164,1.19880434119164,0.0107870027908525,12.0423406497732,164.761214401154,192.220404800385,1
1137,21,606120,840,12.0554329966418,164.728493420799,191.609497806933,733.3,270.7,1.16980434119164,1.19880434119164,0.0107870027908517,12.0554329966418,164.728493420799,191.609497806933,1
1138,21,606180,900,12.0641612278876,164.806244028781,192.03541467626,732.9,270.3,1.16980434119164,1.19880434119164,0.0107651822127375,12.0641612278876,164.806244028781,192.03541467626,1
1139,21,606240,960,12.0813994845979,164.812914425288,191.737638141763,733.2,270.6,1.16980434119164,1.19880434119164,0.0107651822127375,12.0813994845979,164.812914425288,191.737638141763,1
1140,21,606300,1020,12.0901277158437,164.791085614688,191.530361871563,733.4,270.8,1.16980434119164,1.19880434119164,0.010764091183832,12.0901277158437,164.791085614688,191.530361871563,1
1141,21,606360,1080,12.0986377413083,164.819565303928,191.539855101309,733.4,270.8,1.16980434119164,1.19880434119164,0.0107640911838329,12.0986377413083,164.819565303928,191.539855101309,1
1142,21,606420,1140,12.111730088177,164.786814676179,191.528938225393,733.4,270.8,1.16980434119164,1.19880434119164,0.0107859117619462,12.111730088177,164.786814676179,191.528938225393,1
1143,21,606480,1200,12.1204583194227,164.814731350841,191.538243783614,733.4,270.8,1.16980434119164,1.19880434119164,0.0107859117619453,12.1204583194227,164.814731350841,191.538243783614,1
1144,21,606540,1260,12.1289683448873,164.793438625103,191.231146208368,733.7,271.1,1.16980434119164,1.19880434119164,0.0108077323400604,12.1289683448873,164.793438625103,191.231146208368,1
1145,21,606600,1320,12.142060691756,164.810418782451,190.836806260817,734.1,271.5,1.16980434119164,1.19880434119164,0.0108077323400613,12.142060691756,164.810418782451,190.836806260817,1
1146,21,606660,1380,12.1507889230017,164.788575148154,191.029525049385,733.9,271.3,1.16980434119164,1.19880434119164,0.0107870027908517,12.1507889230017,164.788575148154,191.029525049385,1
1147,21,606720,1440,12.1636630640892,164.756355787565,190.618785262522,734.3,271.7,1.16980434119164,1.19880434119164,0.0107870027908525,12.1636630640892,164.756355787565,190.618785262522,1
1148,21,606780,1500,12.172391295335,164.833954205593,191.144651401865,733.8,271.2,1.16980434119164,1.19880434119164,0.0108077323400613,12.172391295335,164.833954205593,191.144651401865,1
1149,21,606840,1560,12.1811195265807,164.762384603901,191.120794867967,733.8,271.2,1.16980434119164,1.19880434119164,0.0108077323400595,12.1811195265807,164.762384603901,191.120794867967,1
1150,21,606900,1620,12.1983577832911,164.818646319224,190.739548773075,734.2,271.6,1.16980434119164,1.19880434119164,0.0107859117619462,12.1983577832911,164.818646319224,190.739548773075,1
1151,21,606960,1680,12.2070860145369,164.697385091702,190.599128363901,734.3,271.7,1.16980434119164,1.19880434119164,0.0107870027908517,12.2070860145369,164.697385091702,190.599128363901,1
1152,21,607020,1740,12.2199601556244,164.665158442796,190.888386147599,734,271.4,1.16980434119164,1.19880434119164,0.0108088233689658,12.2199601556244,164.665158442796,190.888386147599,1
1153,21,607080,1800,12.2286883868701,164.742688177696,190.614229392565,734.3,271.7,1.16980434119164,1.19880434119164,0.0108295529181763,12.2286883868701,164.742688177696,190.614229392565,1
1154,21,607140,1860,12.2374166181159,164.67114550572,190.89038183524,734,271.4,1.16980434119164,1.19880434119164,0.0108295529181746,12.2374166181159,164.67114550572,190.89038183524,1
1155,21,607200,1920,12.2502907592034,164.688588494161,190.39619616472,734.5,271.9,1.16980434119164,1.19880434119164,0.0108295529181737,12.2502907592034,164.688588494161,190.39619616472,1
1156,21,607260,1980,12.2590189904491,164.666730036167,190.688910012056,734.2,271.6,1.16980434119164,1.19880434119164,0.0108295529181754,12.2590189904491,164.666730036167,190.688910012056,1
1157,21,607320,2040,12.2718931315366,164.684153506741,190.59471783558,734.3,271.7,1.16980434119164,1.19880434119164,0.0107859117619462,12.2718931315366,164.684153506741,190.59471783558,1
1158,21,607380,2100,12.2806213627824,164.612630352632,190.570876784211,734.3,271.7,1.16980434119164,1.19880434119164,0.0107640911838311,12.2806213627824,164.612630352632,190.570876784211,1
1159,21,607440,2160,12.2893495940281,164.690081521939,190.596693840646,734.3,271.7,1.16980434119164,1.19880434119164,0.0108077323400604,12.2893495940281,164.690081521939,190.596693840646,1
1160,21,607500,2220,12.3065878507385,164.547601440101,190.949200480034,733.9,271.3,1.16980434119164,1.19880434119164,0.0108077323400604,12.3065878507385,164.547601440101,190.949200480034,1
1161,21,607560,2280,12.3153160819843,164.575383095591,190.058461031864,734.8,272.2,1.16980434119164,1.19880434119164,0.0108077323400604,12.3153160819843,164.575383095591,190.058461031864,1
1162,21,607620,2340,12.3284084288529,164.492955295116,190.630985098372,734.2,271.6,1.16980434119164,1.19880434119164,0.0108295529181754,12.3284084288529,164.492955295116,190.630985098372,1
1163,21,607680,2400,12.3369184543175,164.471643298572,190.423881099524,734.4,271.8,1.16980434119164,1.19880434119164,0.0108295529181763,12.3369184543175,164.471643298572,190.423881099524,1
1164,21,607740,2460,12.3456466855633,164.49940778328,190.23313592776,734.6,272,1.16980434119164,1.19880434119164,0.0108295529181746,12.3456466855633,164.49940778328,190.23313592776,1
1165,21,607800,2520,12.354374916809,164.477544384054,190.625848128018,734.2,271.6,1.16980434119164,1.19880434119164,0.0108513734962887,12.354374916809,164.477544384054,190.625848128018,1
1166,21,607860,2580,12.3672490578965,164.5445172965,190.048172432167,734.8,272.2,1.16980434119164,1.19880434119164,0.0108513734962905,12.3672490578965,164.5445172965,190.048172432167,1
1167,21,607920,2640,12.3803414047652,164.46210407266,190.320701357553,734.5,271.9,1.16980434119164,1.19880434119164,0.0108721030454975,12.3803414047652,164.46210407266,190.320701357553,1
1168,21,607980,2700,12.3888514302298,164.490380924316,190.230126974772,734.6,272,1.16980434119164,1.19880434119164,0.0108721030454975,12.3888514302298,164.490380924316,190.230126974772,1
1169,21,608040,2760,12.4063078927213,164.397045759796,190.499015253265,734.3,271.7,1.16980434119164,1.19880434119164,0.0108513734962905,12.4063078927213,164.397045759796,190.499015253265,1
1170,21,608100,2820,12.4150361239671,164.375177419338,189.991725806446,734.8,272.2,1.16980434119164,1.19880434119164,0.0108513734962905,12.4150361239671,164.375177419338,189.991725806446,1
1171,21,608160,2880,12.4279102650546,164.342921617162,190.080973872387,734.7,272.1,1.16980434119164,1.19880434119164,0.0108513734962887,12.4279102650546,164.342921617162,190.080973872387,1
1172,21,608220,2940,12.4410026119232,164.359688066214,190.086562688738,734.7,272.1,1.16980434119164,1.19880434119164,0.0109168352306321,12.4410026119232,164.359688066214,190.086562688738,1
1173,21,608280,3000,12.4495126373878,164.338361616566,190.379453872189,734.4,271.8,1.16980434119164,1.19880434119164,0.0110030265141852,12.4495126373878,164.338361616566,190.379453872189,1
1174,21,608340,3060,12.4626049842565,164.25599496384,190.25199832128,734.5,271.9,1.16980434119164,1.19880434119164,0.0109801149071629,12.4626049842565,164.25599496384,190.25199832128,1
1175,21,608400,3120,12.4713332155022,164.234126623382,190.444708874461,734.3,271.7,1.16980434119164,1.19880434119164,0.0108939236236116,12.4713332155022,164.234126623382,190.444708874461,1
1176,21,608460,3180,12.4842073565897,164.201870821206,189.933956940402,734.8,272.2,1.16980434119164,1.19880434119164,0.0108295529181763,12.4842073565897,164.201870821206,189.933956940402,1
1177,21,608520,3240,12.4929355878355,164.180002480747,190.426667493582,734.3,271.7,1.16980434119164,1.19880434119164,0.0107859117619462,12.4929355878355,164.180002480747,190.426667493582,1
1178,21,608580,3300,12.5016638190812,164.158134140289,190.019378046763,734.7,272.1,1.16980434119164,1.19880434119164,0.0108077323400604,12.5016638190812,164.158134140289,190.019378046763,1
1179,21,608640,3360,12.5189020757916,164.114944167884,190.204981389295,734.5,271.9,1.16980434119164,1.19880434119164,0.0108731940744038,12.5189020757916,164.114944167884,190.204981389295,1
1180,21,608700,3420,12.5319944226602,164.082141657196,189.594047219065,735.1,272.5,1.16980434119164,1.19880434119164,0.0108731940744029,12.5319944226602,164.082141657196,189.594047219065,1
1181,21,608760,3480,12.5405044481248,164.060820025249,190.386940008416,734.3,271.7,1.16980434119164,1.19880434119164,0.0108513734962896,12.5405044481248,164.060820025249,190.386940008416,1
1182,21,608820,3540,12.5492326793706,164.08845937325,189.696153124417,735,272.4,1.16980434119164,1.19880434119164,0.0108513734962896,12.5492326793706,164.08845937325,189.696153124417,1
1183,21,608880,3600,12.5623250262392,164.006149174103,190.368716391368,734.3,271.7,1.16980434119164,1.19880434119164,0.0108295529181746,12.5623250262392,164.006149174103,190.368716391368,1
1184,21,608940,3660,12.5708350517039,164.034323001066,189.778107667022,734.9,272.3,1.16980434119164,1.19880434119164,0.0108295529181746,12.5708350517039,164.034323001066,189.778107667022,1
1185,21,609000,3720,12.5839273985725,163.952025031468,189.650675010489,735,272.4,1.16980434119164,1.19880434119164,0.0108295529181754,12.5839273985725,163.952025031468,189.650675010489,1
1186,21,609060,3780,12.5926556298183,163.93015669101,189.84338556367,734.8,272.2,1.16980434119164,1.19880434119164,0.0108513734962896,12.5926556298183,163.93015669101,189.84338556367,1
1187,21,609120,3840,12.6055297709057,163.848425071323,189.716141690441,734.9,272.3,1.16980434119164,1.19880434119164,0.0108513734962887,12.6055297709057,163.848425071323,189.716141690441,1
1188,21,609180,3900,12.6142580021515,163.826561672097,189.208853890699,735.4,272.8,1.16980434119164,1.19880434119164,0.0108502824673833,12.6142580021515,163.826561672097,189.208853890699,1
1189,21,609240,3960,12.6314962588619,163.832842575971,188.510947525323,736.1,273.5,1.16980434119164,1.19880434119164,0.0108502824673833,12.6314962588619,163.832842575971,188.510947525323,1
1190,21,609300,4020,12.6402244901076,163.810974235512,189.203658078504,735.4,272.8,1.16980434119164,1.19880434119164,0.0108513734962887,12.6402244901076,163.810974235512,189.203658078504,1
1191,21,609360,4080,12.6530986311951,163.828167321131,189.209389107044,735.4,272.8,1.16980434119164,1.19880434119164,0.0108731940744038,12.6530986311951,163.828167321131,189.209389107044,1
1192,21,609420,4140,12.6661909780638,163.696474446701,189.365491482234,735.2,272.6,1.16980434119164,1.19880434119164,0.0108513734962896,12.6661909780638,163.696474446701,189.365491482234,1
1193,21,609480,4200,12.6749192093095,163.72404758219,189.174682527397,735.4,272.8,1.16980434119164,1.19880434119164,0.0108502824673842,12.6749192093095,163.72404758219,189.174682527397,1
1194,21,609540,4260,12.687793350397,163.59293328722,189.130977762407,735.4,272.8,1.16980434119164,1.19880434119164,0.0108721030454983,12.687793350397,163.59293328722,189.130977762407,1
1195,21,609600,4320,12.6965215816428,163.571074829226,189.623691609742,734.9,272.3,1.16980434119164,1.19880434119164,0.0108731940744038,12.6965215816428,163.571074829226,189.623691609742,1
1196,21,609660,4380,12.7096139285114,163.538287142235,189.612762380745,734.9,272.3,1.16980434119164,1.19880434119164,0.0108721030454975,12.7096139285114,163.538287142235,189.612762380745,1
1197,21,609720,4440,12.718123953976,163.516975145691,189.805658381897,734.7,272.1,1.16980434119164,1.19880434119164,0.0108502824673833,12.718123953976,163.516975145691,189.805658381897,1
1198,21,609780,4500,12.7355804164676,163.522660422854,189.407553474285,735.1,272.5,1.16980434119164,1.19880434119164,0.0108513734962905,12.7355804164676,163.522660422854,189.407553474285,1
1199,21,609840,4560,12.7440904419322,163.451946233159,189.78398207772,734.7,272.1,1.16980434119164,1.19880434119164,0.0108939236236134,12.7440904419322,163.451946233159,189.78398207772,1
1200,21,609900,4620,12.7571827888008,163.468548509769,189.689516169923,734.8,272.2,1.16980434119164,1.19880434119164,0.0108721030454975,12.7571827888008,163.468548509769,189.689516169923,1
1201,21,609960,4680,12.7659110200466,163.397300088175,189.265766696058,735.2,272.6,1.16980434119164,1.19880434119164,0.0108513734962887,12.7659110200466,163.397300088175,189.265766696058,1
1202,21,610020,4740,12.7787851611341,163.365058862634,189.255019620878,735.2,272.6,1.16980434119164,1.19880434119164,0.0108513734962896,12.7787851611341,163.365058862634,189.255019620878,1
1203,21,610080,4800,12.7875133923798,163.34320040464,189.547733468213,734.9,272.3,1.16980434119164,1.19880434119164,0.0108513734962887,12.7875133923798,163.34320040464,189.547733468213,1
1204,21,610140,4860,12.8003875334673,163.261593674598,189.020531224866,735.4,272.8,1.16980434119164,1.19880434119164,0.0108939236236125,12.8003875334673,163.261593674598,189.020531224866,1
1205,21,610200,4920,12.8091157647131,163.289100721105,189.329700240368,735.1,272.5,1.16980434119164,1.19880434119164,0.0108939236236125,12.8091157647131,163.289100721105,189.329700240368,1
1206,21,610260,4980,12.8222081115817,163.157606731274,189.185868910425,735.2,272.6,1.16980434119164,1.19880434119164,0.0108731940744047,12.8222081115817,163.157606731274,189.185868910425,1
1207,21,610320,5040,12.8307181370463,163.284349371289,189.028116457097,735.4,272.8,1.16980434119164,1.19880434119164,0.0108731940744038,12.8307181370463,163.284349371289,189.028116457097,1
1208,21,610380,5100,12.843810483915,163.103531506839,188.967843835613,735.4,272.8,1.16980434119164,1.19880434119164,0.0108731940744038,12.843810483915,163.103531506839,188.967843835613,1
1209,21,610440,5160,12.8566846250025,163.169972125039,189.189990708346,735.2,272.6,1.16980434119164,1.19880434119164,0.0109157442017276,12.8566846250025,163.169972125039,189.189990708346,1
1210,21,610500,5220,12.8654128562482,163.000127590084,189.233375863361,735.1,272.5,1.16980434119164,1.19880434119164,0.0109157442017276,12.8654128562482,163.000127590084,189.233375863361,1
1211,21,610560,5280,12.8785052031169,163.01668341911,188.938894473037,735.4,272.8,1.16980434119164,1.19880434119164,0.0108950146525189,12.8785052031169,163.01668341911,188.938894473037,1
1212,21,610620,5340,12.8870152285815,162.946064595199,188.715354865066,735.6,273,1.16980434119164,1.19880434119164,0.0108939236236116,12.8870152285815,162.946064595199,188.715354865066,1
1213,21,610680,5400,12.9001075754501,162.913299143753,189.404433047918,734.9,272.3,1.16980434119164,1.19880434119164,0.0108939236236125,12.9001075754501,162.913299143753,189.404433047918,1
1214,21,610740,5460,12.9088358066959,162.891455509456,189.197151836485,735.1,272.5,1.16980434119164,1.19880434119164,0.0109168352306321,12.9088358066959,162.891455509456,189.197151836485,1
1215,21,610800,5520,12.9217099477834,162.859236148868,188.486412049623,735.8,273.2,1.16980434119164,1.19880434119164,0.0109157442017258,12.9217099477834,162.859236148868,188.486412049623,1
1216,21,610860,5580,12.9304381790291,162.935976274851,188.911992091617,735.4,272.8,1.16980434119164,1.19880434119164,0.0109157442017276,12.9304381790291,162.935976274851,188.911992091617,1
1217,21,610920,5640,12.9476764357395,162.794251336834,188.764750445611,735.5,272.9,1.16980434119164,1.19880434119164,0.010895014652518,12.9476764357395,162.794251336834,188.764750445611,1
1218,21,610980,5700,12.9564046669852,162.821684882511,188.873894960837,735.4,272.8,1.16980434119164,1.19880434119164,0.0108731940744029,12.9564046669852,162.821684882511,188.873894960837,1
1219,21,611040,5760,12.9694970138539,162.690372482966,188.830124160989,735.4,272.8,1.16980434119164,1.19880434119164,0.0108731940744047,12.9694970138539,162.690372482966,188.830124160989,1
1220,21,611100,5820,12.9780070393185,162.669079757228,188.623026585743,735.6,273,1.16980434119164,1.19880434119164,0.0108721030454975,12.9780070393185,162.669079757228,188.623026585743,1
1221,21,611160,5880,12.9910993861871,162.587064179055,188.695688059685,735.5,272.9,1.16980434119164,1.19880434119164,0.0108721030454975,12.9910993861871,162.587064179055,188.695688059685,1
1222,21,611220,5940,12.9998276174329,162.565230427222,188.188410142407,736,273.4,1.16980434119164,1.19880434119164,0.0108513734962905,12.9998276174329,162.565230427222,188.188410142407,1
1223,21,611280,6000,13.0083376428975,162.64243807847,188.614146026157,735.6,273,1.16980434119164,1.19880434119164,0.0147675721611447,13.0083376428975,162.64243807847,188.614146026157,1
1224,21,611308,6001,13.0083376428975,162.64243807847,188.514146026156,735.7,273.1,1.16980434119164,1.19880434119164,0.0448119431096653,13.0083376428975,162.64243807847,188.514146026156,1
1225,22,611309,0,13.0127017585204,162.582270952295,188.594090317432,735.6,273,1.16980434119164,1.19880434119164,0.649773175099929,13.0127017585204,162.582270952295,188.594090317432,1
1226,22,611310,6,13.0170658741433,166.363050163318,188.054350054439,737.4,274.8,1.16980434119164,1.19880434119164,0.185275411543715,13.0170658741433,166.363050163318,188.054350054439,1
1227,22,611316,12,13.025794105389,167.571778424807,187.557259474936,738.3,275.7,1.16980434119164,1.19880434119164,0.108077323400202,13.025794105389,167.571778424807,187.557259474936,1
1228,22,611322,18,13.0386682464765,167.243439290982,187.647813096994,738.1,275.5,1.16980434119164,1.19880434119164,0.108295529182328,13.0386682464765,167.243439290982,187.647813096994,1
1229,22,611328,24,13.056124708968,166.755826650699,188.185275550233,737.4,274.8,1.16980434119164,1.19880434119164,0.108077323401185,13.056124708968,166.755826650699,188.185275550233,1
1230,22,611334,30,13.0646347344327,166.43881933277,188.579606444257,736.9,274.3,1.16980434119164,1.19880434119164,0.10785911761907,13.0646347344327,166.43881933277,188.579606444257,1
1231,22,611340,36,13.0777270813013,166.110209952379,188.670069984126,736.7,274.1,1.16980434119164,1.19880434119164,0.108077323400228,13.0777270813013,166.110209952379,188.670069984126,1
1232,22,611346,42,13.0864553125471,165.891186444441,188.697062148147,736.6,274,1.16980434119164,1.19880434119164,0.108295529181352,13.0864553125471,165.891186444441,188.697062148147,1
1233,22,611352,48,13.0949653380117,165.721955448163,188.740651816055,736.5,273.9,1.16980434119164,1.19880434119164,0.108077323401194,13.0949653380117,165.721955448163,188.740651816055,1
1234,22,611358,54,13.1080576848803,165.590310750748,188.796770250249,736.4,273.8,1.16980434119164,1.19880434119164,0.108077323401202,13.1080576848803,165.590310750748,188.796770250249,1
1235,22,611364,60,13.1167859161261,165.42058678186,189.540195593954,735.6,273,1.16980434119164,1.19880434119164,0.10829552918136,13.1167859161261,165.42058678186,189.540195593954,1
1236,22,611370,66,13.1296600572136,165.240378256041,189.280126085347,735.8,273.2,1.16980434119164,1.19880434119164,0.108284618892297,13.1296600572136,165.240378256041,189.280126085347,1
1237,22,611376,72,13.1383882884593,165.119894778477,189.039964926159,736,273.4,1.16980434119164,1.19880434119164,0.108066413111147,13.1383882884593,165.119894778477,189.039964926159,1
1238,22,611382,78,13.1512624295468,164.890592515932,188.863530838644,736.1,273.5,1.16980434119164,1.19880434119164,0.108077323401202,13.1512624295468,164.890592515932,188.863530838644,1
1239,22,611388,84,13.1643547764154,164.808274781405,188.936091593802,736,273.4,1.16980434119164,1.19880434119164,0.108077323401211,13.1643547764154,164.808274781405,188.936091593802,1
1240,22,611394,90,13.1774471232841,164.627667784042,189.075889261347,735.8,273.2,1.16980434119164,1.19880434119164,0.108077323400228,13.1774471232841,164.627667784042,189.075889261347,1
1241,22,611400,96,13.1859571487487,164.556986947666,188.852328982555,736,273.4,1.16980434119164,1.19880434119164,0.108088233689265,13.1859571487487,164.556986947666,188.852328982555,1
1242,22,611406,102,13.1946853799945,164.584048418553,189.261349472851,735.6,273,1.16980434119164,1.19880434119164,0.107870027908106,13.1946853799945,164.584048418553,189.261349472851,1
1243,22,611412,108,13.207559521082,164.35493194634,189.384977315447,735.4,272.8,1.16980434119164,1.19880434119164,0.107859117620042,13.207559521082,164.35493194634,189.384977315447,1
1244,22,611418,114,13.2162877523277,164.332865956591,189.07762198553,735.7,273.1,1.16980434119164,1.19880434119164,0.10785911762006,13.2162877523277,164.332865956591,189.07762198553,1
1245,22,611424,120,13.2293800991963,164.201521686098,188.733840562033,736,273.4,1.16980434119164,1.19880434119164,0.108077323400228,13.2293800991963,164.201521686098,188.733840562033,1
1246,22,611430,126,13.237890124661,164.081781331028,189.193927110343,735.5,272.9,1.16980434119164,1.19880434119164,0.108077323400228,13.237890124661,164.081781331028,189.193927110343,1
1247,22,611436,132,13.2466183559067,163.961509338206,189.253836446069,735.4,272.8,1.16980434119164,1.19880434119164,0.108077323400211,13.2466183559067,163.961509338206,189.253836446069,1
1248,22,611442,138,13.2597107027754,163.781138408215,189.193712802738,735.4,272.8,1.16980434119164,1.19880434119164,0.108077323401194,13.2597107027754,163.781138408215,189.193712802738,1
1249,22,611448,144,13.2725848438629,163.797754852028,189.199251617343,735.4,272.8,1.16980434119164,1.19880434119164,0.108077323401202,13.2725848438629,163.797754852028,189.199251617343,1
1250,22,611454,150,13.2813130751086,163.628448664329,189.342816221443,735.2,272.6,1.16980434119164,1.19880434119164,0.108077323400202,13.2813130751086,163.628448664329,189.342816221443,1
1251,22,611460,156,13.2944054219772,163.644517040792,189.548172346931,735,272.4,1.16980434119164,1.19880434119164,0.107859117619061,13.2944054219772,163.644517040792,189.548172346931,1
1252,22,611466,162,13.3029154474419,163.475807838642,189.591935946214,734.9,272.3,1.16980434119164,1.19880434119164,0.107859117619079,13.3029154474419,163.475807838642,189.591935946214,1
1253,22,611472,168,13.3160077943105,163.491878809253,189.597292936417,734.9,272.3,1.16980434119164,1.19880434119164,0.108077323401202,13.3160077943105,163.491878809253,189.597292936417,1
1254,22,611478,174,13.328881935398,163.312219995522,189.137406665174,735.3,272.7,1.16980434119164,1.19880434119164,0.108088233690248,13.328881935398,163.312219995522,189.137406665174,1
1255,22,611484,180,13.3376101666438,163.290228124257,189.330076041419,735.1,272.5,1.16980434119164,1.19880434119164,0.108088233689274,13.3376101666438,163.290228124257,189.330076041419,1
1256,22,611490,186,13.3463383978895,163.121066961725,188.973688987242,735.4,272.8,1.16980434119164,1.19880434119164,0.10785911761907,13.3463383978895,163.121066961725,188.973688987242,1
1257,22,611496,192,13.359212538977,163.088650816562,189.362883605521,735,272.4,1.16980434119164,1.19880434119164,0.10764091183792,13.359212538977,163.088650816562,189.362883605521,1
1258,22,611502,198,13.3679407702228,162.968585367248,189.322861789083,735,272.4,1.16980434119164,1.19880434119164,0.108077323401202,13.3679407702228,162.968585367248,189.322861789083,1
1259,22,611508,204,13.3851790269331,162.925200216168,189.008400072056,735.3,272.7,1.16980434119164,1.19880434119164,0.108088233690257,13.3851790269331,162.925200216168,189.008400072056,1
1260,22,611514,210,13.3939072581789,162.854203550358,189.384734516786,734.9,272.3,1.16980434119164,1.19880434119164,0.108088233689274,13.3939072581789,162.854203550358,189.384734516786,1
1261,22,611520,216,13.4069996050475,162.723216036834,189.441072012278,734.8,272.2,1.16980434119164,1.19880434119164,0.10807732340022,13.4069996050475,162.723216036834,189.441072012278,1
1262,22,611526,222,13.4155096305122,162.701812503962,188.833937501321,735.4,272.8,1.16980434119164,1.19880434119164,0.108077323400211,13.4155096305122,162.701812503962,188.833937501321,1
1263,22,611532,228,13.4286019773808,162.521854413927,189.173951471309,735,272.4,1.16980434119164,1.19880434119164,0.108077323401194,13.4286019773808,162.521854413927,189.173951471309,1
1264,22,611538,234,13.4373302086266,162.499916896217,189.366638965406,734.8,272.2,1.16980434119164,1.19880434119164,0.108077323401194,13.4373302086266,162.499916896217,189.366638965406,1
1265,22,611544,240,13.4458402340912,162.3805276157,189.226842538567,734.9,272.3,1.16980434119164,1.19880434119164,0.108077323400211,13.4458402340912,162.3805276157,189.226842538567,1
1266,22,611550,246,13.4589325809598,162.298643474305,189.599547824768,734.5,271.9,1.16980434119164,1.19880434119164,0.10785911761907,13.4589325809598,162.298643474305,189.599547824768,1
1267,22,611556,252,13.4676608122056,162.276720780292,189.192240260097,734.9,272.3,1.16980434119164,1.19880434119164,0.107859117619079,13.4676608122056,162.276720780292,189.192240260097,1
1268,22,611562,258,13.4761708376702,162.206363224037,189.268787741346,734.8,272.2,1.16980434119164,1.19880434119164,0.10785911762006,13.4761708376702,162.206363224037,189.268787741346,1
1269,22,611568,264,13.4936273001617,162.113554671346,189.237851557116,734.8,272.2,1.16980434119164,1.19880434119164,0.107859117620051,13.4936273001617,162.113554671346,189.237851557116,1
1270,22,611574,270,13.5021373256263,162.04322145066,189.11440715022,734.9,272.3,1.16980434119164,1.19880434119164,0.10785911761907,13.5021373256263,162.04322145066,189.11440715022,1
1271,22,611580,276,13.5152296724949,161.961398827607,189.487132942536,734.5,271.9,1.16980434119164,1.19880434119164,0.10785911761907,13.5152296724949,161.961398827607,189.487132942536,1
1272,22,611586,282,13.5239579037407,161.890540022177,189.363513340726,734.6,272,1.16980434119164,1.19880434119164,0.107859117619061,13.5239579037407,161.890540022177,189.363513340726,1
1273,22,611592,288,13.5324679292053,161.820238425377,189.040079475126,734.9,272.3,1.16980434119164,1.19880434119164,0.108077323401194,13.5324679292053,161.820238425377,189.040079475126,1
1274,22,611598,294,13.545560276074,161.787398855447,188.529132951816,735.4,272.8,1.16980434119164,1.19880434119164,0.10873194074464,13.545560276074,161.787398855447,188.529132951816,1
1275,22,611604,300,13.5542885073197,161.618689692137,188.572896564046,735.3,272.7,1.16980434119164,1.19880434119164,0.109604763868215,13.5542885073197,161.618689692137,188.572896564046,1
1276,22,611610,306,13.5627985327843,161.646292312649,188.78209743755,735.1,272.5,1.16980434119164,1.19880434119164,0.109822969649356,13.5627985327843,161.646292312649,188.78209743755,1
1277,22,611616,312,13.575890879653,161.515614614388,188.438538204796,735.4,272.8,1.16980434119164,1.19880434119164,0.109168352305933,13.575890879653,161.515614614388,188.438538204796,1
1278,22,611622,318,13.5846191108987,161.542662867479,188.44755428916,735.4,272.8,1.16980434119164,1.19880434119164,0.108513734963479,13.5846191108987,161.542662867479,188.44755428916,1
1279,22,611628,324,13.5974932519862,161.314735502812,188.771578500937,735,272.4,1.16980434119164,1.19880434119164,0.108295529182337,13.5974932519862,161.314735502812,188.771578500937,1
1280,22,611634,330,13.6105855988549,161.330854650437,188.676951550146,735.1,272.5,1.16980434119164,1.19880434119164,0.10851373496251,13.6105855988549,161.330854650437,188.676951550146,1
1281,22,611640,336,13.6234597399424,161.200807043982,188.733602347994,735,272.4,1.16980434119164,1.19880434119164,0.108513734962493,13.6234597399424,161.200807043982,188.733602347994,1
1282,22,611646,342,13.6321879711881,161.178953527221,188.726317842407,735,272.4,1.16980434119164,1.19880434119164,0.108502824673429,13.6321879711881,161.178953527221,188.726317842407,1
1283,22,611652,348,13.6409162024339,161.108210346626,188.702736782208,735,272.4,1.16980434119164,1.19880434119164,0.108721030455586,13.6409162024339,161.108210346626,188.702736782208,1
1284,22,611658,354,13.6537903435214,161.027101322204,188.875700440735,734.8,272.2,1.16980434119164,1.19880434119164,0.108731940744649,13.6537903435214,161.027101322204,188.875700440735,1
1285,22,611664,360,13.66688269039,160.994335870758,188.664778623586,735,272.4,1.16980434119164,1.19880434119164,0.108721030454579,13.66688269039,160.994335870758,188.664778623586,1
1286,22,611670,366,13.6753927158546,160.924168181353,188.641389393784,735,272.4,1.16980434119164,1.19880434119164,0.108721030454579,13.6753927158546,160.924168181353,188.641389393784,1
1287,22,611676,372,13.6841209471004,160.853464283554,188.417821427851,735.2,272.6,1.16980434119164,1.19880434119164,0.108731940743651,13.6841209471004,160.853464283554,188.417821427851,1
1288,22,611682,378,13.697213293969,160.722998070035,188.374332690012,735.2,272.6,1.16980434119164,1.19880434119164,0.108950146525774,13.697213293969,160.722998070035,188.374332690012,1
1289,22,611688,384,13.7100874350565,160.641957358149,188.347319119383,735.2,272.6,1.16980434119164,1.19880434119164,0.108950146525774,13.7100874350565,160.641957358149,188.347319119383,1
1290,22,611694,390,13.7231797819251,160.609228965946,188.136409655315,735.4,272.8,1.16980434119164,1.19880434119164,0.108721030454588,13.7231797819251,160.609228965946,188.136409655315,1
1291,22,611700,396,13.7319080131709,160.489733734836,187.996577911612,735.5,272.9,1.16980434119164,1.19880434119164,0.108721030454588,13.7319080131709,160.489733734836,187.996577911612,1
1292,22,611706,402,13.7447821542584,160.50639625564,188.002132085213,735.5,272.9,1.16980434119164,1.19880434119164,0.108950146524783,13.7447821542584,160.50639625564,188.002132085213,1
1293,22,611712,408,13.7535103855042,160.4357563468,188.378585448933,735.1,272.5,1.16980434119164,1.19880434119164,0.108950146525774,13.7535103855042,160.4357563468,188.378585448933,1
1294,22,611718,414,13.7663845265916,160.403588004435,188.167862668145,735.3,272.7,1.16980434119164,1.19880434119164,0.108950146525792,13.7663845265916,160.403588004435,188.167862668145,1
1295,22,611724,420,13.7794768734603,160.273251992386,187.824417330795,735.6,273,1.16980434119164,1.19880434119164,0.108950146524801,13.7794768734603,160.273251992386,187.824417330795,1
1296,22,611730,426,13.788205104706,160.20264654864,188.00088218288,735.4,272.8,1.16980434119164,1.19880434119164,0.108950146524783,13.788205104706,160.20264654864,188.00088218288,1
1297,22,611736,432,13.8010792457935,160.170500071228,187.890166690409,735.5,272.9,1.16980434119164,1.19880434119164,0.109168352305924,13.8010792457935,160.170500071228,187.890166690409,1
1298,22,611742,438,13.8141715926622,159.991433997147,188.030477999049,735.3,272.7,1.16980434119164,1.19880434119164,0.109375647798997,13.8141715926622,159.991433997147,188.030477999049,1
1299,22,611748,444,13.8270457337497,160.008093676743,187.936031225581,735.4,272.8,1.16980434119164,1.19880434119164,0.10959385358014,13.8270457337497,160.008093676743,187.936031225581,1
1300,22,611754,450,13.8357739649954,159.839971284764,187.979990428255,735.3,272.7,1.16980434119164,1.19880434119164,0.109593853579161,13.8357739649954,159.839971284764,187.979990428255,1
1301,22,611760,456,13.8445021962412,159.915750588133,187.805250196044,735.5,272.9,1.16980434119164,1.19880434119164,0.109364737508965,13.8445021962412,159.915750588133,187.805250196044,1
1302,22,611766,462,13.8573763373287,159.786091733127,188.062030577709,735.2,272.6,1.16980434119164,1.19880434119164,0.109375647798011,13.8573763373287,159.786091733127,188.062030577709,1
1303,22,611772,468,13.8704686841973,159.753437459407,187.951145819802,735.3,272.7,1.16980434119164,1.19880434119164,0.109375647799006,13.8704686841973,159.753437459407,187.951145819802,1
1304,22,611778,474,13.8791969154431,159.585403639017,187.795134546339,735.4,272.8,1.16980434119164,1.19880434119164,0.109157442017872,13.8791969154431,159.585403639017,187.795134546339,1
1305,22,611784,480,13.8920710565306,159.553315468145,187.684438489382,735.5,272.9,1.16980434119164,1.19880434119164,0.109386558087065,13.8920710565306,159.553315468145,187.684438489382,1
1306,22,611790,486,13.8964351721535,159.542438122087,187.680812707362,735.5,272.9,1.16980434119164,1.19880434119164,0.109593853579169,13.8964351721535,159.542438122087,187.680812707362,1
1307,22,611796,492,13.9093093132409,159.461612230275,187.653870743425,735.5,272.9,1.16980434119164,1.19880434119164,0.10981205936031,13.9093093132409,159.461612230275,187.653870743425,1
1308,22,611802,498,13.9267657757325,159.418112728507,187.439370909502,735.7,273.1,1.16980434119164,1.19880434119164,0.110030265142434,13.9267657757325,159.418112728507,187.439370909502,1
1309,22,611808,504,13.9354940069782,159.347640080378,187.015880026793,736.1,273.5,1.16980434119164,1.19880434119164,0.109812059361291,13.9354940069782,159.347640080378,187.015880026793,1
1310,22,611814,510,13.9483681480657,159.315566486142,187.305188828714,735.8,273.2,1.16980434119164,1.19880434119164,0.109604763868215,13.9483681480657,159.315566486142,187.305188828714,1
1311,22,611820,516,13.9570963793115,159.196400341101,187.465466780367,735.6,273,1.16980434119164,1.19880434119164,0.109593853579169,13.9570963793115,159.196400341101,187.465466780367,1
1312,22,611826,522,13.969970520399,159.1643413235,187.254780441167,735.8,273.2,1.16980434119164,1.19880434119164,0.109593853579161,13.969970520399,159.1643413235,187.254780441167,1
1313,22,611832,528,13.9786987516447,159.045209520024,187.215069840008,735.8,273.2,1.16980434119164,1.19880434119164,0.109593853580148,13.9786987516447,159.045209520024,187.215069840008,1
1314,22,611838,534,13.9917910985134,158.963930926643,186.887976975548,736.1,273.5,1.16980434119164,1.19880434119164,0.109582943291094,13.9917910985134,158.963930926643,186.887976975548,1
1315,22,611844,540,14.000301123978,158.894067617146,187.164689205715,735.8,273.2,1.16980434119164,1.19880434119164,0.10981205936031,14.000301123978,158.894067617146,187.164689205715,1
1316,22,611850,546,14.0090293552237,158.872352454887,187.157450818296,735.8,273.2,1.16980434119164,1.19880434119164,0.109812059360319,14.0090293552237,158.872352454887,187.157450818296,1
1317,22,611856,552,14.0262676119341,158.829465009428,186.743155003143,736.2,273.6,1.16980434119164,1.19880434119164,0.109801149071247,14.0262676119341,158.829465009428,186.743155003143,1
1318,22,611862,558,14.0349958431799,158.759083279973,187.319694426658,735.6,273,1.16980434119164,1.19880434119164,0.110248470923577,14.0349958431799,158.759083279973,187.319694426658,1
1319,22,611868,564,14.0480881900485,158.677858793086,187.492619597695,735.4,272.8,1.16980434119164,1.19880434119164,0.110030265142443,14.0480881900485,158.677858793086,187.492619597695,1
1320,22,611874,570,14.0565982155131,158.608041807641,187.269347269214,735.6,273,1.16980434119164,1.19880434119164,0.109812059360302,14.0565982155131,158.608041807641,187.269347269214,1
1321,22,611880,576,14.0696905623818,158.526844374,187.142281458,735.7,273.1,1.16980434119164,1.19880434119164,0.109812059360302,14.0696905623818,158.526844374,187.142281458,1
1322,22,611886,582,14.0784187936275,158.505148976671,187.23504965889,735.6,273,1.16980434119164,1.19880434119164,0.109582943290097,14.0784187936275,158.505148976671,187.23504965889,1
1323,22,611892,588,14.091292934715,158.375878873114,187.091959624371,735.7,273.1,1.16980434119164,1.19880434119164,0.109812059361291,14.091292934715,158.375878873114,187.091959624371,1
1324,22,611898,594,14.1000211659608,158.402823113266,187.300941037755,735.5,272.9,1.16980434119164,1.19880434119164,0.109812059361309,14.1000211659608,158.402823113266,187.300941037755,1
1325,22,611904,600,14.1131135128294,158.273042742785,186.757680914262,736,273.4,1.16980434119164,1.19880434119164,0.109801149071238,14.1131135128294,158.273042742785,186.757680914262,1
1326,22,611910,601,14.1131135128294,158.321665085953,187.273888361984,735.5,272.9,1.16980434119164,1.19880434119164,0.188623311671519,14.1131135128294,158.321665085953,187.273888361984,1
1327,23,611911,0,14.1131135128294,157.981308683778,187.260436227926,735.4,272.8,1.16980434119164,1.19880434119164,0.220060530282903,14.1131135128294,157.981308683778,187.260436227926,1
1328,23,611916,12,14.121623538294,156.696143368571,186.832047789524,735.4,272.8,1.16980434119164,1.19880434119164,0.0778147486829074,14.121623538294,156.696143368571,186.832047789524,1
1329,23,611928,24,14.1390800007855,156.750313746176,186.750104582058,735.5,272.9,1.16980434119164,1.19880434119164,0.0551242354615424,14.1390800007855,156.750313746176,186.750104582058,1
1330,23,611940,36,14.151954141873,156.864354613648,186.588118204549,735.7,273.1,1.16980434119164,1.19880434119164,0.0550151325707212,14.151954141873,156.864354613648,186.588118204549,1
1331,23,611952,48,14.1606823731188,156.794212039835,186.264737346612,736,273.4,1.16980434119164,1.19880434119164,0.0549060296804005,14.1606823731188,156.794212039835,186.264737346612,1
1332,23,611964,60,14.1735565142063,156.859613516889,186.586537838963,735.7,273.1,1.16980434119164,1.19880434119164,0.054906029680396,14.1735565142063,156.859613516889,186.586537838963,1
1333,23,611976,72,14.182284745452,156.789478231394,186.663159410465,735.6,273,1.16980434119164,1.19880434119164,0.0550096774264398,14.182284745452,156.789478231394,186.663159410465,1
1334,23,611988,84,14.1953770923207,156.805733262906,186.168577754302,736.1,273.5,1.16980434119164,1.19880434119164,0.0549060296804005,14.1953770923207,156.805733262906,186.168577754302,1
1335,23,612000,96,14.2038871177853,156.784719963853,185.761573321284,736.5,273.9,1.16980434119164,1.19880434119164,0.0547969267895803,14.2038871177853,156.784719963853,185.761573321284,1
1336,23,612012,108,14.2169794646539,156.752391811463,186.250797270488,736,273.4,1.16980434119164,1.19880434119164,0.054796926789825,14.2169794646539,156.752391811463,186.250797270488,1
1337,23,612024,120,14.2257076958997,156.73083970987,186.443613236623,735.8,273.2,1.16980434119164,1.19880434119164,0.0549114848249277,14.2257076958997,156.73083970987,186.443613236623,1
1338,23,612036,132,14.2429459526101,156.639725466885,185.813241822295,736.4,273.8,1.16980434119164,1.19880434119164,0.0550151325709803,14.2429459526101,156.639725466885,185.813241822295,1
1339,23,612048,144,14.2516741838558,156.618178306524,186.006059435508,736.2,273.6,1.16980434119164,1.19880434119164,0.0549060296804049,14.2516741838558,156.618178306524,186.006059435508,1
1340,23,612060,156,14.2645483249433,156.537859632204,185.779286544068,736.4,273.8,1.16980434119164,1.19880434119164,0.0546932790435326,14.2645483249433,156.537859632204,185.779286544068,1
1341,23,612072,168,14.2732765561891,156.564849084631,185.88828302821,736.3,273.7,1.16980434119164,1.19880434119164,0.0546878238992541,14.2732765561891,156.564849084631,185.88828302821,1
1342,23,612084,180,14.2863689030577,156.435479824675,185.545159941558,736.6,274,1.16980434119164,1.19880434119164,0.0546878238992585,14.2863689030577,156.435479824675,185.545159941558,1
1343,23,612096,192,14.2948789285223,156.463000420732,185.654333473577,736.5,273.9,1.16980434119164,1.19880434119164,0.0546878238992496,14.2948789285223,156.463000420732,185.654333473577,1
1344,23,612108,204,14.307971275391,156.382175061881,185.627391687294,736.5,273.9,1.16980434119164,1.19880434119164,0.0546878238992496,14.307971275391,156.382175061881,185.627391687294,1
1345,23,612120,216,14.3166995066367,156.312130695059,185.90404356502,736.2,273.6,1.16980434119164,1.19880434119164,0.0544750732623961,14.3166995066367,156.312130695059,185.90404356502,1
1346,23,612132,228,14.3295736477242,156.28037049848,185.893456832827,736.2,273.6,1.16980434119164,1.19880434119164,0.0544696181181077,14.3295736477242,156.28037049848,185.893456832827,1
1347,23,612144,240,14.33830187897,156.21034330244,185.970114434147,736.1,273.5,1.16980434119164,1.19880434119164,0.0545787210086787,14.33830187897,156.21034330244,185.970114434147,1
1348,23,612156,252,14.3555401356804,156.119341596021,185.639780532007,736.4,273.8,1.16980434119164,1.19880434119164,0.0544750732626438,14.3555401356804,156.119341596021,185.639780532007,1
1349,23,612168,264,14.368632482549,156.087057914721,185.529019304907,736.5,273.9,1.16980434119164,1.19880434119164,0.0543659703720684,14.368632482549,156.087057914721,185.529019304907,1
1350,23,612180,276,14.3771425080136,156.017600650985,185.605866883662,736.4,273.8,1.16980434119164,1.19880434119164,0.0543659703718212,14.3771425080136,156.017600650985,185.605866883662,1
1351,23,612192,288,14.3858707392594,155.996083138018,185.598694379339,736.4,273.8,1.16980434119164,1.19880434119164,0.0543659703720728,14.3858707392594,155.996083138018,185.598694379339,1
1352,23,612204,300,14.398963086128,155.915346350755,185.771782116918,736.2,273.6,1.16980434119164,1.19880434119164,0.0543659703720684,14.398963086128,155.915346350755,185.771782116918,1
1353,23,612216,312,14.4074731115926,155.894371593314,185.464790531105,736.5,273.9,1.16980434119164,1.19880434119164,0.054256867481493,14.4074731115926,155.894371593314,185.464790531105,1
1354,23,612228,324,14.4205654584613,155.765206159189,185.621735386396,736.3,273.7,1.16980434119164,1.19880434119164,0.0542514123369658,14.4205654584613,155.765206159189,185.621735386396,1
1355,23,612240,336,14.4336578053299,155.829833878109,185.54327795937,736.4,273.8,1.16980434119164,1.19880434119164,0.0542514123367235,14.4336578053299,155.829833878109,185.54327795937,1
1356,23,612252,348,14.4421678307945,155.663550944533,185.087850314844,736.8,274.2,1.16980434119164,1.19880434119164,0.054256867481493,14.4421678307945,155.663550944533,185.087850314844,1
1357,23,612264,360,14.459624293286,155.668981624703,184.989660541568,736.9,274.3,1.16980434119164,1.19880434119164,0.0544750732626394,14.459624293286,155.668981624703,184.989660541568,1
1358,23,612276,372,14.4681343187506,155.551173785573,185.350391261858,736.5,273.9,1.16980434119164,1.19880434119164,0.0543659703720684,14.4681343187506,155.551173785573,185.350391261858,1
1359,23,612288,384,14.4812266656193,155.567348522061,185.355782840687,736.5,273.9,1.16980434119164,1.19880434119164,0.054147764590922,14.4812266656193,155.567348522061,185.355782840687,1
1360,23,612300,396,14.489954896865,155.545850774023,185.248616924674,736.6,274,1.16980434119164,1.19880434119164,0.0541477645906847,14.489954896865,155.545850774023,185.248616924674,1
1361,23,612312,408,14.5028290379525,155.514141595667,184.938047198556,736.9,274.3,1.16980434119164,1.19880434119164,0.0541477645909265,14.5028290379525,155.514141595667,184.938047198556,1
1362,23,612324,420,14.5115572691983,155.444247071714,184.914749023905,736.9,274.3,1.16980434119164,1.19880434119164,0.0541477645909176,14.5115572691983,155.444247071714,184.914749023905,1
1363,23,612336,432,14.5244314102858,155.364155694077,184.788051898026,737,274.4,1.16980434119164,1.19880434119164,0.054147764590922,14.5244314102858,155.364155694077,184.788051898026,1
1364,23,612348,444,14.5331596415315,155.294283282139,184.864761094046,736.9,274.3,1.16980434119164,1.19880434119164,0.0540386617003511,14.5331596415315,155.294283282139,184.864761094046,1
1365,23,612360,456,14.5462519884002,155.21368176111,184.73789392037,737,274.4,1.16980434119164,1.19880434119164,0.0539295588095304,14.5462519884002,155.21368176111,184.73789392037,1
1366,23,612372,468,14.5547620138648,155.192740727579,184.530913575859,737.2,274.6,1.16980434119164,1.19880434119164,0.0539295588097845,14.5547620138648,155.192740727579,184.530913575859,1
1367,23,612384,480,14.5678543607334,155.112158847948,184.504052949316,737.2,274.6,1.16980434119164,1.19880434119164,0.0538259110637363,14.5678543607334,155.112158847948,184.504052949316,1
1368,23,612396,492,14.5809467076021,155.079949285133,184.593316428378,737.1,274.5,1.16980434119164,1.19880434119164,0.0538259110637363,14.5809467076021,155.079949285133,184.593316428378,1
1369,23,612408,504,14.5894567330667,155.059013069302,184.486337689767,737.2,274.6,1.16980434119164,1.19880434119164,0.0538204559192136,14.5894567330667,155.059013069302,184.486337689767,1
1370,23,612420,516,14.6025490799353,154.978458242919,184.259486080973,737.4,274.8,1.16980434119164,1.19880434119164,0.0538259110634871,14.6025490799353,154.978458242919,184.259486080973,1
1371,23,612432,528,14.6110591053999,155.005867290657,184.468622430219,737.2,274.6,1.16980434119164,1.19880434119164,0.0538259110637319,14.6110591053999,155.005867290657,184.468622430219,1
1372,23,612444,540,14.6197873366457,154.887723239511,184.529241079837,737.1,274.5,1.16980434119164,1.19880434119164,0.0538204559192136,14.6197873366457,154.887723239511,184.529241079837,1
1373,23,612456,552,14.6328796835143,154.855528500392,184.618509500131,737,274.4,1.16980434119164,1.19880434119164,0.0538259110637363,14.6328796835143,154.855528500392,184.618509500131,1
1374,23,612468,564,14.641389708979,154.78627864488,184.29542621496,737.3,274.7,1.16980434119164,1.19880434119164,0.0538259110637363,14.641389708979,154.78627864488,184.29542621496,1
1375,23,612480,576,14.6544820558476,154.705775454374,184.468591818125,737.1,274.5,1.16980434119164,1.19880434119164,0.0538204559189688,14.6544820558476,154.705775454374,184.468591818125,1
1376,23,612492,588,14.6632102870933,154.684322177426,184.561440725809,737,274.4,1.16980434119164,1.19880434119164,0.0539241036652529,14.6632102870933,154.684322177426,184.561440725809,1
1377,23,612504,600,14.6760844281808,154.604374960241,184.434791653414,737.1,274.5,1.16980434119164,1.19880434119164,0.0543550600830095,14.6760844281808,154.604374960241,184.434791653414,1
1378,23,612516,612,14.6891767750495,154.572202456668,184.524067485556,737,274.4,1.16980434119164,1.19880434119164,0.0544696181181077,14.6891767750495,154.572202456668,184.524067485556,1
1379,23,612528,624,14.6979050062952,154.502462840346,184.500820946782,737,274.4,1.16980434119164,1.19880434119164,0.0539295588097801,14.6979050062952,154.502462840346,184.500820946782,1
1380,23,612540,636,14.7107791473827,154.519117825771,184.40637260859,737.1,274.5,1.16980434119164,1.19880434119164,0.0534986023917802,14.7107791473827,154.519117825771,184.40637260859,1
1381,23,612552,648,14.7195073786285,154.401111387944,184.367037129315,737.1,274.5,1.16980434119164,1.19880434119164,0.0534986023920234,14.7195073786285,154.401111387944,184.367037129315,1
1382,23,612564,660,14.732381519716,154.369489669398,183.956496556466,737.5,274.9,1.16980434119164,1.19880434119164,0.0534986023920279,14.732381519716,154.369489669398,183.956496556466,1
1383,23,612576,672,14.7411097509617,154.251517573135,184.317172524378,737.1,274.5,1.16980434119164,1.19880434119164,0.0535040575365507,14.7411097509617,154.251517573135,184.317172524378,1
1384,23,612588,684,14.7498379822075,154.326612762896,183.942204254299,737.5,274.9,1.16980434119164,1.19880434119164,0.0534986023920146,14.7498379822075,154.326612762896,183.942204254299,1
1385,23,612600,696,14.762712123295,154.198481860438,184.09949395348,737.3,274.7,1.16980434119164,1.19880434119164,0.0534986023917713,14.762712123295,154.198481860438,184.09949395348,1
1386,23,612612,708,14.7714403545408,154.177053289652,183.692351096551,737.7,275.1,1.16980434119164,1.19880434119164,0.0533949546459753,14.7714403545408,154.177053289652,183.692351096551,1
1387,23,612624,720,14.7845327014094,154.144910433472,183.681636811157,737.7,275.1,1.16980434119164,1.19880434119164,0.0532803966108815,14.7845327014094,154.144910433472,183.681636811157,1
1388,23,612636,732,14.7974068424969,154.065068341004,183.955022780335,737.4,274.8,1.16980434119164,1.19880434119164,0.0531712937203017,14.7974068424969,154.065068341004,183.955022780335,1
1389,23,612648,744,14.8061350737426,154.04364471145,183.847881570483,737.5,274.9,1.16980434119164,1.19880434119164,0.0530621908297263,14.8061350737426,154.04364471145,183.847881570483,1
1390,23,612660,756,14.8148633049884,153.973996013802,183.624665337934,737.7,275.1,1.16980434119164,1.19880434119164,0.0530621908294894,14.8148633049884,153.973996013802,183.624665337934,1
1391,23,612672,768,14.8277374460759,153.990621228303,183.730207076101,737.6,275,1.16980434119164,1.19880434119164,0.0531767488648333,14.8277374460759,153.990621228303,183.730207076101,1
1392,23,612684,780,14.8364656773217,153.872771921661,183.690923973887,737.6,275,1.16980434119164,1.19880434119164,0.0531712937203061,14.8364656773217,153.872771921661,183.690923973887,1
1393,23,612696,792,14.8493398184092,153.88939219493,183.396464064977,737.9,275.3,1.16980434119164,1.19880434119164,0.0531712937203061,14.8493398184092,153.88939219493,183.396464064977,1
1394,23,612708,804,14.8580680496549,153.819772897614,183.373257632538,737.9,275.3,1.16980434119164,1.19880434119164,0.0531767488648333,14.8580680496549,153.819772897614,183.373257632538,1
1395,23,612720,816,14.8667962809007,153.750163482763,183.650054494254,737.6,275,1.16980434119164,1.19880434119164,0.053062190829485,14.8667962809007,153.750163482763,183.650054494254,1
1396,23,612732,828,14.8796704219882,153.670397114679,183.523465704893,737.7,275.1,1.16980434119164,1.19880434119164,0.0530621908297307,14.8796704219882,153.670397114679,183.523465704893,1
1397,23,612744,840,14.8927627688568,153.638291317741,183.412763772581,737.8,275.2,1.16980434119164,1.19880434119164,0.0530676459742668,14.8927627688568,153.638291317741,183.412763772581,1
1398,23,612756,852,14.9014910001026,153.568711426753,183.189570475584,738,275.4,1.16980434119164,1.19880434119164,0.0529585430836914,14.9014910001026,153.568711426753,183.189570475584,1
1399,23,612768,864,14.9143651411901,153.488979276703,183.562993092234,737.6,275,1.16980434119164,1.19880434119164,0.0527403373025406,14.9143651411901,153.488979276703,183.562993092234,1
1400,23,612780,876,14.9230933724358,153.419421497729,183.13980716591,738,275.4,1.16980434119164,1.19880434119164,0.0527403373023007,14.9230933724358,153.419421497729,183.13980716591,1
1401,23,612792,888,14.9318216036816,153.446191312381,182.848730437461,738.3,275.7,1.16980434119164,1.19880434119164,0.0529585430836958,14.9318216036816,153.446191312381,182.848730437461,1
1402,23,612804,900,14.9446957447691,153.366483621431,183.122161207144,738,275.4,1.16980434119164,1.19880434119164,0.0529585430836958,14.9446957447691,153.366483621431,183.122161207144,1
1403,23,612816,912,14.9534239760148,153.345094580502,183.315031526834,737.8,275.2,1.16980434119164,1.19880434119164,0.0528494401931115,14.9534239760148,153.345094580502,183.315031526834,1
1404,23,612828,924,14.9662981171023,153.217267069706,182.672422356569,738.4,275.8,1.16980434119164,1.19880434119164,0.052849440193116,14.9662981171023,153.217267069706,182.672422356569,1
1405,23,612840,936,14.9750263483481,153.244022307723,182.981340769241,738.1,275.5,1.16980434119164,1.19880434119164,0.0527403373023052,14.9750263483481,153.244022307723,182.981340769241,1
1406,23,612852,948,14.9837545795938,153.07824984228,183.02608328076,738,275.4,1.16980434119164,1.19880434119164,0.052740337302545,14.9837545795938,153.07824984228,183.02608328076,1
1407,23,612864,960,15.0009928363042,153.084165218496,182.428055072832,738.6,276,1.16980434119164,1.19880434119164,0.0526312344119785,15.0009928363042,153.084165218496,182.428055072832,1
1408,23,612876,972,15.00972106755,153.014676246182,183.204892082061,737.8,275.2,1.16980434119164,1.19880434119164,0.0525221315213986,15.00972106755,153.014676246182,183.204892082061,1
1409,23,612888,984,15.0184492987957,153.041416784033,183.313805594678,737.7,275.1,1.16980434119164,1.19880434119164,0.0525221315213986,15.0184492987957,153.041416784033,183.313805594678,1
1410,23,612900,996,15.0313234398832,152.91368476255,183.471228254183,737.5,274.9,1.16980434119164,1.19880434119164,0.0525221315211598,15.0313234398832,152.91368476255,183.471228254183,1
1411,23,612912,1008,15.040051671129,152.892320427783,183.164106809261,737.8,275.2,1.16980434119164,1.19880434119164,0.0526312344119696,15.040051671129,152.892320427783,183.164106809261,1
1412,23,612924,1020,15.0529258122165,152.860808034002,182.653602678001,738.3,275.7,1.16980434119164,1.19880434119164,0.0526312344119785,15.0529258122165,152.860808034002,182.653602678001,1
1413,23,612936,1032,15.0616540434622,152.791358344483,183.130452781495,737.8,275.2,1.16980434119164,1.19880434119164,0.0526312344119741,15.0616540434622,152.791358344483,183.130452781495,1
1414,23,612948,1044,15.070382274708,152.769998950949,183.02333298365,737.9,275.3,1.16980434119164,1.19880434119164,0.0526312344119741,15.070382274708,152.769998950949,183.02333298365,1
1415,23,612960,1056,15.0788923001726,152.653022350617,182.884340783539,738,275.4,1.16980434119164,1.19880434119164,0.0525221315211687,15.0788923001726,152.653022350617,182.884340783539,1
1416,23,612972,1068,15.0876205314184,152.631672839547,182.777224279849,738.1,275.5,1.16980434119164,1.19880434119164,0.0525221315213986,15.0876205314184,152.631672839547,182.777224279849,1
1417,23,612984,1080,15.100712878287,152.503522087468,182.834507362489,738,275.4,1.16980434119164,1.19880434119164,0.0525221315213986,15.100712878287,152.503522087468,182.834507362489,1
1418,23,612996,1092,15.1135870193745,152.568158044113,182.356052681371,738.5,275.9,1.16980434119164,1.19880434119164,0.0524130286308277,15.1135870193745,152.568158044113,182.356052681371,1
1419,23,613008,1104,15.1223152506203,152.498757519856,182.532919173285,738.3,275.7,1.16980434119164,1.19880434119164,0.0524130286308232,15.1223152506203,152.498757519856,182.532919173285,1
1420,23,613020,1116,15.1354075974889,152.418697063761,182.406232354587,738.4,275.8,1.16980434119164,1.19880434119164,0.0524130286305938,15.1354075974889,152.418697063761,182.406232354587,1
1421,23,613032,1128,15.1439176229535,152.39789092587,182.29929697529,738.5,275.9,1.16980434119164,1.19880434119164,0.0525221315213986,15.1439176229535,152.39789092587,182.29929697529,1
1422,23,613044,1140,15.1570099698221,152.365881482961,182.688627160987,738.1,275.5,1.16980434119164,1.19880434119164,0.0526312344119696,15.1570099698221,152.365881482961,182.688627160987,1
1423,23,613056,1152,15.1657382010679,152.296515423799,182.465505141266,738.3,275.7,1.16980434119164,1.19880434119164,0.0525221315214031,15.1657382010679,152.296515423799,182.465505141266,1
1424,23,613068,1164,15.1786123421554,152.217027617685,182.939009205895,737.8,275.2,1.16980434119164,1.19880434119164,0.0525221315213898,15.1786123421554,152.217027617685,182.939009205895,1
1425,23,613080,1176,15.1873405734012,152.195697871544,182.431899290515,738.3,275.7,1.16980434119164,1.19880434119164,0.0525221315211554,15.1873405734012,152.195697871544,182.431899290515,1
1426,23,613092,1188,15.1958505988658,152.174901369056,182.424967123019,738.3,275.7,1.16980434119164,1.19880434119164,0.0525221315214075,15.1958505988658,152.174901369056,182.424967123019,1
1427,23,613104,1200,15.2045788301115,152.153571622915,182.217857207638,738.5,275.9,1.16980434119164,1.19880434119164,0.0630265578258557,15.2045788301115,152.153571622915,182.217857207638,1
1428,23,613112,1201,15.2089429457344,152.142906749844,182.314302249948,738.4,275.8,1.16980434119164,1.19880434119164,0.114117656159852,15.2089429457344,152.142906749844,182.314302249948,1
1429,24,613115,0,15.2089429457344,152.046902806931,182.382300935644,738.3,275.7,1.16980434119164,1.19880434119164,0.0448319363487079,15.2089429457344,152.046902806931,182.382300935644,1
1430,24,613140,60,15.222035292603,149.039260315708,182.879753438569,736.8,274.2,1.16980434119164,1.19880434119164,0.0147989727898736,15.222035292603,149.039260315708,182.879753438569,1
1431,24,613200,120,15.2305453180677,149.258720855648,182.552906951883,737.2,274.6,1.16980434119164,1.19880434119164,0.0104826057261551,15.2305453180677,149.258720855648,182.552906951883,1
1432,24,613260,180,15.2436376649363,149.515057515841,182.23835250528,737.6,275,1.16980434119164,1.19880434119164,0.0104826057261551,15.2436376649363,149.515057515841,182.23835250528,1
1433,24,613320,240,15.2523658961821,149.637921821489,182.07930727383,737.8,275.2,1.16980434119164,1.19880434119164,0.010482605726156,15.2523658961821,149.637921821489,182.07930727383,1
1434,24,613380,300,15.2652400372696,149.846675364352,182.048891788118,737.9,275.3,1.16980434119164,1.19880434119164,0.010504426304272,15.2652400372696,149.846675364352,182.048891788118,1
1435,24,613440,360,15.2739682685153,149.825567973663,181.241855991221,738.7,276.1,1.16980434119164,1.19880434119164,0.0105044263042702,15.2739682685153,149.825567973663,181.241855991221,1
1436,24,613500,420,15.2826964997611,149.948341237106,181.282780412369,738.7,276.1,1.16980434119164,1.19880434119164,0.0105044263042684,15.2826964997611,149.948341237106,181.282780412369,1
1437,24,613560,480,15.2912065252257,149.975702478422,181.391900826141,738.6,276,1.16980434119164,1.19880434119164,0.0105044263042702,15.2912065252257,149.975702478422,181.391900826141,1
1438,24,613620,540,15.3042988720943,150.039907721983,181.113302573994,738.9,276.3,1.16980434119164,1.19880434119164,0.0104826057261569,15.3042988720943,150.039907721983,181.113302573994,1
1439,24,613680,600,15.3128088975589,150.019299109852,181.306433036617,738.7,276.1,1.16980434119164,1.19880434119164,0.010482605726156,15.3128088975589,150.019299109852,181.306433036617,1
1440,24,613740,660,15.3259012444276,150.035529311672,180.611843103891,739.4,276.8,1.16980434119164,1.19880434119164,0.0105251558534789,15.3259012444276,150.035529311672,180.611843103891,1
1441,24,613800,720,15.3389935912962,150.051744689795,180.817248229932,739.2,276.6,1.16980434119164,1.19880434119164,0.0105469764315949,15.3389935912962,150.051744689795,180.817248229932,1
1442,24,613860,780,15.3475036167608,150.031126442262,181.010375480754,739,276.4,1.16980434119164,1.19880434119164,0.0105262468823852,15.3475036167608,150.031126442262,181.010375480754,1
1443,24,613920,840,15.3605959636295,149.999406061441,180.49980202048,739.5,276.9,1.16980434119164,1.19880434119164,0.0105262468823843,15.3605959636295,149.999406061441,180.49980202048,1
1444,24,613980,900,15.3693241948752,149.978259140894,180.692753046965,739.3,276.7,1.16980434119164,1.19880434119164,0.0105262468823861,15.3693241948752,149.978259140894,180.692753046965,1
1445,24,614040,960,15.3778342203398,150.005547251972,180.801849083991,739.2,276.6,1.16980434119164,1.19880434119164,0.0105262468823861,15.3778342203398,150.005547251972,180.801849083991,1
1446,24,614100,1020,15.3909265672085,149.973819459303,180.691273153101,739.3,276.7,1.16980434119164,1.19880434119164,0.0105262468823843,15.3909265672085,149.973819459303,180.691273153101,1
1447,24,614160,1080,15.3996547984542,150.000561603055,180.900187201018,739.1,276.5,1.16980434119164,1.19880434119164,0.0105044263042693,15.3996547984542,150.000561603055,180.900187201018,1
1448,24,614220,1140,15.4125289395417,149.969355318612,180.889785106204,739.1,276.5,1.16980434119164,1.19880434119164,0.0105044263042711,15.4125289395417,149.969355318612,180.889785106204,1
1449,24,614280,1200,15.4212571707875,149.948198515601,180.782732838533,739.2,276.6,1.16980434119164,1.19880434119164,0.010504426304272,15.4212571707875,149.948198515601,180.782732838533,1
1450,24,614340,1260,15.434131311875,149.916992231158,181.172330743719,738.8,276.2,1.16980434119164,1.19880434119164,0.0105262468823843,15.434131311875,149.916992231158,181.172330743719,1
1451,24,614400,1320,15.4472236587436,149.837389950825,181.245796650275,738.7,276.1,1.16980434119164,1.19880434119164,0.0105687970097073,15.4472236587436,149.837389950825,181.245796650275,1
1452,24,614460,1380,15.4559518899894,149.864100223628,180.954700074543,739,276.4,1.16980434119164,1.19880434119164,0.010568797009709,15.4559518899894,149.864100223628,180.954700074543,1
1453,24,614520,1440,15.464461915454,149.843472340692,180.847824113564,739.1,276.5,1.16980434119164,1.19880434119164,0.0105698880386145,15.464461915454,149.843472340692,180.847824113564,1
1454,24,614580,1500,15.4775542623226,149.811737136174,180.537245712058,739.4,276.8,1.16980434119164,1.19880434119164,0.0105480674604994,15.4775542623226,149.811737136174,180.537245712058,1
1455,24,614640,1560,15.4862824935684,149.790580333162,180.830193444387,739.1,276.5,1.16980434119164,1.19880434119164,0.0105480674605003,15.4862824935684,149.790580333162,180.830193444387,1
1456,24,614700,1620,15.4991566346559,149.711536373236,180.303845457745,739.6,277,1.16980434119164,1.19880434119164,0.0105698880386136,15.4991566346559,149.711536373236,180.303845457745,1
1457,24,614760,1680,15.5078848659016,149.738217245708,181.012739081903,738.9,276.3,1.16980434119164,1.19880434119164,0.0105480674604976,15.5078848659016,149.738217245708,181.012739081903,1
1458,24,614820,1740,15.5207590069891,149.659185515332,180.686395171777,739.2,276.6,1.16980434119164,1.19880434119164,0.0105480674604994,15.5207590069891,149.659185515332,180.686395171777,1
1459,24,614880,1800,15.5294872382349,149.685854158254,180.295284719418,739.6,277,1.16980434119164,1.19880434119164,0.0105480674604985,15.5294872382349,149.685854158254,180.295284719418,1
1460,24,614940,1860,15.5425795851035,149.55849276803,180.652830922677,739.2,276.6,1.16980434119164,1.19880434119164,0.0105480674604985,15.5425795851035,149.55849276803,180.652830922677,1
1461,24,615000,1920,15.555453726191,149.670718473829,180.490239491276,739.4,276.8,1.16980434119164,1.19880434119164,0.0105917086167295,15.555453726191,149.670718473829,180.490239491276,1
1462,24,615060,1980,15.5641819574368,149.553955002978,180.551318334326,739.3,276.7,1.16980434119164,1.19880434119164,0.0105917086167295,15.5641819574368,149.553955002978,180.551318334326,1
1463,24,615120,2040,15.5770560985243,149.570549581839,181.256849860613,738.6,276,1.16980434119164,1.19880434119164,0.0105698880386136,15.5770560985243,149.570549581839,181.256849860613,1
1464,24,615180,2100,15.58578432977,149.453815511321,180.617938503774,739.2,276.6,1.16980434119164,1.19880434119164,0.0105906175878223,15.58578432977,149.453815511321,180.617938503774,1
1465,24,615240,2160,15.5945125610158,149.432668590773,180.410889530258,739.4,276.8,1.16980434119164,1.19880434119164,0.0106342587440516,15.5945125610158,149.432668590773,180.410889530258,1
1466,24,615300,2220,15.6073867021033,149.44925328717,181.01641776239,738.8,276.2,1.16980434119164,1.19880434119164,0.0106571703510712,15.6073867021033,149.44925328717,181.01641776239,1
1467,24,615360,2280,15.616114933349,149.332558499447,180.477519499816,739.3,276.7,1.16980434119164,1.19880434119164,0.0106560793221666,15.616114933349,149.332558499447,180.477519499816,1
1468,24,615420,2340,15.6292072802177,149.348609581598,180.582869860532,739.2,276.6,1.16980434119164,1.19880434119164,0.0106342587440507,15.6292072802177,149.348609581598,180.582869860532,1
1469,24,615480,2400,15.6377173056823,149.280232100643,180.360077366881,739.4,276.8,1.16980434119164,1.19880434119164,0.0106135291948419,15.6377173056823,149.280232100643,180.360077366881,1
1470,24,615540,2460,15.6508096525509,149.296270953243,180.265423651081,739.5,276.9,1.16980434119164,1.19880434119164,0.0106342587440524,15.6508096525509,149.296270953243,180.265423651081,1
1471,24,615600,2520,15.6636837936384,149.217334712181,180.539111570727,739.2,276.6,1.16980434119164,1.19880434119164,0.0106560793221657,15.6636837936384,149.217334712181,180.539111570727,1
1472,24,615660,2580,15.6724120248842,149.196192732865,180.432064244289,739.3,276.7,1.16980434119164,1.19880434119164,0.0106560793221648,15.6724120248842,149.196192732865,180.432064244289,1
1473,24,615720,2640,15.6811402561299,149.175050753551,180.32501691785,739.4,276.8,1.16980434119164,1.19880434119164,0.0106549882932603,15.6811402561299,149.175050753551,180.32501691785,1
1474,24,615780,2700,15.6940143972174,149.143866334061,180.514622111354,739.2,276.6,1.16980434119164,1.19880434119164,0.0106342587440507,15.6940143972174,149.143866334061,180.514622111354,1
1475,24,615840,2760,15.7027426284632,149.075001933505,180.191667311168,739.5,276.9,1.16980434119164,1.19880434119164,0.0106342587440507,15.7027426284632,149.075001933505,180.191667311168,1
1476,24,615900,2820,15.7158349753318,148.995581366988,180.465193788996,739.2,276.6,1.16980434119164,1.19880434119164,0.0106560793221657,15.7158349753318,148.995581366988,180.465193788996,1
1477,24,615960,2880,15.7243450007965,149.02268776425,180.57422925475,739.1,276.5,1.16980434119164,1.19880434119164,0.0106571703510712,15.7243450007965,149.02268776425,180.57422925475,1
1478,24,616020,2940,15.7330732320422,148.953845475708,180.151281825236,739.5,276.9,1.16980434119164,1.19880434119164,0.010699720478395,15.7330732320422,148.953845475708,180.151281825236,1
1479,24,616080,3000,15.7461655789109,148.922147330432,180.540715776811,739.1,276.5,1.16980434119164,1.19880434119164,0.0107859117619462,15.7461655789109,148.922147330432,180.540715776811,1
1480,24,616140,3060,15.7590397199983,148.890977487578,180.230325829193,739.4,276.8,1.16980434119164,1.19880434119164,0.010764091183832,15.7590397199983,148.890977487578,180.230325829193,1
1481,24,616200,3120,15.7677679512441,148.869845390728,180.223281796909,739.4,276.8,1.16980434119164,1.19880434119164,0.0106560793221675,15.7677679512441,148.869845390728,180.223281796909,1
1482,24,616260,3180,15.7806420923316,148.838675547873,180.212891849291,739.4,276.8,1.16980434119164,1.19880434119164,0.0106135291948428,15.7806420923316,148.838675547873,180.212891849291,1
1483,24,616320,3240,15.7893703235774,148.722196692001,180.474065564,739.1,276.5,1.16980434119164,1.19880434119164,0.0106124381659356,15.7893703235774,148.722196692001,180.474065564,1
1484,24,616380,3300,15.802462670446,148.738179338084,179.979393112695,739.6,277,1.16980434119164,1.19880434119164,0.0106124381659374,15.802462670446,148.738179338084,179.979393112695,1
1485,24,616440,3360,15.8109726959106,148.622258061435,180.140752687145,739.4,276.8,1.16980434119164,1.19880434119164,0.0106135291948428,15.8109726959106,148.622258061435,180.140752687145,1
1486,24,616500,3420,15.8240650427792,148.638235889817,180.046078629939,739.5,276.9,1.16980434119164,1.19880434119164,0.0106342587440507,15.8240650427792,148.638235889817,180.046078629939,1
1487,24,616560,3480,15.832793274025,148.569464878551,180.223154959517,739.3,276.7,1.16980434119164,1.19880434119164,0.0106560793221666,15.832793274025,148.569464878551,180.223154959517,1
1488,24,616620,3540,15.8456674151125,148.538316900649,180.412772300216,739.1,276.5,1.16980434119164,1.19880434119164,0.0106560793221675,15.8456674151125,148.538316900649,180.412772300216,1
1489,24,616680,3600,15.8543956463583,148.469563060165,179.989854353388,739.5,276.9,1.16980434119164,1.19880434119164,0.0106560793221648,15.8543956463583,148.469563060165,179.989854353388,1
1490,24,616740,3660,15.8716339030686,148.42786620462,180.37595540154,739.1,276.5,1.16980434119164,1.19880434119164,0.0106353497729561,15.8716339030686,148.42786620462,180.37595540154,1
1491,24,616800,3720,15.8803621343144,148.406753872699,179.968917957566,739.5,276.9,1.16980434119164,1.19880434119164,0.0106124381659365,15.8803621343144,148.406753872699,179.968917957566,1
1492,24,616860,3780,15.8890903655601,148.290407688913,180.230135896304,739.2,276.6,1.16980434119164,1.19880434119164,0.0106342587440507,15.8890903655601,148.290407688913,180.230135896304,1
1493,24,616920,3840,15.9019645066476,148.259281575964,180.119760525321,739.3,276.7,1.16980434119164,1.19880434119164,0.0106560793221648,15.9019645066476,148.259281575964,180.119760525321,1
1494,24,616980,3900,15.9106927378934,148.190574430125,180.396858143375,739,276.4,1.16980434119164,1.19880434119164,0.0106549882932594,15.9106927378934,148.190574430125,180.396858143375,1
1495,24,617040,3960,15.9194209691392,148.21707667705,180.005692225683,739.4,276.8,1.16980434119164,1.19880434119164,0.0106778999002817,15.9194209691392,148.21707667705,180.005692225683,1
1496,24,617100,4020,15.9322951102267,148.138358097269,180.37945269909,739,276.4,1.16980434119164,1.19880434119164,0.0106778999002817,15.9322951102267,148.138358097269,180.37945269909,1
1497,24,617160,4080,15.9410233414724,148.117260589044,179.872420196348,739.5,276.9,1.16980434119164,1.19880434119164,0.0106549882932594,15.9410233414724,148.117260589044,179.872420196348,1
1498,24,617220,4140,15.954115688341,148.085614326707,179.961871442236,739.4,276.8,1.16980434119164,1.19880434119164,0.0106342587440507,15.954115688341,148.085614326707,179.961871442236,1
1499,24,617280,4200,15.9626257138057,148.017468960138,180.239156320046,739.1,276.5,1.16980434119164,1.19880434119164,0.0106342587440524,15.9626257138057,148.017468960138,180.239156320046,1
1500,24,617340,4260,15.9800821762972,147.975283826153,180.425094608718,738.9,276.3,1.16980434119164,1.19880434119164,0.0106342587440507,15.9800821762972,147.975283826153,180.425094608718,1
1501,24,617400,4320,15.9885922017618,147.859597381567,180.086532460522,739.2,276.6,1.16980434119164,1.19880434119164,0.0106135291948384,15.9885922017618,147.859597381567,180.086532460522,1
1502,24,617460,4380,16.0016845486304,147.827973354776,179.975991118259,739.3,276.7,1.16980434119164,1.19880434119164,0.0106342587440489,16.0016845486304,147.827973354776,179.975991118259,1
1503,24,617520,4440,16.0104127798762,147.806890670248,180.168963556749,739.1,276.5,1.16980434119164,1.19880434119164,0.0106778999002808,16.0104127798762,147.806890670248,180.168963556749,1
1504,24,617580,4500,16.0189228053408,147.738791627731,179.64626387591,739.6,277,1.16980434119164,1.19880434119164,0.0106778999002808,16.0189228053408,147.738791627731,179.64626387591,1
1505,24,617640,4560,16.0320151522094,147.707175012788,179.535725004263,739.7,277.1,1.16980434119164,1.19880434119164,0.0106549882932594,16.0320151522094,147.707175012788,179.535725004263,1
1506,24,617700,4620,16.0407433834552,147.638566197471,179.312855399157,739.9,277.3,1.16980434119164,1.19880434119164,0.0106342587440498,16.0407433834552,147.638566197471,179.312855399157,1
1507,24,617760,4680,16.0536175245427,147.655007598131,179.218335866044,740,277.4,1.16980434119164,1.19880434119164,0.0106342587440516,16.0536175245427,147.655007598131,179.218335866044,1
1508,24,617820,4740,16.0667098714113,147.528358239477,179.376119413159,739.8,277.2,1.16980434119164,1.19880434119164,0.0106342587440516,16.0667098714113,147.528358239477,179.376119413159,1
1509,24,617880,4800,16.0710739870342,147.565338210301,179.5884460701,739.6,277,1.16980434119164,1.19880434119164,0.0106353497729561,16.0710739870342,147.565338210301,179.5884460701,1
1510,24,617940,4860,16.0883122437446,147.47621528392,179.858738427973,739.3,276.7,1.16980434119164,1.19880434119164,0.0106342587440498,16.0883122437446,147.47621528392,179.858738427973,1
1511,24,618000,4920,16.1014045906132,147.492110223131,179.264036741044,739.9,277.3,1.16980434119164,1.19880434119164,0.0105906175878232,16.1014045906132,147.492110223131,179.264036741044,1
1512,24,618060,4980,16.1099146160778,147.424072328363,179.741357442788,739.4,276.8,1.16980434119164,1.19880434119164,0.0106124381659374,16.1099146160778,147.424072328363,179.741357442788,1
1513,24,618120,5040,16.1186428473236,147.355517496009,179.418505832003,739.7,277.1,1.16980434119164,1.19880434119164,0.0106342587440498,16.1186428473236,147.355517496009,179.418505832003,1
1514,24,618180,5100,16.1315169884111,147.324449689601,179.608149896534,739.5,276.9,1.16980434119164,1.19880434119164,0.0106353497729579,16.1315169884111,147.324449689601,179.608149896534,1
1515,24,618240,5160,16.1446093352797,147.245383038845,179.481794346282,739.6,277,1.16980434119164,1.19880434119164,0.0106560793221675,16.1446093352797,147.245383038845,179.481794346282,1
1516,24,618300,5220,16.1533375665255,147.224325060479,179.67477502016,739.4,276.8,1.16980434119164,1.19880434119164,0.0106560793221657,16.1533375665255,147.224325060479,179.67477502016,1
1517,24,618360,5280,16.166211707613,147.14580450058,178.748601500194,740.3,277.7,1.16980434119164,1.19880434119164,0.0106571703510703,16.166211707613,147.14580450058,178.748601500194,1
1518,24,618420,5340,16.1749399388587,147.124751463446,179.341583821149,739.7,277.1,1.16980434119164,1.19880434119164,0.0106560793221639,16.1749399388587,147.124751463446,179.341583821149,1
1519,24,618480,5400,16.1836681701045,147.008798107626,179.202932702542,739.8,277.2,1.16980434119164,1.19880434119164,0.0106560793221657,16.1836681701045,147.008798107626,179.202932702542,1
1520,24,618540,5460,16.2009064268149,147.014678277562,179.304892759187,739.7,277.1,1.16980434119164,1.19880434119164,0.0106353497729579,16.2009064268149,147.014678277562,179.304892759187,1
1521,24,618600,5520,16.2096346580606,146.946194722483,179.782064907494,739.2,276.6,1.16980434119164,1.19880434119164,0.0106135291948419,16.2096346580606,146.946194722483,179.782064907494,1
1522,24,618660,5580,16.2225087991481,146.867727898486,179.255909299495,739.7,277.1,1.16980434119164,1.19880434119164,0.0106353497729579,16.2225087991481,146.867727898486,179.255909299495,1
1523,24,618720,5640,16.2312370303939,146.894112914676,179.564704304892,739.4,276.8,1.16980434119164,1.19880434119164,0.0106560793221657,16.2312370303939,146.894112914676,179.564704304892,1
1524,24,618780,5700,16.2399652616396,146.825651471611,179.24188382387,739.7,277.1,1.16980434119164,1.19880434119164,0.0106560793221639,16.2399652616396,146.825651471611,179.24188382387,1
1525,24,618840,5760,16.2528394027271,146.794620106791,179.231540035597,739.7,277.1,1.16980434119164,1.19880434119164,0.0106571703510703,16.2528394027271,146.794620106791,179.231540035597,1
1526,24,618900,5820,16.2615676339729,146.726175834509,179.00872527817,739.9,277.3,1.16980434119164,1.19880434119164,0.0106342587440516,16.2615676339729,146.726175834509,179.00872527817,1
1527,24,618960,5880,16.2702958652186,146.705142562304,178.801714187435,740.1,277.5,1.16980434119164,1.19880434119164,0.0106342587440533,16.2702958652186,146.705142562304,178.801714187435,1
1528,24,619020,5940,16.2831700063062,146.626724656506,178.775574885502,740.1,277.5,1.16980434119164,1.19880434119164,0.0106571703510721,16.2831700063062,146.626724656506,178.775574885502,1
1529,24,619080,6000,16.2918982375519,146.653085213596,179.284361737865,739.6,277,1.16980434119164,1.19880434119164,0.0135756494604817,16.2918982375519,146.653085213596,179.284361737865,1
1530,24,619114,6001,16.2918982375519,146.653085213596,179.084361737865,739.8,277.2,1.16980434119164,1.19880434119164,0.0363106888724929,16.2918982375519,146.653085213596,179.084361737865,1
1531,25,619115,0,16.2918982375519,146.55830743747,179.252769145823,739.6,277,1.16980434119164,1.19880434119164,0.635502517012913,16.2918982375519,146.55830743747,179.252769145823,1
1532,25,619116,6,16.3049905844205,149.417042401948,178.50568080065,741.3,278.7,1.16980434119164,1.19880434119164,0.18194621476856,16.3049905844205,149.417042401948,178.50568080065,1
1533,25,619122,12,16.3135006098852,150.249030570398,178.383010190133,741.7,279.1,1.16980434119164,1.19880434119164,0.106353497730159,16.3135006098852,150.249030570398,178.383010190133,1
1534,25,619128,18,16.3265929567538,150.122171456434,178.340723818811,741.7,279.1,1.16980434119164,1.19880434119164,0.106342587441078,16.3265929567538,150.122171456434,178.340723818811,1
1535,25,619134,24,16.3353211879996,149.863946064647,178.854648688216,741.1,278.5,1.16980434119164,1.19880434119164,0.106124381658988,16.3353211879996,149.863946064647,178.854648688216,1
1536,25,619140,30,16.3481953290871,149.595626720338,178.865208906779,741,278.4,1.16980434119164,1.19880434119164,0.106135291948051,16.3481953290871,149.595626720338,178.865208906779,1
1537,25,619146,36,16.3569235603328,149.432216040388,178.710738680129,741.1,278.5,1.16980434119164,1.19880434119164,0.106124381658988,16.3569235603328,149.432216040388,178.710738680129,1
1538,25,619152,42,16.3697977014203,149.211360937935,179.037120312645,740.7,278.1,1.16980434119164,1.19880434119164,0.10590617587881,16.3697977014203,149.211360937935,179.037120312645,1
1539,25,619158,48,16.3785259326661,149.142701227925,178.914233742642,740.8,278.2,1.16980434119164,1.19880434119164,0.105917086167856,16.3785259326661,149.142701227925,178.914233742642,1
1540,25,619164,54,16.3872541639118,148.979381590179,179.259793863393,740.4,277.8,1.16980434119164,1.19880434119164,0.105698880385734,16.3872541639118,148.979381590179,179.259793863393,1
1541,25,619170,60,16.4001283049993,148.900636327744,179.033545442581,740.6,278,1.16980434119164,1.19880434119164,0.105480674604593,16.4001283049993,148.900636327744,179.033545442581,1
1542,25,619176,66,16.413220651868,148.821373386536,179.607124462179,740,277.4,1.16980434119164,1.19880434119164,0.105906175877847,16.413220651868,148.821373386536,179.607124462179,1
1543,25,619182,72,16.4260947929554,148.648031567668,179.549343855889,740,277.4,1.16980434119164,1.19880434119164,0.106124381659953,16.4260947929554,148.648031567668,179.549343855889,1
1544,25,619188,78,16.4348230242012,148.532140224313,179.510713408104,740,277.4,1.16980434119164,1.19880434119164,0.106135291948998,16.4348230242012,148.532140224313,179.510713408104,1
1545,25,619194,84,16.4479153710698,148.405640832058,179.768546944019,739.7,277.1,1.16980434119164,1.19880434119164,0.10612438165897,16.4479153710698,148.405640832058,179.768546944019,1
1546,25,619200,90,16.4564253965345,148.337620849257,179.645873616419,739.8,277.2,1.16980434119164,1.19880434119164,0.10612438165897,16.4564253965345,148.337620849257,179.645873616419,1
1547,25,619206,96,16.4651536277802,148.26907935823,179.523026452743,739.9,277.3,1.16980434119164,1.19880434119164,0.106135291948051,16.4651536277802,148.26907935823,179.523026452743,1
1548,25,619212,102,16.473881859026,148.200547749667,179.700182583222,739.7,277.1,1.16980434119164,1.19880434119164,0.106124381659971,16.473881859026,148.200547749667,179.700182583222,1
1549,25,619218,108,16.4867560001135,148.169217563826,179.589739187942,739.8,277.2,1.16980434119164,1.19880434119164,0.106124381659935,16.4867560001135,148.169217563826,179.589739187942,1
1550,25,619224,114,16.4954842313592,148.053429492224,179.851143164075,739.5,276.9,1.16980434119164,1.19880434119164,0.105698880385734,16.4954842313592,148.053429492224,179.851143164075,1
1551,25,619230,120,16.5085765782279,148.021583109981,179.940527703327,739.4,276.8,1.16980434119164,1.19880434119164,0.10548067460461,16.5085765782279,148.021583109981,179.940527703327,1
1552,25,619236,126,16.5214507193154,147.848490699811,179.88283023327,739.4,276.8,1.16980434119164,1.19880434119164,0.105698880385769,16.5214507193154,147.848490699811,179.88283023327,1
1553,25,619242,132,16.534543066184,147.816666553113,179.572222184371,739.7,277.1,1.16980434119164,1.19880434119164,0.105698880386713,16.534543066184,147.816666553113,179.572222184371,1
1554,25,619248,138,16.5430530916486,147.70148744955,180.13382914985,739.1,276.5,1.16980434119164,1.19880434119164,0.105917086167856,16.5430530916486,147.70148744955,180.13382914985,1
1555,25,619254,144,16.5517813228944,147.680281234215,179.826760411405,739.4,276.8,1.16980434119164,1.19880434119164,0.106135291948051,16.5517813228944,147.680281234215,179.826760411405,1
1556,25,619260,150,16.5605095541401,147.611838197241,179.603946065747,739.6,277,1.16980434119164,1.19880434119164,0.10612438165897,16.5605095541401,147.611838197241,179.603946065747,1
1557,25,619266,156,16.5733836952276,147.533336784618,179.977778928206,739.2,276.6,1.16980434119164,1.19880434119164,0.105906175877847,16.5733836952276,147.533336784618,179.977778928206,1
1558,25,619272,162,16.5821119264734,147.464915859658,179.954971953219,739.2,276.6,1.16980434119164,1.19880434119164,0.105698880386713,16.5821119264734,147.464915859658,179.954971953219,1
1559,25,619278,168,16.595204273342,147.385911591959,179.72863719732,739.4,276.8,1.16980434119164,1.19880434119164,0.105906175878792,16.595204273342,147.385911591959,179.72863719732,1
1560,25,619284,174,16.6037142988066,147.318042440274,180.006014146758,739.1,276.5,1.16980434119164,1.19880434119164,0.105687970096706,16.6037142988066,147.318042440274,180.006014146758,1
1561,25,619290,180,16.6124425300524,147.249653509793,179.683217836598,739.4,276.8,1.16980434119164,1.19880434119164,0.105262468823469,16.6124425300524,147.249653509793,179.683217836598,1
1562,25,619296,186,16.6296807867628,147.20782978811,179.869276596036,739.2,276.6,1.16980434119164,1.19880434119164,0.10548067460461,16.6296807867628,147.20782978811,179.869276596036,1
1563,25,619302,192,16.6384090180085,147.139460499027,179.346486833009,739.7,277.1,1.16980434119164,1.19880434119164,0.105698880386695,16.6384090180085,147.139460499027,179.346486833009,1
1564,25,619308,198,16.6515013648772,147.107703058964,179.535901019654,739.5,276.9,1.16980434119164,1.19880434119164,0.105698880386713,16.6515013648772,147.107703058964,179.535901019654,1
1565,25,619314,204,16.6600113903418,147.039880231331,179.513293410444,739.5,276.9,1.16980434119164,1.19880434119164,0.105480674604628,16.6600113903418,147.039880231331,179.513293410444,1
1566,25,619320,210,16.6731037372104,146.960957123372,179.386985707791,739.6,277,1.16980434119164,1.19880434119164,0.105480674604593,16.6731037372104,146.960957123372,179.386985707791,1
1567,25,619326,216,16.6818319684562,146.892627240617,179.664209080206,739.3,276.7,1.16980434119164,1.19880434119164,0.10548067460461,16.6818319684562,146.892627240617,179.664209080206,1
1568,25,619332,222,16.6947061095437,146.814260105981,179.738086701993,739.2,276.6,1.16980434119164,1.19880434119164,0.10548067460557,16.6947061095437,146.814260105981,179.738086701993,1
1569,25,619338,228,16.7034343407894,146.74595233524,179.41531744508,739.5,276.9,1.16980434119164,1.19880434119164,0.105698880386695,16.7034343407894,146.74595233524,179.41531744508,1
1570,25,619344,234,16.7121625720352,146.677654446963,179.792551482321,739.1,276.5,1.16980434119164,1.19880434119164,0.105262468823487,16.7121625720352,146.677654446963,179.792551482321,1
1571,25,619350,240,16.7250367131227,146.646470027473,179.582156675824,739.3,276.7,1.16980434119164,1.19880434119164,0.105044263042328,16.7250367131227,146.646470027473,179.582156675824,1
1572,25,619356,246,16.7381290599913,146.567620790937,179.155873596979,739.7,277.1,1.16980434119164,1.19880434119164,0.105262468823469,16.7381290599913,146.567620790937,179.155873596979,1
1573,25,619362,252,16.7466390854559,146.547012178807,179.249004059602,739.6,277,1.16980434119164,1.19880434119164,0.105262468824427,16.7466390854559,146.547012178807,179.249004059602,1
1574,25,619368,258,16.7597314323246,146.515306621682,179.338435540561,739.5,276.9,1.16980434119164,1.19880434119164,0.105480674605552,16.7597314323246,146.515306621682,179.338435540561,1
1575,25,619374,264,16.7684596635703,146.399931390038,179.399977130013,739.4,276.8,1.16980434119164,1.19880434119164,0.10548067460461,16.7684596635703,146.399931390038,179.399977130013,1
1576,25,619380,270,16.7769696890349,146.379332413309,179.593110804436,739.2,276.6,1.16980434119164,1.19880434119164,0.10548067460461,16.7769696890349,146.379332413309,179.593110804436,1
1577,25,619386,276,16.7900620359036,146.25342794542,179.551142648473,739.2,276.6,1.16980434119164,1.19880434119164,0.105698880385769,16.7900620359036,146.25342794542,179.551142648473,1
1578,25,619392,282,16.7987902671493,146.279412598265,179.559804199422,739.2,276.6,1.16980434119164,1.19880434119164,0.105698880386713,16.7987902671493,146.279412598265,179.559804199422,1
1579,25,619398,288,16.807300292614,146.164624222644,179.721541407548,739,276.4,1.16980434119164,1.19880434119164,0.105698880386713,16.807300292614,146.164624222644,179.721541407548,1
1580,25,619404,294,16.8160285238597,146.190604057787,179.530201352596,739.2,276.6,1.16980434119164,1.19880434119164,0.106342587440129,16.8160285238597,146.190604057787,179.530201352596,1
1581,25,619410,300,16.8291208707283,146.064758637623,179.388252879208,739.3,276.7,1.16980434119164,1.19880434119164,0.10742270605677,16.8291208707283,146.064758637623,179.388252879208,1
1582,25,619416,306,16.8419950118158,146.033625236357,179.277875078786,739.4,276.8,1.16980434119164,1.19880434119164,0.107204500275647,16.8419950118158,146.033625236357,179.277875078786,1
1583,25,619422,312,16.8550873586845,146.001964150323,179.167321383441,739.5,276.9,1.16980434119164,1.19880434119164,0.106342587441096,16.8550873586845,146.001964150323,179.167321383441,1
1584,25,619428,318,16.8635973841491,145.934319207052,179.244773069017,739.4,276.8,1.16980434119164,1.19880434119164,0.106135291948998,16.8635973841491,145.934319207052,179.244773069017,1
1585,25,619434,324,16.8723256153949,145.913216757595,179.437738919198,739.2,276.6,1.16980434119164,1.19880434119164,0.106124381658988,16.8723256153949,145.913216757595,179.437738919198,1
1586,25,619440,330,16.8854179622635,145.787457314872,179.395819104957,739.2,276.6,1.16980434119164,1.19880434119164,0.105906175877829,16.8854179622635,145.787457314872,179.395819104957,1
1587,25,619446,336,16.8939279877281,145.813940128622,179.40464670954,739.2,276.6,1.16980434119164,1.19880434119164,0.105917086166892,16.8939279877281,145.813940128622,179.40464670954,1
1588,25,619452,342,16.9026562189739,145.651713244392,179.050571081464,739.5,276.9,1.16980434119164,1.19880434119164,0.105917086167856,16.9026562189739,145.651713244392,179.050571081464,1
1589,25,619458,348,16.9157485658425,145.714160644573,178.871386881524,739.7,277.1,1.16980434119164,1.19880434119164,0.105917086167856,16.9157485658425,145.714160644573,178.871386881524,1
1590,25,619464,354,16.9242585913071,145.599533600185,178.833177866728,739.7,277.1,1.16980434119164,1.19880434119164,0.106124381658988,16.9242585913071,145.599533600185,178.833177866728,1
1591,25,619470,360,16.9373509381758,145.567909573394,179.022636524465,739.5,276.9,1.16980434119164,1.19880434119164,0.105906175877829,16.9373509381758,145.567909573394,179.022636524465,1
1592,25,619476,366,16.9502250792633,145.536812613715,179.212270871238,739.3,276.7,1.16980434119164,1.19880434119164,0.105698880385751,16.9502250792633,145.536812613715,179.212270871238,1
1593,25,619482,372,16.9633174261319,145.411171019382,178.970390339794,739.5,276.9,1.16980434119164,1.19880434119164,0.10548067460557,16.9633174261319,145.411171019382,178.970390339794,1
1594,25,619488,378,16.9720456573776,145.390098217319,179.263366072439,739.2,276.6,1.16980434119164,1.19880434119164,0.105698880386713,16.9720456573776,145.390098217319,179.263366072439,1
1595,25,619494,384,16.9805556828423,145.32255321047,178.940851070157,739.5,276.9,1.16980434119164,1.19880434119164,0.10591708616691,16.9805556828423,145.32255321047,178.940851070157,1
1596,25,619500,390,16.9936480297109,145.243959806235,179.014653268745,739.4,276.8,1.16980434119164,1.19880434119164,0.105917086166892,16.9936480297109,145.243959806235,179.014653268745,1
1597,25,619506,396,17.0023762609567,145.222896886636,178.807632295545,739.6,277,1.16980434119164,1.19880434119164,0.106135291948033,17.0023762609567,145.222896886636,178.807632295545,1
1598,25,619512,402,17.0152504020442,145.191829080228,178.597276360076,739.8,277.2,1.16980434119164,1.19880434119164,0.106124381659953,17.0152504020442,145.191829080228,178.597276360076,1
1599,25,619518,408,17.0239786332899,145.170766160629,178.490255386876,739.9,277.3,1.16980434119164,1.19880434119164,0.106124381659935,17.0239786332899,145.170766160629,178.490255386876,1
1600,25,619524,414,17.0327068645357,145.102733740056,178.667577913352,739.7,277.1,1.16980434119164,1.19880434119164,0.106135291948051,17.0327068645357,145.102733740056,178.667577913352,1
1601,25,619530,420,17.0455810056232,145.071673221965,178.657224407322,739.7,277.1,1.16980434119164,1.19880434119164,0.106124381658988,17.0455810056232,145.071673221965,178.657224407322,1
1602,25,619536,426,17.0586733524918,144.946176652799,178.6153922176,739.7,277.1,1.16980434119164,1.19880434119164,0.105906175877829,17.0586733524918,144.946176652799,178.6153922176,1
1603,25,619542,432,17.0674015837376,144.972078416473,178.624026138824,739.7,277.1,1.16980434119164,1.19880434119164,0.105480674605552,17.0674015837376,144.972078416473,178.624026138824,1
1604,25,619548,438,17.0802757248251,144.847140044183,178.682380014728,739.6,277,1.16980434119164,1.19880434119164,0.105698880386713,17.0802757248251,144.847140044183,178.682380014728,1
1605,25,619554,444,17.0933680716937,144.815575312179,178.871858437393,739.4,276.8,1.16980434119164,1.19880434119164,0.106135291948051,17.0933680716937,144.815575312179,178.871858437393,1
1606,25,619560,450,17.1018780971583,144.748127894667,178.449375964889,739.8,277.2,1.16980434119164,1.19880434119164,0.106342587440129,17.1018780971583,144.748127894667,178.449375964889,1
1607,25,619566,456,17.1106063284041,144.680164280754,178.526721426918,739.7,277.1,1.16980434119164,1.19880434119164,0.10656079322127,17.1106063284041,144.680164280754,178.526721426918,1
1608,25,619572,462,17.1236986752727,144.648614372446,178.516204790815,739.7,277.1,1.16980434119164,1.19880434119164,0.106571703511284,17.1236986752727,144.648614372446,178.516204790815,1
1609,25,619578,468,17.1322087007373,144.628106932046,178.509368977349,739.7,277.1,1.16980434119164,1.19880434119164,0.106342587441096,17.1322087007373,144.628106932046,178.509368977349,1
1610,25,619584,474,17.1409369319831,144.560165430147,178.186721810049,740,277.4,1.16980434119164,1.19880434119164,0.106342587440146,17.1409369319831,144.560165430147,178.186721810049,1
1611,25,619590,480,17.1540292788517,144.481722115842,178.160574038614,740,277.4,1.16980434119164,1.19880434119164,0.106571703510315,17.1540292788517,144.481722115842,178.160574038614,1
1612,25,619596,486,17.1669034199392,144.450712615974,178.250237538658,739.9,277.3,1.16980434119164,1.19880434119164,0.106353497729174,17.1669034199392,144.450712615974,178.250237538658,1
1613,25,619602,492,17.175631651185,144.382800637938,178.327600212646,739.8,277.2,1.16980434119164,1.19880434119164,0.106353497730159,17.175631651185,144.382800637938,178.327600212646,1
1614,25,619608,498,17.1885057922725,144.398679726366,178.332893242122,739.8,277.2,1.16980434119164,1.19880434119164,0.106560793222239,17.1885057922725,144.398679726366,178.332893242122,1
1615,25,619614,504,17.1972340235182,144.33077997788,178.410259992626,739.7,277.1,1.16980434119164,1.19880434119164,0.106778999002411,17.1972340235182,144.33077997788,178.410259992626,1
1616,25,619620,510,17.2103263703869,144.299252305117,178.199750768372,739.9,277.3,1.16980434119164,1.19880434119164,0.106789909291456,17.2103263703869,144.299252305117,178.199750768372,1
1617,25,619626,516,17.2188363958515,144.231895188625,178.177298396208,739.9,277.3,1.16980434119164,1.19880434119164,0.106778999002411,17.2188363958515,144.231895188625,178.177298396208,1
1618,25,619632,522,17.2319287427201,144.153518210364,178.351172736788,739.7,277.1,1.16980434119164,1.19880434119164,0.106778999003399,17.2319287427201,144.153518210364,178.351172736788,1
1619,25,619638,528,17.2406569739659,144.085657868204,177.928552622735,740.1,277.5,1.16980434119164,1.19880434119164,0.106571703511302,17.2406569739659,144.085657868204,177.928552622735,1
1620,25,619644,534,17.2491669994305,144.018332375599,178.106110791866,739.9,277.3,1.16980434119164,1.19880434119164,0.106778999002411,17.2491669994305,144.018332375599,178.106110791866,1
1621,25,619650,540,17.2622593462991,143.98683435023,177.795611450077,740.2,277.6,1.16980434119164,1.19880434119164,0.106778999002393,17.2622593462991,143.98683435023,177.795611450077,1
1622,25,619656,546,17.2751334873866,143.909029033703,178.169676344568,739.8,277.2,1.16980434119164,1.19880434119164,0.106560793221252,17.2751334873866,143.909029033703,178.169676344568,1
1623,25,619662,552,17.2838617186324,143.84120797434,178.44706932478,739.5,276.9,1.16980434119164,1.19880434119164,0.106778999003382,17.2838617186324,143.84120797434,178.44706932478,1
1624,25,619668,558,17.296954065501,143.856544677835,178.252181559278,739.7,277.1,1.16980434119164,1.19880434119164,0.106789909292445,17.296954065501,143.856544677835,178.252181559278,1
1625,25,619674,564,17.3054640909656,143.789260691581,178.12975356386,739.8,277.2,1.16980434119164,1.19880434119164,0.106778999002428,17.3054640909656,143.789260691581,178.12975356386,1
1626,25,619680,570,17.3185564378343,143.757777489909,178.119259163303,739.8,277.2,1.16980434119164,1.19880434119164,0.107215410564692,17.3185564378343,143.757777489909,178.119259163303,1
1627,25,619686,576,17.32728466908,143.643183220024,178.081061073341,739.8,277.2,1.16980434119164,1.19880434119164,0.107215410564692,17.32728466908,143.643183220024,178.081061073341,1
1628,25,619692,582,17.3401588101675,143.659034761082,178.486344920361,739.4,276.8,1.16980434119164,1.19880434119164,0.106986294495479,17.3401588101675,143.659034761082,178.486344920361,1
1629,25,619698,588,17.3488870414133,143.544469891529,178.14815663051,739.7,277.1,1.16980434119164,1.19880434119164,0.107215410565668,17.3488870414133,143.544469891529,178.14815663051,1
1630,25,619704,594,17.3617611825008,143.560316491355,178.353438830452,739.5,276.9,1.16980434119164,1.19880434119164,0.107433616345833,17.3617611825008,143.560316491355,178.353438830452,1
1631,25,619710,600,17.3704894137465,143.492559297419,178.13085309914,739.7,277.1,1.16980434119164,1.19880434119164,0.107422706056788,17.3704894137465,143.492559297419,178.13085309914,1
1632,25,619716,601,17.3704894137465,143.445781022134,178.415260340711,739.4,276.8,1.16980434119164,1.19880434119164,0.183797846682807,17.3704894137465,143.445781022134,178.415260340711,1
1633,26,619717,0,17.3748535293694,143.341744894703,178.080581631567,739.7,277.1,1.16980434119164,1.19880434119164,0.107215410565685,17.3748535293694,143.341744894703,178.080581631567,1
1634,26,619728,12,17.387945876238,142.281401522059,178.227133840686,739.2,276.6,1.16980434119164,1.19880434119164,0.0560523215719793,17.387945876238,142.281401522059,178.227133840686,1
1635,26,619740,24,17.3964559017027,142.261072336614,178.520357445538,738.9,276.3,1.16980434119164,1.19880434119164,0.0538259110634871,17.3964559017027,142.261072336614,178.520357445538,1
1636,26,619752,36,17.4051841329484,142.333739157777,177.544579719259,739.9,277.3,1.16980434119164,1.19880434119164,0.0538204559192002,17.4051841329484,142.333739157777,177.544579719259,1
1637,26,619764,48,17.4182764798171,142.302448664163,177.634149554721,739.8,277.2,1.16980434119164,1.19880434119164,0.0538259110637408,17.4182764798171,142.302448664163,177.634149554721,1
1638,26,619776,60,17.4267865052817,142.282109843314,177.227369947771,740.2,277.6,1.16980434119164,1.19880434119164,0.0539350139543118,17.4267865052817,142.282109843314,177.227369947771,1
1639,26,619788,72,17.4398788521503,142.29755834219,177.232519447396,740.2,277.6,1.16980434119164,1.19880434119164,0.0539295588097801,17.4398788521503,142.29755834219,177.232519447396,1
1640,26,619800,84,17.4483888776149,142.230480528852,177.610160176284,739.8,277.2,1.16980434119164,1.19880434119164,0.0539295588095349,17.4483888776149,142.230480528852,177.610160176284,1
1641,26,619812,96,17.4571171088607,142.303078666886,176.634359555629,740.8,278.2,1.16980434119164,1.19880434119164,0.053929558809789,17.4571171088607,142.303078666886,176.634359555629,1
1642,26,619824,108,17.4702094557293,142.225051527869,177.00835050929,740.4,277.8,1.16980434119164,1.19880434119164,0.0539350139543118,17.4702094557293,142.225051527869,177.00835050929,1
1643,26,619836,120,17.4787194811939,142.204707889319,177.00156929644,740.4,277.8,1.16980434119164,1.19880434119164,0.0539350139543029,17.4787194811939,142.204707889319,177.00156929644,1
1644,26,619848,132,17.4961759436855,142.162977348703,176.787659116234,740.6,278,1.16980434119164,1.19880434119164,0.053929558809789,17.4961759436855,142.162977348703,176.787659116234,1
1645,26,619860,144,17.5049041749312,142.095409898086,176.565136632695,740.8,278.2,1.16980434119164,1.19880434119164,0.0540386617001053,17.5049041749312,142.095409898086,176.565136632695,1
1646,26,619872,156,17.5177783160187,142.11133580469,176.97044526823,740.4,277.8,1.16980434119164,1.19880434119164,0.0541477645909131,17.5177783160187,142.11133580469,176.97044526823,1
1647,26,619884,168,17.5265065472645,142.043780583624,176.747926861208,740.6,278,1.16980434119164,1.19880434119164,0.0541477645909309,17.5265065472645,142.043780583624,176.747926861208,1
1648,26,619896,180,17.5350165727291,142.023441762775,177.241147254258,740.1,277.5,1.16980434119164,1.19880434119164,0.0541477645909309,17.5350165727291,142.023441762775,177.241147254258,1
1649,26,619908,192,17.5481089195977,141.945473547952,176.915157849317,740.4,277.8,1.16980434119164,1.19880434119164,0.054147764590922,17.5481089195977,141.945473547952,176.915157849317,1
1650,26,619920,204,17.5568371508435,141.971290940085,177.123763646695,740.2,277.6,1.16980434119164,1.19880434119164,0.0541477645906847,17.5568371508435,141.971290940085,177.123763646695,1
1651,26,619932,216,17.569711291931,141.893856463039,176.997952154347,740.3,277.7,1.16980434119164,1.19880434119164,0.0541477645909309,17.569711291931,141.893856463039,176.997952154347,1
1652,26,619944,228,17.5784395231767,141.873001075196,176.891000358399,740.4,277.8,1.16980434119164,1.19880434119164,0.054147764590922,17.5784395231767,141.873001075196,176.891000358399,1
1653,26,619956,240,17.5871677544225,141.852145687352,176.484048562451,740.8,278.2,1.16980434119164,1.19880434119164,0.0542514123369613,17.5871677544225,141.852145687352,176.484048562451,1
1654,26,619968,252,17.6044060111329,141.71766459584,176.339221531947,740.9,278.3,1.16980434119164,1.19880434119164,0.0542514123369702,17.6044060111329,141.71766459584,176.339221531947,1
1655,26,619980,264,17.6131342423786,141.74345999949,176.84781999983,740.4,277.8,1.16980434119164,1.19880434119164,0.0541477645906758,17.6131342423786,141.74345999949,176.84781999983,1
1656,26,619992,276,17.6260083834661,141.619438349316,176.506479449772,740.7,278.1,1.16980434119164,1.19880434119164,0.054147764590922,17.6260083834661,141.619438349316,176.506479449772,1
1657,26,620004,288,17.6391007303348,141.681429920821,176.42714330694,740.8,278.2,1.16980434119164,1.19880434119164,0.0542568674815019,17.6391007303348,141.681429920821,176.42714330694,1
1658,26,620016,300,17.6478289615805,141.56733693895,176.489112312983,740.7,278.1,1.16980434119164,1.19880434119164,0.054256867481493,17.6478289615805,141.56733693895,176.489112312983,1
1659,26,620028,312,17.6563389870451,141.547017388906,176.182339129635,741,278.4,1.16980434119164,1.19880434119164,0.054256867481493,17.6563389870451,141.547017388906,176.182339129635,1
1660,26,620040,324,17.6694313339138,141.515756542687,176.171918847562,741,278.4,1.16980434119164,1.19880434119164,0.0543659703718256,17.6694313339138,141.515756542687,176.171918847562,1
1661,26,620052,336,17.6781595651595,141.49491597854,176.464971992847,740.7,278.1,1.16980434119164,1.19880434119164,0.0544696181181121,17.6781595651595,141.49491597854,176.464971992847,1
1662,26,620064,348,17.691033706247,141.417579337893,175.939193112631,741.2,278.6,1.16980434119164,1.19880434119164,0.0544696181181033,17.691033706247,141.417579337893,175.939193112631,1
1663,26,620076,360,17.7041260531157,141.386325903521,176.328775301174,740.8,278.2,1.16980434119164,1.19880434119164,0.054365970372064,17.7041260531157,141.386325903521,176.328775301174,1
1664,26,620088,372,17.7170001942031,141.309011251358,175.903003750453,741.2,278.6,1.16980434119164,1.19880434119164,0.0543659703720728,17.7170001942031,141.309011251358,175.903003750453,1
1665,26,620100,384,17.7300925410718,141.231190532319,176.177063510773,740.9,278.3,1.16980434119164,1.19880434119164,0.0543659703718256,17.7300925410718,141.231190532319,176.177063510773,1
1666,26,620112,396,17.7388207723175,141.256934547153,175.985644849051,741.1,278.5,1.16980434119164,1.19880434119164,0.0543605152275323,17.7388207723175,141.256934547153,175.985644849051,1
1667,26,620124,408,17.751694913405,141.179646824705,175.959882274902,741.1,278.5,1.16980434119164,1.19880434119164,0.0543605152275412,17.751694913405,141.179646824705,175.959882274902,1
1668,26,620136,420,17.7604231446508,141.158821084255,175.452940361418,741.6,279,1.16980434119164,1.19880434119164,0.0543659703720728,17.7604231446508,141.158821084255,175.452940361418,1
1669,26,620148,432,17.7691513758965,141.091442759304,175.730480919768,741.3,278.7,1.16980434119164,1.19880434119164,0.0543605152275323,17.7691513758965,141.091442759304,175.730480919768,1
1670,26,620160,444,17.782025516984,141.014186784274,175.804728928091,741.2,278.6,1.16980434119164,1.19880434119164,0.0544696181178645,17.782025516984,141.014186784274,175.804728928091,1
1671,26,620172,456,17.7907537482298,140.946830571336,175.582276857112,741.4,278.8,1.16980434119164,1.19880434119164,0.054578721008692,17.7907537482298,140.946830571336,175.582276857112,1
1672,26,620184,468,17.8036278893173,140.916134469126,175.672044823042,741.3,278.7,1.16980434119164,1.19880434119164,0.0544696181181121,17.8036278893173,140.916134469126,175.672044823042,1
1673,26,620196,480,17.8167202361859,140.884918093996,175.861639364665,741.1,278.5,1.16980434119164,1.19880434119164,0.0544750732626349,17.8167202361859,140.884918093996,175.861639364665,1
1674,26,620208,492,17.8254484674317,140.817586463689,176.139195487896,740.8,278.2,1.16980434119164,1.19880434119164,0.0544696181181121,17.8254484674317,140.817586463689,176.139195487896,1
1675,26,620220,504,17.8383226085192,140.833411075032,176.044470358344,740.9,278.3,1.16980434119164,1.19880434119164,0.0544696181178645,17.8383226085192,140.833411075032,176.044470358344,1
1676,26,620232,516,17.8514149553878,140.755688686515,175.518562895505,741.4,278.8,1.16980434119164,1.19880434119164,0.0544750732626349,17.8514149553878,140.755688686515,175.518562895505,1
1677,26,620244,528,17.8599249808524,140.688901664696,176.196300554899,740.7,278.1,1.16980434119164,1.19880434119164,0.0544696181181121,17.8599249808524,140.688901664696,176.196300554899,1
1678,26,620256,540,17.8686532120982,140.668100630407,176.089366876803,740.8,278.2,1.16980434119164,1.19880434119164,0.0544696181181121,17.8686532120982,140.668100630407,176.089366876803,1
1679,26,620268,552,17.8817455589668,140.543921393764,175.947973797921,740.9,278.3,1.16980434119164,1.19880434119164,0.0543659703720728,17.8817455589668,140.543921393764,175.947973797921,1
1680,26,620280,564,17.8902555844315,140.570134045639,176.056711348546,740.8,278.2,1.16980434119164,1.19880434119164,0.0543659703718256,17.8902555844315,140.570134045639,176.056711348546,1
1681,26,620292,576,17.9033479313001,140.445986679944,176.015328893315,740.8,278.2,1.16980434119164,1.19880434119164,0.0544750732626349,17.9033479313001,140.445986679944,176.015328893315,1
1682,26,620304,588,17.9120761625459,140.471672141175,176.123890713725,740.7,278.1,1.16980434119164,1.19880434119164,0.054796926789825,17.9120761625459,140.471672141175,176.123890713725,1
1683,26,620316,600,17.9293144192562,140.384147703433,175.894715901144,740.9,278.3,1.16980434119164,1.19880434119164,0.0552278832075861,17.9293144192562,140.384147703433,175.894715901144,1
1684,26,620328,612,17.938042650502,140.409818464499,175.7032728215,741.1,278.5,1.16980434119164,1.19880434119164,0.0551187803170152,17.938042650502,140.409818464499,175.7032728215,1
1685,26,620340,624,17.9509167915895,140.286252148879,175.962084049626,740.8,278.2,1.16980434119164,1.19880434119164,0.0545787210084438,17.9509167915895,140.286252148879,175.962084049626,1
1686,26,620352,636,17.9596450228352,140.311915621627,175.670638540542,741.1,278.5,1.16980434119164,1.19880434119164,0.054365970372064,17.9596450228352,140.311915621627,175.670638540542,1
1687,26,620364,648,17.9727373697039,140.187861645221,175.629287215074,741.1,278.5,1.16980434119164,1.19880434119164,0.0543605152275323,17.9727373697039,140.187861645221,175.629287215074,1
1688,26,620376,660,17.9812473951685,140.167604725297,175.322534908432,741.4,278.8,1.16980434119164,1.19880434119164,0.0543605152275501,17.9812473951685,140.167604725297,175.322534908432,1
1689,26,620388,672,17.9943397420371,140.136440233106,175.412146744369,741.3,278.7,1.16980434119164,1.19880434119164,0.0543659703720728,17.9943397420371,140.136440233106,175.412146744369,1
1690,26,620400,684,18.0028497675017,140.069763030174,175.589921010058,741.1,278.5,1.16980434119164,1.19880434119164,0.0543659703718167,18.0028497675017,140.069763030174,175.589921010058,1
1691,26,620412,696,18.0159421143704,140.085018820991,175.595006273664,741.1,278.5,1.16980434119164,1.19880434119164,0.0543659703720728,18.0159421143704,140.085018820991,175.595006273664,1
1692,26,620424,708,18.029034461239,140.00744886949,175.569149623163,741.1,278.5,1.16980434119164,1.19880434119164,0.054256867481493,18.029034461239,140.00744886949,175.569149623163,1
1693,26,620436,720,18.0419086023265,139.930412902826,175.543470967609,741.1,278.5,1.16980434119164,1.19880434119164,0.054365970372064,18.0419086023265,139.930412902826,175.543470967609,1
1694,26,620448,732,18.0506368335723,139.909646457163,175.536548819054,741.1,278.5,1.16980434119164,1.19880434119164,0.0543659703720728,18.0506368335723,139.909646457163,175.536548819054,1
1695,26,620460,744,18.0635109746598,139.832630008368,175.610876669456,741,278.4,1.16980434119164,1.19880434119164,0.0542514123367235,18.0635109746598,139.832630008368,175.610876669456,1
1696,26,620472,756,18.0766033215284,139.801487751722,175.600495917241,741,278.4,1.16980434119164,1.19880434119164,0.0541423094463993,18.0766033215284,139.801487751722,175.600495917241,1
1697,26,620484,768,18.0853315527742,139.687979070566,175.762659690189,740.8,278.2,1.16980434119164,1.19880434119164,0.0540386617003511,18.0853315527742,139.687979070566,175.762659690189,1
1698,26,620496,780,18.0982056938617,139.703736728211,175.767912242737,740.8,278.2,1.16980434119164,1.19880434119164,0.054147764590922,18.0982056938617,139.703736728211,175.767912242737,1
1699,26,620508,792,18.1069339251074,139.636618806201,175.345539602067,741.2,278.6,1.16980434119164,1.19880434119164,0.054147764590922,18.1069339251074,139.636618806201,175.345539602067,1
1700,26,620520,804,18.1156621563532,139.615867184235,175.738622394745,740.8,278.2,1.16980434119164,1.19880434119164,0.0541477645906758,18.1156621563532,139.615867184235,175.738622394745,1
1701,26,620532,816,18.1285362974407,139.538909412572,175.712969804191,740.8,278.2,1.16980434119164,1.19880434119164,0.0540386617003511,18.1285362974407,139.538909412572,175.712969804191,1
1702,26,620544,828,18.1416286443093,139.507789391471,175.102596463824,741.4,278.8,1.16980434119164,1.19880434119164,0.0539295588097801,18.1416286443093,139.507789391471,175.102596463824,1
1703,26,620556,840,18.1545027853968,139.477188037389,175.292396012463,741.2,278.6,1.16980434119164,1.19880434119164,0.0540386617003511,18.1545027853968,139.477188037389,175.292396012463,1
1704,26,620568,852,18.1632310166426,139.363782380926,175.154594126975,741.3,278.7,1.16980434119164,1.19880434119164,0.0540386617003511,18.1632310166426,139.363782380926,175.154594126975,1
1705,26,620580,864,18.1763233635112,139.332677183522,175.144225727841,741.3,278.7,1.16980434119164,1.19880434119164,0.0540386617001053,18.1763233635112,139.332677183522,175.144225727841,1
1706,26,620592,876,18.1848333889758,139.21982428858,174.906608096193,741.5,278.9,1.16980434119164,1.19880434119164,0.0540386617003511,18.1848333889758,139.21982428858,174.906608096193,1
1707,26,620604,888,18.1979257358444,139.281353607807,175.227117869269,741.2,278.6,1.16980434119164,1.19880434119164,0.0538204559192091,18.1979257358444,139.281353607807,175.227117869269,1
1708,26,620616,900,18.2066539670902,139.168006999069,174.689335666356,741.7,279.1,1.16980434119164,1.19880434119164,0.0538204559192091,18.2066539670902,139.168006999069,174.689335666356,1
1709,26,620628,912,18.2195281081777,139.183732415174,174.794577471725,741.6,279,1.16980434119164,1.19880434119164,0.0539295588097801,18.2195281081777,139.183732415174,174.794577471725,1
1710,26,620640,924,18.2282563394235,139.116707882453,175.472235960818,740.9,278.3,1.16980434119164,1.19880434119164,0.0538204559189644,18.2282563394235,139.116707882453,175.472235960818,1
1711,26,620652,936,18.2454945961338,139.075772223739,175.258590741246,741.1,278.5,1.16980434119164,1.19880434119164,0.0538204559192091,18.2454945961338,139.075772223739,175.258590741246,1
1712,26,620664,948,18.2542228273796,139.008767332416,175.336255777472,741,278.4,1.16980434119164,1.19880434119164,0.0538204559192091,18.2542228273796,139.008767332416,175.336255777472,1
1713,26,620676,960,18.2629510586253,138.895499289271,175.39849976309,740.9,278.3,1.16980434119164,1.19880434119164,0.0536022501380583,18.2629510586253,138.895499289271,175.39849976309,1
1714,26,620688,972,18.2758251997128,138.911214699381,175.003738233127,741.3,278.7,1.16980434119164,1.19880434119164,0.05360770528259,18.2758251997128,138.911214699381,175.003738233127,1
1715,26,620700,984,18.2845534309586,138.844236861304,174.681412287101,741.6,279,1.16980434119164,1.19880434119164,0.0536077052823462,18.2845534309586,138.844236861304,174.681412287101,1
1716,26,620712,996,18.2974275720461,138.859940041864,175.286646680621,741,278.4,1.16980434119164,1.19880434119164,0.0536022501380672,18.2974275720461,138.859940041864,175.286646680621,1
1717,26,620724,1008,18.3061558032919,138.746725858151,175.148908619384,741.1,278.5,1.16980434119164,1.19880434119164,0.0536077052825989,18.3061558032919,138.746725858151,175.148908619384,1
1718,26,620736,1020,18.3192481501605,138.761906295176,174.753968765059,741.5,278.9,1.16980434119164,1.19880434119164,0.053498602392019,18.3192481501605,138.761906295176,174.753968765059,1
1719,26,620748,1032,18.3277581756251,138.695475659735,175.331825219912,740.9,278.3,1.16980434119164,1.19880434119164,0.0536022501380583,18.3277581756251,138.695475659735,175.331825219912,1
1720,26,620760,1044,18.3408505224937,138.618185999633,174.706061999878,741.5,278.9,1.16980434119164,1.19880434119164,0.0536022501378146,18.3408505224937,138.618185999633,174.706061999878,1
1721,26,620772,1056,18.3537246635812,138.541428594939,174.680476198313,741.5,278.9,1.16980434119164,1.19880434119164,0.0534931472474962,18.3537246635812,138.541428594939,174.680476198313,1
1722,26,620784,1068,18.362452894827,138.47451462229,174.858171540763,741.3,278.7,1.16980434119164,1.19880434119164,0.053498602392019,18.362452894827,138.47451462229,174.858171540763,1
1723,26,620796,1080,18.3755452416956,138.443476131522,174.347825377174,741.8,279.2,1.16980434119164,1.19880434119164,0.0533894995014392,18.3755452416956,138.443476131522,174.347825377174,1
1724,26,620808,1092,18.3840552671602,138.423301112523,174.541100370841,741.6,279,1.16980434119164,1.19880434119164,0.0534931472474873,18.3840552671602,138.423301112523,174.541100370841,1
1725,26,620820,1104,18.3971476140289,138.392262621755,174.430754207251,741.7,279.1,1.16980434119164,1.19880434119164,0.0536077052823551,18.3971476140289,138.392262621755,174.430754207251,1
1726,26,620832,1116,18.4058758452746,138.325378172968,174.808459390989,741.3,278.7,1.16980434119164,1.19880434119164,0.053389499501448,18.4058758452746,138.325378172968,174.808459390989,1
1727,26,620844,1128,18.4187499863621,138.248679445407,175.082893148469,741,278.4,1.16980434119164,1.19880434119164,0.053389499501448,18.4187499863621,138.248679445407,175.082893148469,1
1728,26,620856,1140,18.4274782176079,138.227997000693,174.275999000231,741.8,279.2,1.16980434119164,1.19880434119164,0.0535040575365507,18.4274782176079,138.227997000693,174.275999000231,1
1729,26,620868,1152,18.4362064488537,138.114964654327,174.338321551442,741.7,279.1,1.16980434119164,1.19880434119164,0.053389499501448,18.4362064488537,138.114964654327,174.338321551442,1
1730,26,620880,1164,18.4490805899412,138.130640287517,174.643546762506,741.4,278.8,1.16980434119164,1.19880434119164,0.0533894995012053,18.4490805899412,138.130640287517,174.643546762506,1
1731,26,620892,1176,18.4621729368098,138.007303530975,174.502434510325,741.5,278.9,1.16980434119164,1.19880434119164,0.053389499501448,18.4621729368098,138.007303530975,174.502434510325,1
1732,26,620904,1188,18.4706829622744,138.0794634664,174.726487822133,741.3,278.7,1.16980434119164,1.19880434119164,0.0532749414663454,18.4706829622744,138.0794634664,174.726487822133,1
1733,26,620916,1200,18.483775309143,137.956151168957,175.085383722986,740.9,278.3,1.16980434119164,1.19880434119164,0.0909637557079401,18.483775309143,137.956151168957,175.085383722986,1
1734,26,620918,1201,18.483775309143,137.956151168957,174.785383722986,741.2,278.6,1.16980434119164,1.19880434119164,0.318373144982754,18.483775309143,137.956151168957,174.785383722986,1
1735,27,620920,0,18.483775309143,137.771559084518,174.723853028173,741.2,278.6,1.16980434119164,1.19880434119164,0.0580050476948075,18.483775309143,137.771559084518,174.723853028173,1
1736,27,620940,60,18.4925035403888,135.628329554065,174.509443184688,740.7,278.1,1.16980434119164,1.19880434119164,0.0159530246594296,18.4925035403888,135.628329554065,174.509443184688,1
1737,27,621000,120,18.5053776814763,135.644345020504,174.214781673501,741,278.4,1.16980434119164,1.19880434119164,0.0106342587440498,18.5053776814763,135.644345020504,174.214781673501,1
1738,27,621060,180,18.5141059127221,135.854573771506,174.084857923835,741.2,278.6,1.16980434119164,1.19880434119164,0.0106124381659374,18.5141059127221,135.854573771506,174.084857923835,1
1739,27,621120,240,18.5271982595907,135.82389846131,173.974632820437,741.3,278.7,1.16980434119164,1.19880434119164,0.0106124381659374,18.5271982595907,135.82389846131,173.974632820437,1
1740,27,621180,300,18.5357082850553,135.942315372016,173.914105124005,741.4,278.8,1.16980434119164,1.19880434119164,0.0106124381659356,18.5357082850553,135.942315372016,173.914105124005,1
1741,27,621240,360,18.5444365163011,135.967964021067,173.622654673689,741.7,279.1,1.16980434119164,1.19880434119164,0.0105917086167295,18.5444365163011,135.967964021067,173.622654673689,1
1742,27,621300,420,18.5531647475468,136.039711525966,173.446570508656,741.9,279.3,1.16980434119164,1.19880434119164,0.010568797009709,18.5531647475468,136.039711525966,173.446570508656,1
1743,27,621360,480,18.5704030042572,136.045362793319,173.248454264439,742.1,279.5,1.16980434119164,1.19880434119164,0.0105469764315931,18.5704030042572,136.045362793319,173.248454264439,1
1744,27,621420,540,18.579131235503,136.070972036042,173.456990678681,741.9,279.3,1.16980434119164,1.19880434119164,0.0105262468823852,18.579131235503,136.070972036042,173.456990678681,1
1745,27,621480,600,18.5920053765904,136.086836424305,173.262278808102,742.1,279.5,1.16980434119164,1.19880434119164,0.0105480674604994,18.5920053765904,136.086836424305,173.262278808102,1
1746,27,621540,660,18.5963694922133,136.030504806147,173.243501602049,742.1,279.5,1.16980434119164,1.19880434119164,0.0105480674604994,18.5963694922133,136.030504806147,173.243501602049,1
1747,27,621600,720,18.609461839082,135.999770201164,172.933256733721,742.4,279.8,1.16980434119164,1.19880434119164,0.0105262468823835,18.609461839082,135.999770201164,172.933256733721,1
1748,27,621660,780,18.6179718645466,135.979792707924,173.026597569308,742.3,279.7,1.16980434119164,1.19880434119164,0.0105262468823835,18.6179718645466,135.979792707924,173.026597569308,1
1749,27,621720,840,18.6310642114152,135.949058102941,173.21635270098,742.1,279.5,1.16980434119164,1.19880434119164,0.0105262468823852,18.6310642114152,135.949058102941,173.21635270098,1
1750,27,621780,900,18.639792442661,135.974628062868,172.924876020956,742.4,279.8,1.16980434119164,1.19880434119164,0.0105469764315931,18.639792442661,135.974628062868,172.924876020956,1
1751,27,621840,960,18.6483024681256,135.908590873046,172.902863624349,742.4,279.8,1.16980434119164,1.19880434119164,0.0105469764315931,18.6483024681256,135.908590873046,172.902863624349,1
1752,27,621900,1020,18.6570306993714,135.980201011689,172.326733670563,743,280.4,1.16980434119164,1.19880434119164,0.0105044263042711,18.6570306993714,135.980201011689,172.326733670563,1
1753,27,621960,1080,18.67012304624,135.903409057208,172.701136352403,742.6,280,1.16980434119164,1.19880434119164,0.0104826057261569,18.67012304624,135.903409057208,172.701136352403,1
1754,27,622020,1140,18.6829971873275,135.873179407323,172.791059802441,742.5,279.9,1.16980434119164,1.19880434119164,0.0104826057261551,18.6829971873275,135.873179407323,172.791059802441,1
1755,27,622080,1200,18.6960895341961,135.796409564856,172.965469854952,742.3,279.7,1.16980434119164,1.19880434119164,0.0105044263042711,18.6960895341961,135.796409564856,172.965469854952,1
1756,27,622140,1260,18.7045995596607,135.776432071617,172.858810690539,742.4,279.8,1.16980434119164,1.19880434119164,0.010526246882387,18.7045995596607,135.776432071617,172.858810690539,1
1757,27,622200,1320,18.7133277909065,135.755942334961,172.95198077832,742.3,279.7,1.16980434119164,1.19880434119164,0.0105044263042693,18.7133277909065,135.755942334961,172.95198077832,1
1758,27,622260,1380,18.7264201377751,135.679197075125,172.926399025042,742.3,279.7,1.16980434119164,1.19880434119164,0.0105044263042693,18.7264201377751,135.679197075125,172.926399025042,1
1759,27,622320,1440,18.7349301632397,135.705230236738,172.735076745579,742.5,279.9,1.16980434119164,1.19880434119164,0.0105044263042711,18.7349301632397,135.705230236738,172.735076745579,1
1760,27,622380,1500,18.7436583944855,135.638739604163,172.812913201388,742.4,279.8,1.16980434119164,1.19880434119164,0.0105044263042711,18.7436583944855,135.638739604163,172.812913201388,1
1761,27,622440,1560,18.7567507413541,135.654005895099,173.018001965033,742.2,279.6,1.16980434119164,1.19880434119164,0.0104836967550614,18.7567507413541,135.654005895099,173.018001965033,1
1762,27,622500,1620,18.7652607668188,135.58803973549,172.596013245163,742.6,280,1.16980434119164,1.19880434119164,0.0104400555988313,18.7652607668188,135.58803973549,172.596013245163,1
1763,27,622560,1680,18.7739889980645,135.567554940067,172.489184980022,742.7,280.1,1.16980434119164,1.19880434119164,0.0104607851480409,18.7739889980645,135.567554940067,172.489184980022,1
1764,27,622620,1740,18.791445460556,135.480611506548,172.760203835516,742.4,279.8,1.16980434119164,1.19880434119164,0.0104607851480409,18.791445460556,135.480611506548,172.760203835516,1
1765,27,622680,1800,18.7999554860206,135.460643648711,172.653547882904,742.5,279.9,1.16980434119164,1.19880434119164,0.0104607851480409,18.7999554860206,135.460643648711,172.653547882904,1
1766,27,622740,1860,18.8130478328893,135.429923867425,172.043307955808,743.1,280.5,1.16980434119164,1.19880434119164,0.0104836967550632,18.8130478328893,135.429923867425,172.043307955808,1
1767,27,622800,1920,18.821776064135,135.363487341343,172.521162447114,742.6,280,1.16980434119164,1.19880434119164,0.0104836967550632,18.821776064135,135.363487341343,172.521162447114,1
1768,27,622860,1980,18.8302860895997,135.343524301208,172.514508100403,742.6,280,1.16980434119164,1.19880434119164,0.0104607851480409,18.8302860895997,135.343524301208,172.514508100403,1
1769,27,622920,2040,18.8433784364683,135.26686748943,172.58895582981,742.5,279.9,1.16980434119164,1.19880434119164,0.0104400555988313,18.8433784364683,135.26686748943,172.58895582981,1
1770,27,622980,2100,18.8518884619329,135.292848891635,172.997616297212,742.1,279.5,1.16980434119164,1.19880434119164,0.0104400555988313,18.8518884619329,135.292848891635,172.997616297212,1
1771,27,623040,2160,18.8606166931787,135.22643929527,172.67547976509,742.4,279.8,1.16980434119164,1.19880434119164,0.0104182350207171,18.8606166931787,135.22643929527,172.67547976509,1
1772,27,623100,2220,18.8737090400473,135.19573433768,172.665244779227,742.4,279.8,1.16980434119164,1.19880434119164,0.0104193260496253,18.8737090400473,135.19573433768,172.665244779227,1
1773,27,623160,2280,18.8822190655119,135.129853661389,172.443284553797,742.6,280,1.16980434119164,1.19880434119164,0.0104182350207207,18.8822190655119,135.129853661389,172.443284553797,1
1774,27,623220,2340,18.8996755280034,135.043011029009,172.11433700967,742.9,280.3,1.16980434119164,1.19880434119164,0.0103964144426048,18.8996755280034,135.043011029009,172.11433700967,1
1775,27,623280,2400,18.9084037592492,135.068458569906,172.522819523302,742.5,279.9,1.16980434119164,1.19880434119164,0.0104182350207189,18.9084037592492,135.068458569906,172.522819523302,1
1776,27,623340,2460,18.9169137847138,135.002602352716,172.800867450905,742.2,279.6,1.16980434119164,1.19880434119164,0.0104389645699268,18.9169137847138,135.002602352716,172.800867450905,1
1777,27,623400,2520,18.9300061315824,134.971912218823,172.290637406274,742.7,280.1,1.16980434119164,1.19880434119164,0.0104182350207189,18.9300061315824,134.971912218823,172.290637406274,1
1778,27,623460,2580,18.9387343628282,134.905561670183,172.568520556728,742.4,279.8,1.16980434119164,1.19880434119164,0.0104182350207189,18.9387343628282,134.905561670183,172.568520556728,1
1779,27,623520,2640,18.9472443882928,134.885617900854,172.561872633618,742.4,279.8,1.16980434119164,1.19880434119164,0.0104389645699268,18.9472443882928,134.885617900854,172.561872633618,1
1780,27,623580,2700,18.9603367351615,134.854935178809,172.351645059603,742.6,280,1.16980434119164,1.19880434119164,0.0104400555988331,18.9603367351615,134.854935178809,172.351645059603,1
1781,27,623640,2760,18.9688467606261,134.789117997354,172.429705999118,742.5,279.9,1.16980434119164,1.19880434119164,0.0104182350207189,18.9688467606261,134.789117997354,172.429705999118,1
1782,27,623700,2820,18.9775749918718,134.768667790556,172.622889263519,742.3,279.7,1.16980434119164,1.19880434119164,0.0103964144426048,18.9775749918718,134.768667790556,172.622889263519,1
1783,27,623760,2880,18.9863032231176,134.702354054096,172.500784684699,742.4,279.8,1.16980434119164,1.19880434119164,0.010396414442603,18.9863032231176,134.702354054096,172.500784684699,1
1784,27,623820,2940,19.003541479828,134.753682196061,171.917894065354,743,280.4,1.16980434119164,1.19880434119164,0.0104389645699268,19.003541479828,134.753682196061,171.917894065354,1
1785,27,623880,3000,19.0122697110737,134.64152938904,172.480509796347,742.4,279.8,1.16980434119164,1.19880434119164,0.0105698880386154,19.0122697110737,134.64152938904,172.480509796347,1
1786,27,623940,3060,19.0253620579424,134.702544325987,172.200848108662,742.7,280.1,1.16980434119164,1.19880434119164,0.0106135291948437,19.0253620579424,134.702544325987,172.200848108662,1
1787,27,624000,3120,19.033872083407,134.590927356766,172.763642452255,742.1,279.5,1.16980434119164,1.19880434119164,0.0105055173331756,19.033872083407,134.590927356766,172.763642452255,1
1788,27,624060,3180,19.0426003146527,134.5704820912,172.656827363733,742.2,279.6,1.16980434119164,1.19880434119164,0.0104182350207189,19.0426003146527,134.5704820912,172.656827363733,1
1789,27,624120,3240,19.0554744557402,134.494500954095,172.131500318032,742.7,280.1,1.16980434119164,1.19880434119164,0.0103953234136984,19.0554744557402,134.494500954095,172.131500318032,1
1790,27,624180,3300,19.064202686986,134.428241200598,172.109413733533,742.7,280.1,1.16980434119164,1.19880434119164,0.010396414442603,19.064202686986,134.428241200598,172.109413733533,1
1791,27,624240,3360,19.0729309182317,134.407805817498,172.202601939166,742.6,280,1.16980434119164,1.19880434119164,0.0104182350207189,19.0729309182317,134.407805817498,172.202601939166,1
1792,27,624300,3420,19.0858050593192,134.377663627424,172.292554542475,742.5,279.9,1.16980434119164,1.19880434119164,0.0104389645699285,19.0858050593192,134.377663627424,172.292554542475,1
1793,27,624360,3480,19.094533290565,134.357228244323,172.385742748108,742.4,279.8,1.16980434119164,1.19880434119164,0.0104182350207189,19.094533290565,134.357228244323,172.385742748108,1
1794,27,624420,3540,19.1032615218108,134.290995544073,172.263665181358,742.5,279.9,1.16980434119164,1.19880434119164,0.0103964144426048,19.1032615218108,134.290995544073,172.263665181358,1
1795,27,624480,3600,19.1204997785211,134.296432979598,172.165477659866,742.6,280,1.16980434119164,1.19880434119164,0.0103964144426048,19.1204997785211,134.296432979598,172.165477659866,1
1796,27,624540,3660,19.1292280097669,134.230214979514,172.243404993171,742.5,279.9,1.16980434119164,1.19880434119164,0.0104193260496235,19.1292280097669,134.230214979514,172.243404993171,1
1797,27,624600,3720,19.1379562410126,134.164006861894,172.421335620631,742.3,279.7,1.16980434119164,1.19880434119164,0.0104618761769473,19.1379562410126,134.164006861894,172.421335620631,1
1798,27,624660,3780,19.1508303821001,134.133879248456,172.111293082819,742.6,280,1.16980434119164,1.19880434119164,0.0104836967550614,19.1508303821001,134.133879248456,172.111293082819,1
1799,27,624720,3840,19.1595586133459,134.067688301618,172.289229433873,742.4,279.8,1.16980434119164,1.19880434119164,0.0104836967550614,19.1595586133459,134.067688301618,172.289229433873,1
1800,27,624780,3900,19.1724327544334,134.083326134381,172.294442044794,742.4,279.8,1.16980434119164,1.19880434119164,0.0104826057261569,19.1724327544334,134.083326134381,172.294442044794,1
1801,27,624840,3960,19.1811609856792,133.971394200442,171.657131400147,743,280.4,1.16980434119164,1.19880434119164,0.0104836967550668,19.1811609856792,133.971394200442,171.657131400147,1
1802,27,624900,4020,19.1898892169249,133.99672685769,171.36557561923,743.3,280.7,1.16980434119164,1.19880434119164,0.0104836967550668,19.1898892169249,133.99672685769,171.36557561923,1
1803,27,624960,4080,19.2027633580124,133.920865545467,172.440288515156,742.2,279.6,1.16980434119164,1.19880434119164,0.0104826057261569,19.2027633580124,133.920865545467,172.440288515156,1
1804,27,625020,4140,19.2114915892582,133.900449927295,172.133483309098,742.5,279.9,1.16980434119164,1.19880434119164,0.0104618761769473,19.2114915892582,133.900449927295,172.133483309098,1
1805,27,625080,4200,19.2289480517497,133.813892527547,172.204630842516,742.4,279.8,1.16980434119164,1.19880434119164,0.0104400555988331,19.2289480517497,133.813892527547,172.204630842516,1
1806,27,625140,4260,19.2374580772143,133.748270771828,172.282756923943,742.3,279.7,1.16980434119164,1.19880434119164,0.0104400555988349,19.2374580772143,133.748270771828,172.282756923943,1
1807,27,625200,4320,19.2461863084601,133.773581440592,171.991193813531,742.6,280,1.16980434119164,1.19880434119164,0.0104836967550632,19.2461863084601,133.773581440592,171.991193813531,1
1808,27,625260,4380,19.2592786553287,133.651547439937,171.650515813312,742.9,280.3,1.16980434119164,1.19880434119164,0.0105044263042693,19.2592786553287,133.651547439937,171.650515813312,1
1809,27,625320,4440,19.2677886807933,133.677360840245,172.059120280082,742.5,279.9,1.16980434119164,1.19880434119164,0.0105044263042693,19.2677886807933,133.677360840245,172.059120280082,1
1810,27,625380,4500,19.2808810276619,133.555358710539,171.618452903513,742.9,280.3,1.16980434119164,1.19880434119164,0.0105262468823852,19.2808810276619,133.555358710539,171.618452903513,1
1811,27,625440,4560,19.2896092589077,133.580654679137,171.826884893046,742.7,280.1,1.16980434119164,1.19880434119164,0.0105262468823852,19.2896092589077,133.580654679137,171.826884893046,1
1812,27,625500,4620,19.2981192843723,133.515076900385,171.605025633462,742.9,280.3,1.16980434119164,1.19880434119164,0.0105262468823835,19.2981192843723,133.515076900385,171.605025633462,1
1813,27,625560,4680,19.311211631241,133.484483120521,171.49482770684,743,280.4,1.16980434119164,1.19880434119164,0.0105262468823835,19.311211631241,133.484483120521,171.49482770684,1
1814,27,625620,4740,19.3197216567056,133.41892238902,170.972974129673,743.5,280.9,1.16980434119164,1.19880434119164,0.0105044263042711,19.3197216567056,133.41892238902,170.972974129673,1
1815,27,625680,4800,19.3328140035742,133.342668658263,170.947556219421,743.5,280.9,1.16980434119164,1.19880434119164,0.0104826057261551,19.3328140035742,133.342668658263,170.947556219421,1
1816,27,625740,4860,19.3459063504428,133.312089702096,171.137363234032,743.3,280.7,1.16980434119164,1.19880434119164,0.0104826057261551,19.3459063504428,133.312089702096,171.137363234032,1
1817,27,625800,4920,19.3544163759075,133.246558247396,171.315519415799,743.1,280.5,1.16980434119164,1.19880434119164,0.0105033352753647,19.3544163759075,133.246558247396,171.315519415799,1
1818,27,625860,4980,19.3631446071532,133.271827409809,171.823942469936,742.6,280,1.16980434119164,1.19880434119164,0.0105469764315931,19.3631446071532,133.271827409809,171.823942469936,1
1819,27,625920,5040,19.371872838399,133.205796188305,171.901932062768,742.5,279.9,1.16980434119164,1.19880434119164,0.0105480674604994,19.371872838399,133.205796188305,171.901932062768,1
1820,27,625980,5100,19.3847469794865,133.175734169725,171.791911389908,742.6,280,1.16980434119164,1.19880434119164,0.0105480674604994,19.3847469794865,133.175734169725,171.791911389908,1
1821,27,626040,5160,19.3934752107322,133.109720119002,171.369906706334,743,280.4,1.16980434119164,1.19880434119164,0.0105698880386136,19.3934752107322,133.109720119002,171.369906706334,1
1822,27,626100,5220,19.4065675576009,133.033530377204,171.444510125735,742.9,280.3,1.16980434119164,1.19880434119164,0.0105480674604994,19.4065675576009,133.033530377204,171.444510125735,1
1823,27,626160,5280,19.4150775830655,133.0136685088,171.437889502933,742.9,280.3,1.16980434119164,1.19880434119164,0.0105480674604994,19.4150775830655,133.0136685088,171.437889502933,1
1824,27,626220,5340,19.4238058143112,132.947681511324,171.315893837108,743,280.4,1.16980434119164,1.19880434119164,0.0105262468823852,19.4238058143112,132.947681511324,171.315893837108,1
1825,27,626280,5400,19.4410440710216,132.953064346233,171.417688115411,742.9,280.3,1.16980434119164,1.19880434119164,0.0104826057261569,19.4410440710216,132.953064346233,171.417688115411,1
1826,27,626340,5460,19.4497723022674,132.887092048923,172.095697349641,742.2,279.6,1.16980434119164,1.19880434119164,0.0105044263042711,19.4497723022674,132.887092048923,172.095697349641,1
1827,27,626400,5520,19.4585005335131,132.821129634078,172.073709878026,742.2,279.6,1.16980434119164,1.19880434119164,0.0105480674604994,19.4585005335131,132.821129634078,172.073709878026,1
1828,27,626460,5580,19.4713746746006,132.791096768768,171.363698922923,742.9,280.3,1.16980434119164,1.19880434119164,0.0105687970097073,19.4713746746006,132.791096768768,171.363698922923,1
1829,27,626520,5640,19.4801029058464,132.725151524705,171.641717174902,742.6,280,1.16980434119164,1.19880434119164,0.0105687970097073,19.4801029058464,132.725151524705,171.641717174902,1
1830,27,626580,5700,19.493195252715,132.694617039628,171.731539013209,742.5,279.9,1.16980434119164,1.19880434119164,0.0105698880386136,19.493195252715,132.694617039628,171.731539013209,1
1831,27,626640,5760,19.5017052781796,132.629197874432,171.10973262481,743.1,280.5,1.16980434119164,1.19880434119164,0.0105698880386136,19.5017052781796,132.629197874432,171.10973262481,1
1832,27,626700,5820,19.5104335094254,132.654413300944,171.218137766981,743,280.4,1.16980434119164,1.19880434119164,0.0105917086167278,19.5104335094254,132.654413300944,171.218137766981,1
1833,27,626760,5880,19.5233076505129,132.487709162912,171.762569720971,742.4,279.8,1.16980434119164,1.19880434119164,0.0106135291948419,19.5233076505129,132.487709162912,171.762569720971,1
1834,27,626820,5940,19.5320358817587,132.512922242338,171.77097408078,742.4,279.8,1.16980434119164,1.19880434119164,0.0105917086167278,19.5320358817587,132.512922242338,171.77097408078,1
1835,27,626880,6000,19.5494923442502,132.426684663849,171.442228221283,742.7,280.1,1.16980434119164,1.19880434119164,0.0126838656463409,19.5494923442502,132.426684663849,171.442228221283,1
1836,27,626920,6001,19.5494923442502,132.426684663849,171.442228221283,742.7,280.1,1.16980434119164,1.19880434119164,0.0309969295253695,19.5494923442502,132.426684663849,171.442228221283,1
1837,28,626921,0,19.5494923442502,132.426684663849,171.242228221283,742.9,280.3,1.16980434119164,1.19880434119164,0.636746289930761,19.5494923442502,132.426684663849,171.242228221283,1
1838,28,626922,6,19.5536382540919,134.830766978419,170.943588992806,744,281.4,1.16980434119164,1.19880434119164,0.182320281821946,19.5536382540919,134.830766978419,170.943588992806,1
1839,28,626928,12,19.5667306009605,135.255211278083,171.085070426028,744,281.4,1.16980434119164,1.19880434119164,0.106353497730141,19.5667306009605,135.255211278083,171.085070426028,1
1840,28,626934,18,19.5754588322063,135.189028484279,171.56300949476,743.5,280.9,1.16980434119164,1.19880434119164,0.106353497729192,19.5754588322063,135.189028484279,171.56300949476,1
1841,28,626940,24,19.5883329732938,135.067527480216,171.622509160072,743.4,280.8,1.16980434119164,1.19880434119164,0.10656079322127,19.5883329732938,135.067527480216,171.622509160072,1
1842,28,626946,30,19.5970612045395,134.864818438856,171.354939479619,743.6,281,1.16980434119164,1.19880434119164,0.10656079322127,19.5970612045395,134.864818438856,171.354939479619,1
1843,28,626952,36,19.6101535514082,134.742870415643,172.514290138548,743.4,280.8,1.16980434119164,1.19880434119164,0.106571703511284,19.6101535514082,134.742870415643,172.514290138548,1
1844,28,626958,42,19.6186635768728,134.677271760185,171.492423920062,743.4,280.8,1.16980434119164,1.19880434119164,0.106778999003364,19.6186635768728,134.677271760185,171.492423920062,1
1845,28,626964,48,19.6317559237414,134.509872306081,171.636624102027,743.2,280.6,1.16980434119164,1.19880434119164,0.106560793221287,19.6317559237414,134.509872306081,171.636624102027,1
1846,28,626970,54,19.6404841549872,134.489283744779,171.52976124826,743.3,280.7,1.16980434119164,1.19880434119164,0.10656079322127,19.6404841549872,134.489283744779,171.52976124826,1
1847,28,626976,60,19.6577224116976,134.35765448547,171.68588482849,743.1,280.5,1.16980434119164,1.19880434119164,0.106986294494488,19.6577224116976,134.35765448547,171.68588482849,1
1848,28,626982,66,19.6664506429433,134.246118838359,171.648706279453,743.1,280.5,1.16980434119164,1.19880434119164,0.106997204784525,19.6664506429433,134.246118838359,171.648706279453,1
1849,28,626988,72,19.6793247840308,134.17030866789,171.52343622263,743.2,280.6,1.16980434119164,1.19880434119164,0.106997204784525,19.6793247840308,134.17030866789,171.52343622263,1
1850,28,626994,78,19.6880530152766,134.058812303575,171.986270767858,742.7,280.1,1.16980434119164,1.19880434119164,0.106997204783551,19.6880530152766,134.058812303575,171.986270767858,1
1851,28,627000,84,19.6967812465223,134.0382583309,171.679419443633,743,280.4,1.16980434119164,1.19880434119164,0.107008115072597,19.6967812465223,134.0382583309,171.679419443633,1
1852,28,627006,90,19.705291271987,133.927305216234,171.742435072078,742.9,280.3,1.16980434119164,1.19880434119164,0.107215410564692,19.705291271987,133.927305216234,171.742435072078,1
1853,28,627012,96,19.7183836188556,133.941938164723,172.047312721574,742.6,280,1.16980434119164,1.19880434119164,0.107215410565668,19.7183836188556,133.941938164723,172.047312721574,1
1854,28,627018,102,19.7271118501014,133.785056705561,171.895018901854,742.7,280.1,1.16980434119164,1.19880434119164,0.107215410565668,19.7271118501014,133.785056705561,171.895018901854,1
1855,28,627024,108,19.7399859911889,133.800205603391,171.700068534464,742.9,280.3,1.16980434119164,1.19880434119164,0.106986294494488,19.7399859911889,133.800205603391,171.700068534464,1
1856,28,627030,114,19.7487142224346,133.688802628366,171.862934209455,742.7,280.1,1.16980434119164,1.19880434119164,0.106778999002411,19.7487142224346,133.688802628366,171.862934209455,1
1857,28,627036,120,19.765952479145,133.602835172911,171.634278390971,742.9,280.3,1.16980434119164,1.19880434119164,0.10721541056471,19.765952479145,133.602835172911,171.634278390971,1
1858,28,627042,126,19.7746807103907,133.536893634772,171.812297878257,742.7,280.1,1.16980434119164,1.19880434119164,0.107422706057747,19.7746807103907,133.536893634772,171.812297878257,1
1859,28,627048,132,19.7875548514782,133.46121761876,171.887072539587,742.6,280,1.16980434119164,1.19880434119164,0.10743361634681,19.7875548514782,133.46121761876,171.887072539587,1
1860,28,627054,138,19.796283082724,133.395298192635,171.765099397545,742.7,280.1,1.16980434119164,1.19880434119164,0.107215410564692,19.796283082724,133.395298192635,171.765099397545,1
1861,28,627060,144,19.8093754295926,133.27373879734,171.524579599113,742.9,280.3,1.16980434119164,1.19880434119164,0.107204500275647,19.8093754295926,133.27373879734,171.524579599113,1
1862,28,627066,150,19.8178854550572,133.20835891494,171.80278630498,742.6,280,1.16980434119164,1.19880434119164,0.107422706056806,19.8178854550572,133.20835891494,171.80278630498,1
1863,28,627072,156,19.826613686303,133.187864237052,171.695954745684,742.7,280.1,1.16980434119164,1.19880434119164,0.107422706057765,19.826613686303,133.187864237052,171.695954745684,1
1864,28,627078,162,19.8397060331716,133.111741819543,171.670580606514,742.7,280.1,1.16980434119164,1.19880434119164,0.10743361634681,19.8397060331716,133.111741819543,171.670580606514,1
1865,28,627084,168,19.8482160586363,133.046388743328,172.048796247776,742.3,279.7,1.16980434119164,1.19880434119164,0.107215410564692,19.8482160586363,133.046388743328,172.048796247776,1
1866,28,627090,174,19.8613084055049,132.970293379066,172.023431126355,742.3,279.7,1.16980434119164,1.19880434119164,0.107204500275647,19.8613084055049,132.970293379066,172.023431126355,1
1867,28,627096,180,19.8741825465924,132.940085594134,171.913361864711,742.4,279.8,1.16980434119164,1.19880434119164,0.107433616345833,19.8741825465924,132.940085594134,171.913361864711,1
1868,28,627102,186,19.887274893461,132.818658870925,172.072886290308,742.2,279.6,1.16980434119164,1.19880434119164,0.107651822127953,19.887274893461,132.818658870925,172.072886290308,1
1869,28,627108,192,19.8960031247068,132.798188899199,171.8660629664,742.4,279.8,1.16980434119164,1.19880434119164,0.107859117620051,19.8960031247068,132.798188899199,171.8660629664,1
1870,28,627114,198,19.9088772657943,132.767995690902,171.955998563634,742.3,279.7,1.16980434119164,1.19880434119164,0.107651822126992,19.9088772657943,132.767995690902,171.955998563634,1
1871,28,627120,204,19.91760549704,132.747525719175,171.749175239725,742.5,279.9,1.16980434119164,1.19880434119164,0.107651822126992,19.91760549704,132.747525719175,171.749175239725,1
1872,28,627126,210,19.9263337282858,132.636393029555,171.912131009852,742.3,279.7,1.16980434119164,1.19880434119164,0.107640911837911,19.9263337282858,132.636393029555,171.912131009852,1
1873,28,627132,216,19.9392078693733,132.606214397893,171.702071465965,742.5,279.9,1.16980434119164,1.19880434119164,0.107422706057747,19.9392078693733,132.606214397893,171.702071465965,1
1874,28,627138,222,19.9479361006191,132.540435179234,171.980145059745,742.2,279.6,1.16980434119164,1.19880434119164,0.107640911838908,19.9479361006191,132.540435179234,171.980145059745,1
1875,28,627144,228,19.9566643318648,132.429351654875,171.843117218292,742.3,279.7,1.16980434119164,1.19880434119164,0.107433616345833,19.9566643318648,132.429351654875,171.843117218292,1
1876,28,627150,234,19.9695384729523,132.399194888167,171.533064962722,742.6,280,1.16980434119164,1.19880434119164,0.107433616345851,19.9695384729523,132.399194888167,171.533064962722,1
1877,28,627156,240,19.9869949354438,132.267710322271,171.48923677409,742.6,280,1.16980434119164,1.19880434119164,0.107859117619087,19.9869949354438,132.267710322271,171.48923677409,1
1878,28,627162,246,19.9955049609084,132.293078023429,171.497692674476,742.6,280,1.16980434119164,1.19880434119164,0.107651822127971,19.9955049609084,132.293078023429,171.497692674476,1
1879,28,627168,252,20.0042331921542,132.227350440647,171.775783480216,742.3,279.7,1.16980434119164,1.19880434119164,0.107651822127971,20.0042331921542,132.227350440647,171.775783480216,1
1880,28,627174,258,20.0173255390228,132.196697365996,171.465565788665,742.6,280,1.16980434119164,1.19880434119164,0.107640911837911,20.0173255390228,132.196697365996,171.465565788665,1
1881,28,627180,264,20.0258355644874,132.086222809675,171.628740936558,742.4,279.8,1.16980434119164,1.19880434119164,0.107640911837929,20.0258355644874,132.086222809675,171.628740936558,1
1882,28,627186,270,20.0389279113561,132.055584558721,171.91852818624,742.1,279.5,1.16980434119164,1.19880434119164,0.10785911761907,20.0389279113561,132.055584558721,171.91852818624,1
1883,28,627192,276,20.0476561426018,131.989896382266,171.696632127422,742.3,279.7,1.16980434119164,1.19880434119164,0.107651822127953,20.0476561426018,131.989896382266,171.696632127422,1
1884,28,627198,282,20.0605302836893,131.914520669645,171.371506889882,742.6,280,1.16980434119164,1.19880434119164,0.107433616346828,20.0605302836893,131.914520669645,171.371506889882,1
1885,28,627204,288,20.0692585149351,131.894105051473,171.664701683824,742.3,279.7,1.16980434119164,1.19880434119164,0.107204500275647,20.0692585149351,131.894105051473,171.664701683824,1
1886,28,627210,294,20.0864967716455,131.80854351825,171.93618117275,742,279.4,1.16980434119164,1.19880434119164,0.107640911837929,20.0864967716455,131.80854351825,171.93618117275,1
1887,28,627216,300,20.0952250028912,131.78813284131,171.82937761377,742.1,279.5,1.16980434119164,1.19880434119164,0.108721030454588,20.0952250028912,131.78813284131,171.82937761377,1
1888,28,627222,306,20.1083173497599,131.712288491647,171.304096163882,742.6,280,1.16980434119164,1.19880434119164,0.109157442017863,20.1083173497599,131.712288491647,171.304096163882,1
1889,28,627228,312,20.1168273752245,131.692392899333,171.997464299778,741.9,279.3,1.16980434119164,1.19880434119164,0.108513734963479,20.1168273752245,131.692392899333,171.997464299778,1
1890,28,627234,318,20.1299197220931,131.616568191068,171.772189397023,742.1,279.5,1.16980434119164,1.19880434119164,0.10785911761907,20.1299197220931,131.616568191068,171.772189397023,1
1891,28,627240,324,20.1384297475577,131.506254842449,171.835418280816,742,279.4,1.16980434119164,1.19880434119164,0.107651822126992,20.1384297475577,131.506254842449,171.835418280816,1
1892,28,627246,330,20.1515220944264,131.475668474434,171.525222824811,742.3,279.7,1.16980434119164,1.19880434119164,0.107433616345851,20.1515220944264,131.475668474434,171.525222824811,1
1893,28,627252,336,20.1602503256721,131.410078628502,171.703359542834,742.1,279.5,1.16980434119164,1.19880434119164,0.107422706057765,20.1602503256721,131.410078628502,171.703359542834,1
1894,28,627258,342,20.1731244667596,131.380009321604,171.493336440535,742.3,279.7,1.16980434119164,1.19880434119164,0.107433616346828,20.1731244667596,131.380009321604,171.493336440535,1
1895,28,627264,348,20.1818526980054,131.314436646454,171.071478882151,742.7,280.1,1.16980434119164,1.19880434119164,0.107433616345833,20.1818526980054,131.314436646454,171.071478882151,1
1896,28,627270,354,20.1990909547158,131.319361058539,171.673120352846,742.1,279.5,1.16980434119164,1.19880434119164,0.10742270605677,20.1990909547158,131.319361058539,171.673120352846,1
1897,28,627276,360,20.2078191859615,131.253803083555,171.451267694518,742.3,279.7,1.16980434119164,1.19880434119164,0.106986294494488,20.2078191859615,131.253803083555,171.451267694518,1
1898,28,627282,366,20.2209115328302,131.178066946879,171.626022315626,742.1,279.5,1.16980434119164,1.19880434119164,0.106986294495461,20.2209115328302,131.178066946879,171.626022315626,1
1899,28,627288,372,20.2294215582948,131.203360035429,171.434453345143,742.3,279.7,1.16980434119164,1.19880434119164,0.107215410565685,20.2294215582948,131.203360035429,171.434453345143,1
1900,28,627294,378,20.2425139051634,131.037331402687,171.879110467562,741.8,279.2,1.16980434119164,1.19880434119164,0.106997204783569,20.2425139051634,131.037331402687,171.879110467562,1
1901,28,627300,384,20.2512421364092,131.062112618413,171.387370872805,742.3,279.7,1.16980434119164,1.19880434119164,0.107204500275611,20.2512421364092,131.062112618413,171.387370872805,1
1902,28,627306,390,20.2641162774967,130.941784909953,171.347261636651,742.3,279.7,1.16980434119164,1.19880434119164,0.107433616345816,20.2641162774967,130.941784909953,171.347261636651,1
1903,28,627312,396,20.2728445087424,130.966558837362,171.455519612454,742.2,279.6,1.16980434119164,1.19880434119164,0.107215410565685,20.2728445087424,130.966558837362,171.455519612454,1
1904,28,627318,402,20.2857186498299,130.846262876318,171.215420958773,742.4,279.8,1.16980434119164,1.19880434119164,0.107204500276622,20.2857186498299,130.846262876318,171.215420958773,1
1905,28,627324,408,20.2944468810757,130.87102951541,171.623676505136,742,279.4,1.16980434119164,1.19880434119164,0.10742270605677,20.2944468810757,130.87102951541,171.623676505136,1
1906,28,627330,414,20.3075392279443,130.795372067857,171.498457355952,742.1,279.5,1.16980434119164,1.19880434119164,0.10742270605677,20.3075392279443,130.795372067857,171.498457355952,1
1907,28,627336,420,20.3204133690318,130.765346490865,171.288448830288,742.3,279.7,1.16980434119164,1.19880434119164,0.10721541056471,20.3204133690318,130.765346490865,171.288448830288,1
1908,28,627342,426,20.3335057159004,130.644610304865,171.448203434955,742.1,279.5,1.16980434119164,1.19880434119164,0.107215410565668,20.3335057159004,130.644610304865,171.448203434955,1
1909,28,627348,432,20.3422339471462,130.579167954716,171.426389318239,742.1,279.5,1.16980434119164,1.19880434119164,0.107215410565668,20.3422339471462,130.579167954716,171.426389318239,1
1910,28,627354,438,20.3507439726108,130.559334992521,171.61977833084,741.9,279.3,1.16980434119164,1.19880434119164,0.10721541056471,20.3507439726108,130.559334992521,171.61977833084,1
1911,28,627360,444,20.3638363194794,130.48373906331,171.59457968777,741.9,279.3,1.16980434119164,1.19880434119164,0.107204500275647,20.3638363194794,130.48373906331,171.59457968777,1
1912,28,627366,450,20.3723463449441,130.508989780794,171.502996593598,742,279.4,1.16980434119164,1.19880434119164,0.10721541056471,20.3723463449441,130.508989780794,171.502996593598,1
1913,28,627372,456,20.3854386918127,130.433406081133,171.277802027044,742.2,279.6,1.16980434119164,1.19880434119164,0.10743361634681,20.3854386918127,130.433406081133,171.277802027044,1
1914,28,627378,462,20.3941669230585,130.36800301378,171.156001004593,742.3,279.7,1.16980434119164,1.19880434119164,0.107204500276604,20.3941669230585,130.36800301378,171.156001004593,1
1915,28,627384,468,20.4026769485231,130.393241378183,171.264413792728,742.2,279.6,1.16980434119164,1.19880434119164,0.107215410564692,20.4026769485231,130.393241378183,171.264413792728,1
1916,28,627390,474,20.4201334110146,130.307516452541,170.935838817514,742.5,279.9,1.16980434119164,1.19880434119164,0.107215410564692,20.4201334110146,130.307516452541,170.935838817514,1
1917,28,627396,480,20.4288616422603,130.287184835318,170.829061611773,742.6,280,1.16980434119164,1.19880434119164,0.106778999002411,20.4288616422603,130.287184835318,170.829061611773,1
1918,28,627402,486,20.4417357833478,130.167116541551,171.089038847184,742.3,279.7,1.16980434119164,1.19880434119164,0.106571703511284,20.4417357833478,130.167116541551,171.089038847184,1
1919,28,627408,492,20.4504640145936,130.191829444742,171.297276481581,742.1,279.5,1.16980434119164,1.19880434119164,0.106778999003382,20.4504640145936,130.191829444742,171.297276481581,1
1920,28,627414,498,20.4591922458394,130.081443375318,170.960481125106,742.4,279.8,1.16980434119164,1.19880434119164,0.106778999002428,20.4591922458394,130.081443375318,170.960481125106,1
1921,28,627420,504,20.4720663869269,130.096498513265,170.765499504422,742.6,280,1.16980434119164,1.19880434119164,0.106571703510333,20.4720663869269,130.096498513265,170.765499504422,1
1922,28,627426,510,20.4807946181726,129.986141844173,170.628713948058,742.7,280.1,1.16980434119164,1.19880434119164,0.106778999002411,20.4807946181726,129.986141844173,170.628713948058,1
1923,28,627432,516,20.4893046436372,130.011350437652,170.837116812551,742.5,279.9,1.16980434119164,1.19880434119164,0.106778999003382,20.4893046436372,130.011350437652,170.837116812551,1
1924,28,627438,522,20.5023969905059,129.935870009745,170.411956669915,742.9,280.3,1.16980434119164,1.19880434119164,0.106778999003382,20.5023969905059,129.935870009745,170.411956669915,1
1925,28,627444,528,20.5111252217516,129.870557861066,170.790185953689,742.5,279.9,1.16980434119164,1.19880434119164,0.106986294494506,20.5111252217516,129.870557861066,170.790185953689,1
1926,28,627450,534,20.528363478462,129.830451711719,170.37681723724,742.9,280.3,1.16980434119164,1.19880434119164,0.106778999002393,20.528363478462,129.830451711719,170.37681723724,1
1927,28,627456,540,20.5370917097078,129.72017360822,170.340057869407,742.9,280.3,1.16980434119164,1.19880434119164,0.106342587440111,20.5370917097078,129.72017360822,170.340057869407,1
1928,28,627462,546,20.5458199409535,129.789837889596,170.663279296532,742.6,280,1.16980434119164,1.19880434119164,0.106342587441096,20.5458199409535,129.789837889596,170.663279296532,1
1929,28,627468,552,20.558694082041,129.669938462442,170.523312820814,742.7,280.1,1.16980434119164,1.19880434119164,0.106571703511302,20.558694082041,129.669938462442,170.523312820814,1
1930,28,627474,558,20.5674223132868,129.694609859281,170.63153661976,742.6,280,1.16980434119164,1.19880434119164,0.10656079322127,20.5674223132868,129.694609859281,170.63153661976,1
1931,28,627480,564,20.5802964543743,129.619703316663,170.306567772221,742.9,280.3,1.16980434119164,1.19880434119164,0.10656079322127,20.5802964543743,129.619703316663,170.306567772221,1
1932,28,627486,570,20.58902468562,129.554450092179,170.584816697393,742.6,280,1.16980434119164,1.19880434119164,0.10656079322127,20.58902468562,129.554450092179,170.584816697393,1
1933,28,627492,576,20.5977529168658,129.534158004814,170.778052668271,742.4,279.8,1.16980434119164,1.19880434119164,0.106549882933175,20.5977529168658,129.534158004814,170.778052668271,1
1934,28,627498,582,20.6062629423304,129.46942678268,170.256475594227,742.9,280.3,1.16980434119164,1.19880434119164,0.106560793222221,20.6062629423304,129.46942678268,170.256475594227,1
1935,28,627504,588,20.619355289199,129.438996063481,170.14633202116,743,280.4,1.16980434119164,1.19880434119164,0.10656079322127,20.619355289199,129.438996063481,170.14633202116,1
1936,28,627510,594,20.6324476360677,129.363633731026,170.221211243675,742.9,280.3,1.16980434119164,1.19880434119164,0.106124381659005,20.6324476360677,129.363633731026,170.221211243675,1
1937,28,627516,600,20.6409576615323,129.388785376803,170.129595125601,743,280.4,1.16980434119164,1.19880434119164,0.105917086166874,20.6409576615323,129.388785376803,170.129595125601,1
1938,28,627522,601,20.6453217771552,129.333717478798,170.411239159599,742.7,280.1,1.16980434119164,1.19880434119164,0.18192751141585,20.6453217771552,129.333717478798,170.411239159599,1
1939,29,627523,0,20.6453217771552,129.019247204227,170.506415734742,742.5,279.9,1.16980434119164,1.19880434119164,0.212685174884161,20.6453217771552,129.019247204227,170.506415734742,1
1940,29,627528,12,20.6540500084009,128.325208832356,170.175069610785,742.6,280,1.16980434119164,1.19880434119164,0.0750653558405049,20.6540500084009,128.325208832356,170.175069610785,1
1941,29,627540,24,20.6627782396467,128.34994977704,170.383316592347,742.4,279.8,1.16980434119164,1.19880434119164,0.0531712937200643,20.6627782396467,128.34994977704,170.383316592347,1
1942,29,627552,36,20.6712882651113,128.330275798993,170.576758599664,742.2,279.6,1.16980434119164,1.19880434119164,0.0531767488648378,20.6712882651113,128.330275798993,170.576758599664,1
1943,29,627564,48,20.6843806119799,128.344910353383,170.081636784461,742.7,280.1,1.16980434119164,1.19880434119164,0.0531712937202972,20.6843806119799,128.344910353383,170.081636784461,1
1944,29,627576,60,20.6931088432257,128.279829701435,169.759943233812,743,280.4,1.16980434119164,1.19880434119164,0.0531712937202883,20.6931088432257,128.279829701435,169.759943233812,1
1945,29,627588,72,20.7059829843132,128.250066503877,170.350022167959,742.4,279.8,1.16980434119164,1.19880434119164,0.0531767488648378,20.7059829843132,128.250066503877,170.350022167959,1
1946,29,627600,84,20.7147112155589,128.274773106996,170.258257702332,742.5,279.9,1.16980434119164,1.19880434119164,0.0530676459740255,20.7147112155589,128.274773106996,170.258257702332,1
1947,29,627612,96,20.7232212410236,128.255094311247,170.151698103749,742.6,280,1.16980434119164,1.19880434119164,0.0528494401931071,20.7232212410236,128.255094311247,170.151698103749,1
1948,29,627624,108,20.7406777035151,128.214727550737,170.238242516912,742.5,279.9,1.16980434119164,1.19880434119164,0.0529530879391553,20.7406777035151,128.214727550737,170.238242516912,1
1949,29,627636,120,20.7494059347608,128.194544170482,170.131514723494,742.6,280,1.16980434119164,1.19880434119164,0.053062190829744,20.7494059347608,128.194544170482,170.131514723494,1
1950,29,627648,132,20.7579159602254,128.174865374733,169.624955124911,743.1,280.5,1.16980434119164,1.19880434119164,0.0530676459742668,20.7579159602254,128.174865374733,169.624955124911,1
1951,29,627660,144,20.7710083070941,128.099737133157,169.799912377719,742.9,280.3,1.16980434119164,1.19880434119164,0.0530621908294938,20.7710083070941,128.099737133157,169.799912377719,1
1952,29,627672,156,20.7797365383398,128.079558694134,169.793186231378,742.9,280.3,1.16980434119164,1.19880434119164,0.0529530879391642,20.7797365383398,128.079558694134,169.793186231378,1
1953,29,627684,168,20.7882465638045,128.059884716087,169.486628238696,743.2,280.6,1.16980434119164,1.19880434119164,0.052958543083687,20.7882465638045,128.059884716087,169.486628238696,1
1954,29,627696,180,20.8013389106731,127.98478105714,169.461593685713,743.2,280.6,1.16980434119164,1.19880434119164,0.0529585430836781,20.8013389106731,127.98478105714,169.461593685713,1
1955,29,627708,192,20.8142130517606,127.999853859994,169.766617953331,742.9,280.3,1.16980434119164,1.19880434119164,0.0529585430836781,20.8142130517606,127.999853859994,169.766617953331,1
1956,29,627720,204,20.8229412830064,127.890027879247,169.530009293082,743.1,280.5,1.16980434119164,1.19880434119164,0.052958543083455,20.8229412830064,127.890027879247,169.530009293082,1
1957,29,627732,216,20.836033629875,127.949407762437,169.249802587479,743.4,280.8,1.16980434119164,1.19880434119164,0.0529585430836958,20.836033629875,127.949407762437,169.249802587479,1
1958,29,627744,228,20.8489077709625,127.830026423486,169.710008807829,742.9,280.3,1.16980434119164,1.19880434119164,0.052958543083687,20.8489077709625,127.830026423486,169.710008807829,1
1959,29,627756,240,20.8576360022082,127.809857866928,169.603285955642,743,280.4,1.16980434119164,1.19880434119164,0.0529530879391642,20.8576360022082,127.809857866928,169.603285955642,1
1960,29,627768,252,20.8705101432957,127.735312404858,169.478437468286,743.1,280.5,1.16980434119164,1.19880434119164,0.0530621908297351,20.8705101432957,127.735312404858,169.478437468286,1
1961,29,627780,264,20.8792383745415,127.715148789532,169.271716263177,743.3,280.7,1.16980434119164,1.19880434119164,0.0529585430834461,20.8792383745415,127.715148789532,169.271716263177,1
1962,29,627792,276,20.8923307214101,127.640118878477,169.246706292826,743.3,280.7,1.16980434119164,1.19880434119164,0.0529585430836781,20.8923307214101,127.640118878477,169.246706292826,1
1963,29,627804,288,20.9008407468747,127.620464171236,169.440154723745,743.1,280.5,1.16980434119164,1.19880434119164,0.052958543083687,20.9008407468747,127.620464171236,169.440154723745,1
1964,29,627816,300,20.9095689781205,127.600305497142,169.133435165714,743.4,280.8,1.16980434119164,1.19880434119164,0.0529530879391642,20.9095689781205,127.600305497142,169.133435165714,1
1965,29,627828,312,20.9226613249891,127.525300168718,169.608433389573,742.9,280.3,1.16980434119164,1.19880434119164,0.0530621908297263,20.9226613249891,127.525300168718,169.608433389573,1
1966,29,627840,324,20.9311713504538,127.55041277876,169.516804259587,743,280.4,1.16980434119164,1.19880434119164,0.0528494401928757,20.9311713504538,127.55041277876,169.516804259587,1
1967,29,627852,336,20.9398995816995,127.485496546317,169.295165515439,743.2,280.6,1.16980434119164,1.19880434119164,0.0528439850485932,20.9398995816995,127.485496546317,169.295165515439,1
1968,29,627864,348,20.9529919285682,127.410515800523,169.370171933508,743.1,280.5,1.16980434119164,1.19880434119164,0.0529530879391553,20.9529919285682,127.410515800523,169.370171933508,1
1969,29,627876,360,20.9658660696557,127.38079633287,168.86026544429,743.6,281,1.16980434119164,1.19880434119164,0.0529585430836781,20.9658660696557,127.38079633287,168.86026544429,1
1970,29,627888,372,20.9745943009014,127.315909624289,168.93863654143,743.5,280.9,1.16980434119164,1.19880434119164,0.0530621908297351,20.9745943009014,127.315909624289,168.93863654143,1
1971,29,627900,384,20.9833225321472,127.340498749611,169.746832916537,742.7,280.1,1.16980434119164,1.19880434119164,0.0530621908294938,20.9833225321472,127.340498749611,169.746832916537,1
1972,29,627912,396,20.9961966732347,127.266053594557,169.222017864852,743.2,280.6,1.16980434119164,1.19880434119164,0.0530621908297351,20.9961966732347,127.266053594557,169.222017864852,1
1973,29,627924,408,21.0049249044804,127.290630490329,169.530210163443,742.9,280.3,1.16980434119164,1.19880434119164,0.0530621908297263,21.0049249044804,127.290630490329,169.530210163443,1
1974,29,627936,420,21.0177990455679,127.216197564824,169.105399188275,743.3,280.7,1.16980434119164,1.19880434119164,0.0529585430836781,21.0177990455679,127.216197564824,169.105399188275,1
1975,29,627948,432,21.0265272768137,127.196053714427,169.198684571476,743.2,280.6,1.16980434119164,1.19880434119164,0.0529530879391642,21.0265272768137,127.196053714427,169.198684571476,1
1976,29,627960,444,21.0352555080594,127.131206288643,168.977068762881,743.4,280.8,1.16980434119164,1.19880434119164,0.0528439850483529,21.0352555080594,127.131206288643,168.977068762881,1
1977,29,627972,456,21.0481296491469,127.056805110556,169.052268370185,743.3,280.7,1.16980434119164,1.19880434119164,0.0528494401931249,21.0481296491469,127.056805110556,169.052268370185,1
1978,29,627984,468,21.0612219960156,127.026604158657,168.742201386219,743.6,281,1.16980434119164,1.19880434119164,0.0530621908297263,21.0612219960156,127.026604158657,168.742201386219,1
1979,29,627996,480,21.0699502272613,126.917102322747,168.805700774249,743.5,280.9,1.16980434119164,1.19880434119164,0.0529530879391553,21.0699502272613,126.917102322747,168.805700774249,1
1980,29,628008,492,21.0828243683488,126.976772588024,168.825590862675,743.5,280.9,1.16980434119164,1.19880434119164,0.0528494401931249,21.0828243683488,126.976772588024,168.825590862675,1
1981,29,628020,504,21.0915525995946,126.911966915653,168.803988971884,743.5,280.9,1.16980434119164,1.19880434119164,0.0528494401928757,21.0915525995946,126.911966915653,168.803988971884,1
1982,29,628032,516,21.1044267406821,126.926941017392,168.908980339131,743.4,280.8,1.16980434119164,1.19880434119164,0.052849440193116,21.1044267406821,126.926941017392,168.908980339131,1
1983,29,628044,528,21.1131549719278,126.817488099681,169.872496033227,743.4,280.8,1.16980434119164,1.19880434119164,0.0529530879391642,21.1131549719278,126.817488099681,169.872496033227,1
1984,29,628056,540,21.1262473187965,126.83195403452,168.977318011507,743.3,280.7,1.16980434119164,1.19880434119164,0.0530621908297351,21.1262473187965,126.83195403452,168.977318011507,1
1985,29,628068,552,21.1347573442611,126.767680988148,169.155893662716,743.1,280.5,1.16980434119164,1.19880434119164,0.052958543083687,21.1347573442611,126.767680988148,169.155893662716,1
1986,29,628080,564,21.1434855755068,126.702914598573,169.234304866191,743,280.4,1.16980434119164,1.19880434119164,0.052843985048344,21.1434855755068,126.702914598573,169.234304866191,1
1987,29,628092,576,21.1565779223755,126.67273588222,169.124245294073,743.1,280.5,1.16980434119164,1.19880434119164,0.0528439850485843,21.1565779223755,126.67273588222,169.124245294073,1
1988,29,628104,588,21.169452063463,126.643060144472,169.014353381491,743.2,280.6,1.16980434119164,1.19880434119164,0.0530676459742668,21.169452063463,126.643060144472,169.014353381491,1
1989,29,628116,600,21.1825444103316,126.657501620211,168.719167206737,743.5,280.9,1.16980434119164,1.19880434119164,0.05360770528259,21.1825444103316,126.657501620211,168.719167206737,1
1990,29,628128,612,21.1910544357962,126.548649888098,168.782883296033,743.4,280.8,1.16980434119164,1.19880434119164,0.0537113530286293,21.1910544357962,126.548649888098,168.782883296033,1
1991,29,628140,624,21.2041467826649,126.563086546136,168.687695515379,743.5,280.9,1.16980434119164,1.19880434119164,0.0532749414661032,21.2041467826649,126.563086546136,168.687695515379,1
1992,29,628152,636,21.2128750139106,126.498364380589,168.566121460196,743.6,281,1.16980434119164,1.19880434119164,0.053062190829744,21.2128750139106,126.498364380589,168.566121460196,1
1993,29,628164,648,21.2257491549981,126.468695931159,168.656231977053,743.5,280.9,1.16980434119164,1.19880434119164,0.0529585430836958,21.2257491549981,126.468695931159,168.656231977053,1
1994,29,628176,660,21.2344773862439,126.403990936396,168.534663645465,743.6,281,1.16980434119164,1.19880434119164,0.0529530879391464,21.2344773862439,126.403990936396,168.534663645465,1
1995,29,628188,672,21.2475697331125,126.373827043739,168.82460901458,743.3,280.7,1.16980434119164,1.19880434119164,0.0529530879391642,21.2475697331125,126.373827043739,168.82460901458,1
1996,29,628200,684,21.2560797585771,126.354220513512,168.818073504504,743.3,280.7,1.16980434119164,1.19880434119164,0.0529530879389234,21.2560797585771,126.354220513512,168.818073504504,1
1997,29,628212,696,21.2648079898229,126.289537630763,168.696512543588,743.4,280.8,1.16980434119164,1.19880434119164,0.0530621908297263,21.2648079898229,126.289537630763,168.696512543588,1
1998,29,628224,708,21.2820462465333,126.294395459743,168.898131819914,743.2,280.6,1.16980434119164,1.19880434119164,0.052849440193116,21.2820462465333,126.294395459743,168.898131819914,1
1999,29,628236,720,21.290774477779,126.22972727716,168.976575759053,743.1,280.5,1.16980434119164,1.19880434119164,0.0527348821580222,21.290774477779,126.22972727716,168.976575759053,1
2000,29,628248,732,21.3038668246477,126.199570796351,168.766523598784,743.3,280.7,1.16980434119164,1.19880434119164,0.0529530879391642,21.3038668246477,126.199570796351,168.766523598784,1
2001,29,628260,744,21.3123768501123,126.135422392563,168.545140797521,743.5,280.9,1.16980434119164,1.19880434119164,0.0529585430834461,21.3123768501123,126.135422392563,168.545140797521,1
2002,29,628272,756,21.321105081358,126.070781263226,168.423593754409,743.6,281,1.16980434119164,1.19880434119164,0.0529530879391464,21.321105081358,126.070781263226,168.423593754409,1
2003,29,628284,768,21.3341974282267,126.085173944297,168.928391314766,743.1,280.5,1.16980434119164,1.19880434119164,0.0530621908297263,21.3341974282267,126.085173944297,168.928391314766,1
2004,29,628296,780,21.3427074536913,125.976518008512,168.792172669504,743.2,280.6,1.16980434119164,1.19880434119164,0.0530676459742757,21.3427074536913,125.976518008512,168.792172669504,1
2005,29,628308,792,21.3557998005599,126.035427980513,168.911809326838,743.1,280.5,1.16980434119164,1.19880434119164,0.0529585430836958,21.3557998005599,126.035427980513,168.911809326838,1
2006,29,628320,804,21.3645280318057,125.926294266407,168.875431422136,743.1,280.5,1.16980434119164,1.19880434119164,0.0529585430834372,21.3645280318057,125.926294266407,168.875431422136,1
2007,29,628332,816,21.3817662885161,125.975632327076,168.791877442359,743.2,280.6,1.16980434119164,1.19880434119164,0.0529530879391642,21.3817662885161,125.975632327076,168.791877442359,1
2008,29,628344,828,21.3904945197618,125.866528013302,168.855509337767,743.1,280.5,1.16980434119164,1.19880434119164,0.0527348821580222,21.3904945197618,125.866528013302,168.855509337767,1
2009,29,628356,840,21.4033686608493,125.83689600546,168.44563200182,743.5,280.9,1.16980434119164,1.19880434119164,0.0527403373025361,21.4033686608493,125.83689600546,168.44563200182,1
2010,29,628368,852,21.4120968920951,125.772316270934,168.724105423645,743.2,280.6,1.16980434119164,1.19880434119164,0.0528494401931249,21.4120968920951,125.772316270934,168.724105423645,1
2011,29,628380,864,21.4208251233408,125.752231715324,168.317410571775,743.6,281,1.16980434119164,1.19880434119164,0.052958543083455,21.4208251233408,125.752231715324,168.317410571775,1
2012,29,628392,876,21.4336992644283,125.678128987666,168.592709662555,743.3,280.7,1.16980434119164,1.19880434119164,0.052958543083687,21.4336992644283,125.678128987666,168.592709662555,1
2013,29,628404,888,21.4424274956741,125.658049373288,168.586016457763,743.3,280.7,1.16980434119164,1.19880434119164,0.0528494401931071,21.4424274956741,125.658049373288,168.586016457763,1
2014,29,628416,900,21.4553016367616,125.628431942082,168.576143980694,743.3,280.7,1.16980434119164,1.19880434119164,0.052958543083687,21.4553016367616,125.628431942082,168.576143980694,1
2015,29,628428,912,21.4640298680073,125.563891490352,168.454630496784,743.4,280.8,1.16980434119164,1.19880434119164,0.052958543083687,21.4640298680073,125.563891490352,168.454630496784,1
2016,29,628440,924,21.4727580992531,125.588272713327,168.262757571109,743.6,281,1.16980434119164,1.19880434119164,0.0529585430834461,21.4727580992531,125.588272713327,168.262757571109,1
2017,29,628452,936,21.4899963559634,125.504169337745,168.634723112582,743.2,280.6,1.16980434119164,1.19880434119164,0.0530676459742668,21.4899963559634,125.504169337745,168.634723112582,1
2018,29,628464,948,21.4987245872092,125.4840946646,168.528031554867,743.3,280.7,1.16980434119164,1.19880434119164,0.0529530879391553,21.4987245872092,125.4840946646,168.528031554867,1
2019,29,628476,960,21.5118169340778,125.409548870777,168.403182956926,743.4,280.8,1.16980434119164,1.19880434119164,0.0528439850485843,21.5118169340778,125.409548870777,168.403182956926,1
2020,29,628488,972,21.5203269595425,125.389980882162,167.896660294054,743.9,281.3,1.16980434119164,1.19880434119164,0.052958543083687,21.5203269595425,125.389980882162,167.896660294054,1
2021,29,628500,984,21.5334193064111,125.359876284292,168.786625428097,743,280.4,1.16980434119164,1.19880434119164,0.0530621908294938,21.5334193064111,125.359876284292,168.786625428097,1
2022,29,628512,996,21.5419293318757,125.295891558823,168.065297186274,743.7,281.1,1.16980434119164,1.19880434119164,0.053062190829744,21.5419293318757,125.295891558823,168.065297186274,1
2023,29,628524,1008,21.5506575631215,125.320238563764,168.273412854588,743.5,280.9,1.16980434119164,1.19880434119164,0.0531712937203061,21.5506575631215,125.320238563764,168.273412854588,1
2024,29,628536,1020,21.5593857943672,125.255761977462,168.351920659154,743.4,280.8,1.16980434119164,1.19880434119164,0.0531712937202972,21.5593857943672,125.255761977462,168.351920659154,1
2025,29,628548,1032,21.5722599354547,125.226166411208,168.642055470403,743.1,280.5,1.16980434119164,1.19880434119164,0.0530676459742668,21.5722599354547,125.226166411208,168.642055470403,1
2026,29,628560,1044,21.5809881667005,125.161706995687,168.520568998562,743.2,280.6,1.16980434119164,1.19880434119164,0.0531712937200643,21.5809881667005,125.161706995687,168.520568998562,1
2027,29,628572,1056,21.598444629192,125.077202554416,168.092400851472,743.6,281,1.16980434119164,1.19880434119164,0.0531712937202972,21.598444629192,125.077202554416,168.092400851472,1
2028,29,628584,1068,21.6069546546566,125.057649018905,168.085883006302,743.6,281,1.16980434119164,1.19880434119164,0.0530676459742668,21.6069546546566,125.057649018905,168.085883006302,1
2029,29,628596,1080,21.6156828859024,124.993219127247,167.964406375749,743.7,281.1,1.16980434119164,1.19880434119164,0.0530621908297263,21.6156828859024,124.993219127247,167.964406375749,1
2030,29,628608,1092,21.6244111171481,125.017539202473,168.472513067491,743.2,280.6,1.16980434119164,1.19880434119164,0.0531712937202972,21.6244111171481,125.017539202473,168.472513067491,1
2031,29,628620,1104,21.6372852582356,124.943595458962,168.047865152987,743.6,281,1.16980434119164,1.19880434119164,0.0532803966106348,21.6372852582356,124.943595458962,168.047865152987,1
2032,29,628632,1116,21.6460134894814,124.967903304638,167.955967768213,743.7,281.1,1.16980434119164,1.19880434119164,0.0532803966108771,21.6460134894814,124.967903304638,167.955967768213,1
2033,29,628644,1128,21.6588876305689,124.893971790677,168.031323930226,743.6,281,1.16980434119164,1.19880434119164,0.0532858517554176,21.6588876305689,124.893971790677,168.031323930226,1
2034,29,628656,1140,21.6676158618146,124.873921823693,168.624640607898,743,280.4,1.16980434119164,1.19880434119164,0.0531712937203061,21.6676158618146,124.873921823693,168.624640607898,1
2035,29,628668,1152,21.6763440930604,124.809531214832,168.103177071611,743.5,280.9,1.16980434119164,1.19880434119164,0.0531712937203061,21.6763440930604,124.809531214832,168.103177071611,1
2036,29,628680,1164,21.6892182341479,124.779964801849,168.093321600616,743.5,280.9,1.16980434119164,1.19880434119164,0.0532858517551575,21.6892182341479,124.779964801849,168.093321600616,1
2037,29,628692,1176,21.6979464653936,124.759919776097,167.986639925366,743.6,281,1.16980434119164,1.19880434119164,0.0531712937202972,21.6979464653936,124.759919776097,167.986639925366,1
2038,29,628704,1188,21.7110388122623,124.685531236991,168.061843745664,743.5,280.9,1.16980434119164,1.19880434119164,0.053062190829744,21.7110388122623,124.685531236991,168.061843745664,1
2039,29,628716,1200,21.7239129533498,124.700285824486,168.266761941495,743.3,280.7,1.16980434119164,1.19880434119164,0.0635502517002509,21.7239129533498,124.700285824486,168.266761941495,1
2040,29,628724,1201,21.7239129533498,124.655972112325,168.451990704108,743.1,280.5,1.16980434119164,1.19880434119164,0.0909731073842496,21.7239129533498,124.655972112325,168.451990704108,1
2041,30,628730,0,21.7239129533498,124.390089839358,168.463363279786,743,280.4,1.16980434119164,1.19880434119164,0.0797651232972433,21.7239129533498,124.390089839358,168.463363279786,1
2042,30,628740,60,21.7326411845955,122.77496364879,168.02498788293,742.9,280.3,1.16980434119164,1.19880434119164,0.0181927511416164,21.7326411845955,122.77496364879,168.02498788293,1
2043,30,628800,120,21.7413694158413,122.84373875542,167.847912918473,743.1,280.5,1.16980434119164,1.19880434119164,0.0106124381659392,21.7413694158413,122.84373875542,167.847912918473,1
2044,30,628860,180,21.7542435569288,122.814471163457,167.538157054486,743.4,280.8,1.16980434119164,1.19880434119164,0.0106135291948437,21.7542435569288,122.814471163457,167.538157054486,1
2045,30,628920,240,21.7629717881746,122.927503528669,167.475834509556,743.5,280.9,1.16980434119164,1.19880434119164,0.0106124381659356,21.7629717881746,122.927503528669,167.475834509556,1
2046,30,628980,300,21.7758459292621,122.898214071754,167.966071357251,743,280.4,1.16980434119164,1.19880434119164,0.0106124381659356,21.7758459292621,122.898214071754,167.966071357251,1
2047,30,629040,360,21.7845741605078,122.966915554023,167.388971851341,743.6,281,1.16980434119164,1.19880434119164,0.0106135291948419,21.7845741605078,122.966915554023,167.388971851341,1
2048,30,629100,420,21.7933023917536,122.947048412633,167.182349470878,743.8,281.2,1.16980434119164,1.19880434119164,0.0105917086167278,21.7933023917536,122.947048412633,167.182349470878,1
2049,30,629160,480,21.8061765328411,122.917744379082,166.872581459694,744.1,281.5,1.16980434119164,1.19880434119164,0.0105698880386136,21.8061765328411,122.917744379082,166.872581459694,1
2050,30,629220,540,21.8192688797097,122.976463125395,167.392154375132,743.6,281,1.16980434119164,1.19880434119164,0.0105906175878232,21.8192688797097,122.976463125395,167.392154375132,1
2051,30,629280,600,21.8279971109555,122.95658610154,167.085528700513,743.9,281.3,1.16980434119164,1.19880434119164,0.0106124381659374,21.8279971109555,122.95658610154,167.085528700513,1
2052,30,629340,660,21.840871252043,123.015762490652,167.005254163551,744,281.4,1.16980434119164,1.19880434119164,0.0106135291948419,21.840871252043,123.015762490652,167.005254163551,1
2053,30,629400,720,21.8495994832887,122.951633025917,166.983877675306,744,281.4,1.16980434119164,1.19880434119164,0.0106124381659374,21.8495994832887,122.951633025917,166.983877675306,1
2054,30,629460,780,21.8626918301573,122.966045224855,166.988681741618,744,281.4,1.16980434119164,1.19880434119164,0.0106124381659356,21.8626918301573,122.966045224855,166.988681741618,1
2055,30,629520,840,21.871201855622,122.902425162327,166.567475054109,744.4,281.8,1.16980434119164,1.19880434119164,0.0106135291948419,21.871201855622,122.902425162327,166.567475054109,1
2056,30,629580,900,21.8842942024906,122.828379297679,166.942793099226,744,281.4,1.16980434119164,1.19880434119164,0.0106124381659392,21.8842942024906,122.828379297679,166.942793099226,1
2057,30,629640,960,21.8928042279552,122.897435398054,167.065811799351,743.9,281.3,1.16980434119164,1.19880434119164,0.010590617587825,21.8928042279552,122.897435398054,167.065811799351,1
2058,30,629700,1020,21.901532459201,122.833335333651,166.844445111217,744.1,281.5,1.16980434119164,1.19880434119164,0.0105698880386136,21.901532459201,122.833335333651,166.844445111217,1
2059,30,629760,1080,21.9146248060696,122.891923878493,167.063974626164,743.9,281.3,1.16980434119164,1.19880434119164,0.0105917086167278,21.9146248060696,122.891923878493,167.063974626164,1
2060,30,629820,1140,21.9274989471571,122.774186487517,167.824728829172,743.1,280.5,1.16980434119164,1.19880434119164,0.0106135291948419,21.9274989471571,122.774186487517,167.824728829172,1
2061,30,629880,1200,21.9405912940257,122.832745632027,166.944248544009,744,281.4,1.16980434119164,1.19880434119164,0.0106342587440498,21.9405912940257,122.832745632027,166.944248544009,1
2062,30,629940,1260,21.9493195252715,122.7244815748,166.908160524933,744,281.4,1.16980434119164,1.19880434119164,0.0106560793221657,21.9493195252715,122.7244815748,166.908160524933,1
2063,30,630000,1320,21.9578295507361,122.749277945977,167.216425981992,743.7,281.1,1.16980434119164,1.19880434119164,0.0106560793221639,21.9578295507361,122.749277945977,167.216425981992,1
2064,30,630060,1380,21.9709218976048,122.631099835923,166.677033278641,744.2,281.6,1.16980434119164,1.19880434119164,0.0106342587440516,21.9709218976048,122.631099835923,166.677033278641,1
2065,30,630120,1440,21.9796501288505,122.655391746124,166.885130582041,744,281.4,1.16980434119164,1.19880434119164,0.0106353497729579,21.9796501288505,122.655391746124,166.885130582041,1
2066,30,630180,1500,21.992524269938,122.626065847621,166.97535528254,743.9,281.3,1.16980434119164,1.19880434119164,0.0106778999002799,21.992524269938,122.626065847621,166.97535528254,1
2067,30,630240,1560,22.0012525011838,122.606183882534,166.968727960845,743.9,281.3,1.16980434119164,1.19880434119164,0.0106560793221675,22.0012525011838,122.606183882534,166.968727960845,1
2068,30,630300,1620,22.0097625266484,122.586798966575,166.962266322192,743.9,281.3,1.16980434119164,1.19880434119164,0.0106135291948437,22.0097625266484,122.586798966575,166.962266322192,1
2069,30,630360,1680,22.022854873517,122.512831543988,166.637610514663,744.2,281.6,1.16980434119164,1.19880434119164,0.0106342587440533,22.022854873517,122.512831543988,166.637610514663,1
2070,30,630420,1740,22.0359472203857,122.527153071314,167.342384357105,743.5,280.9,1.16980434119164,1.19880434119164,0.0106560793221657,22.0359472203857,122.527153071314,167.342384357105,1
2071,30,630480,1800,22.0444572458503,122.463635909948,166.821211969983,744,281.4,1.16980434119164,1.19880434119164,0.0106560793221622,22.0444572458503,122.463635909948,166.821211969983,1
2072,30,630540,1860,22.0575495927189,122.433820374167,166.411273458056,744.4,281.8,1.16980434119164,1.19880434119164,0.0106560793221657,22.0575495927189,122.433820374167,166.411273458056,1
2073,30,630600,1920,22.0704237338064,122.404501763981,166.601500587994,744.2,281.6,1.16980434119164,1.19880434119164,0.0106571703510721,22.0704237338064,122.404501763981,166.601500587994,1
2074,30,630660,1980,22.0791519650522,122.384624740127,166.894874913376,743.9,281.3,1.16980434119164,1.19880434119164,0.0106778999002799,22.0791519650522,122.384624740127,166.894874913376,1
2075,30,630720,2040,22.0878801962979,122.364747716272,166.788249238757,744,281.4,1.16980434119164,1.19880434119164,0.0106778999002799,22.0878801962979,122.364747716272,166.788249238757,1
2076,30,630780,2100,22.1007543373854,122.291328731629,166.563776243876,744.2,281.6,1.16980434119164,1.19880434119164,0.0106789909291845,22.1007543373854,122.291328731629,166.563776243876,1
2077,30,630840,2160,22.1094825686312,122.315552082232,166.871850694077,743.9,281.3,1.16980434119164,1.19880434119164,0.0106560793221657,22.1094825686312,122.315552082232,166.871850694077,1
2078,30,630900,2220,22.1225749154998,122.241648525073,166.647216175024,744.1,281.5,1.16980434119164,1.19880434119164,0.0106124381659374,22.1225749154998,122.241648525073,166.647216175024,1
2079,30,630960,2280,22.1310849409644,122.222273244516,166.740757748172,744,281.4,1.16980434119164,1.19880434119164,0.0106560793221639,22.1310849409644,122.222273244516,166.740757748172,1
2080,30,631020,2340,22.1485414034559,122.138455758061,166.91281858602,743.8,281.2,1.16980434119164,1.19880434119164,0.0106986294494877,22.1485414034559,122.138455758061,166.91281858602,1
2081,30,631080,2400,22.1570514289206,122.119085295205,166.706361765068,744,281.4,1.16980434119164,1.19880434119164,0.0106997204783958,22.1570514289206,122.119085295205,166.706361765068,1
2082,30,631140,2460,22.1701437757892,122.089284583121,165.896428194374,744.8,282.2,1.16980434119164,1.19880434119164,0.0106997204783958,22.1701437757892,122.089284583121,165.896428194374,1
2083,30,631200,2520,22.178872007035,122.06941744173,166.18980581391,744.5,281.9,1.16980434119164,1.19880434119164,0.0106997204783941,22.178872007035,122.06941744173,166.18980581391,1
2084,30,631260,2580,22.1873820324996,122.094098311603,166.698032770534,744,281.4,1.16980434119164,1.19880434119164,0.0107008115072986,22.1873820324996,122.094098311603,166.698032770534,1
2085,30,631320,2640,22.2004743793682,121.976202345911,166.558734115304,744.1,281.5,1.16980434119164,1.19880434119164,0.01072154105651,22.2004743793682,121.976202345911,166.558734115304,1
2086,30,631380,2700,22.209202610614,122.0003791254,166.2667930418,744.4,281.8,1.16980434119164,1.19880434119164,0.01072154105651,22.209202610614,122.0003791254,166.2667930418,1
2087,30,631440,2760,22.2177126360786,121.981008662545,166.560336220848,744.1,281.5,1.16980434119164,1.19880434119164,0.0107215410565065,22.2177126360786,121.981008662545,166.560336220848,1
2088,30,631500,2820,22.2308049829472,121.95120795046,166.650402650153,744,281.4,1.16980434119164,1.19880434119164,0.0107204500276055,22.2308049829472,121.95120795046,166.650402650153,1
2089,30,631560,2880,22.239533214193,121.887319000205,166.729106333402,743.9,281.3,1.16980434119164,1.19880434119164,0.0107215410565118,22.239533214193,121.887319000205,166.729106333402,1
2090,30,631620,2940,22.2567714709033,121.892103204825,166.930701068275,743.7,281.1,1.16980434119164,1.19880434119164,0.0107870027908525,22.2567714709033,121.892103204825,166.930701068275,1
2091,30,631680,3000,22.2654997021491,121.828228954736,166.909409651579,743.7,281.1,1.16980434119164,1.19880434119164,0.0108731940744029,22.2654997021491,121.828228954736,166.909409651579,1
2092,30,631740,3060,22.2740097276137,121.764861018585,166.588287006195,744,281.4,1.16980434119164,1.19880434119164,0.0108950146525171,22.2740097276137,121.764861018585,166.588287006195,1
2093,30,631800,3120,22.2871020744824,121.823064888495,166.607688296165,744,281.4,1.16980434119164,1.19880434119164,0.00816810361785869,22.2871020744824,121.823064888495,166.607688296165,1
2094,30,631860,3180,22.2958303057281,121.715217871271,166.571739290424,744,281.4,1.16980434119164,1.19880434119164,0.00545307380026649,22.2958303057281,121.715217871271,166.571739290424,1
2095,30,631920,3240,22.3087044468156,121.729911063955,166.776637021318,743.8,281.2,1.16980434119164,1.19880434119164,0.00545425834454605,22.3087044468156,121.729911063955,166.776637021318,1
2096,30,631980,3300,22.3174326780614,121.666071155431,166.65535705181,743.9,281.3,1.16980434119164,1.19880434119164,0.00545526049680767,22.3174326780614,121.666071155431,166.65535705181,1
2097,30,632040,3360,22.3261609093071,121.60224112937,166.534080376457,744,281.4,1.16980434119164,1.19880434119164,0.00545651793449409,22.3261609093071,121.60224112937,166.534080376457,1
2098,30,632100,3420,22.3390350503946,121.61692443959,166.638974813197,743.9,281.3,1.16980434119164,1.19880434119164,0.00547963948164565,22.3390350503946,121.61692443959,166.638974813197,1
2099,30,632160,3480,22.3477632816404,121.55310664308,166.91770221436,743.6,281,1.16980434119164,1.19880434119164,0.00548121314229277,22.3477632816404,121.55310664308,166.91770221436,1
2100,30,632220,3540,22.3650015383508,121.557849094287,166.519283031429,744,281.4,1.16980434119164,1.19880434119164,0.00545935826188604,22.3650015383508,121.557849094287,166.519283031429,1
2101,30,632280,3600,22.3737297695965,121.494045997943,166.598015332648,743.9,281.3,1.16980434119164,1.19880434119164,0.00545957929101526,22.3737297695965,121.494045997943,166.598015332648,1
2102,30,632340,3660,22.3824580008423,121.47419368025,166.491397893417,744,281.4,1.16980434119164,1.19880434119164,0.00546075779325506,22.3824580008423,121.47419368025,166.491397893417,1
2103,30,632400,3720,22.3953321419298,121.444911511652,166.481637170551,744,281.4,1.16980434119164,1.19880434119164,0.00546223035653348,22.3953321419298,121.444911511652,166.481637170551,1
2104,30,632460,3780,22.4040603731755,121.381130527322,166.460376842441,744,281.4,1.16980434119164,1.19880434119164,0.00546225274722723,22.4040603731755,121.381130527322,166.460376842441,1
2105,30,632520,3840,22.4171527200442,121.351359462631,166.25045315421,744.2,281.6,1.16980434119164,1.19880434119164,0.00546381019793785,22.4171527200442,121.351359462631,166.25045315421,1
2106,30,632580,3900,22.4256627455088,121.288091833495,166.429363944498,744,281.4,1.16980434119164,1.19880434119164,0.00546512063857207,22.4256627455088,121.288091833495,166.429363944498,1
2107,30,632640,3960,22.4387550923774,121.30223720589,166.23407906863,744.2,281.6,1.16980434119164,1.19880434119164,0.00546678512098175,22.4387550923774,121.30223720589,166.23407906863,1
2108,30,632700,4020,22.4474833236232,121.238485745423,166.412828581808,744,281.4,1.16980434119164,1.19880434119164,0.00549417025800736,22.4474833236232,121.238485745423,166.412828581808,1
2109,30,632760,4080,22.4647215803335,121.243191260919,166.414397086973,744,281.4,1.16980434119164,1.19880434119164,0.00549495045919102,22.4647215803335,121.243191260919,166.414397086973,1
2110,30,632820,4140,22.4734498115793,121.135565116778,166.578521705593,743.8,281.2,1.16980434119164,1.19880434119164,0.00547079401406236,22.4734498115793,121.135565116778,166.578521705593,1
2111,30,632880,4200,22.4863239526668,121.150186908656,166.583395636219,743.8,281.2,1.16980434119164,1.19880434119164,0.00544573211204025,22.4863239526668,121.150186908656,166.583395636219,1
2112,30,632940,4260,22.4994162995354,121.032673888464,166.344224629488,744,281.4,1.16980434119164,1.19880434119164,0.00544566455182682,22.4994162995354,121.032673888464,166.344224629488,1
2113,30,633000,4320,22.5079263250001,121.057207015492,166.052402338497,744.3,281.7,1.16980434119164,1.19880434119164,0.00547425756818853,22.5079263250001,121.057207015492,166.052402338497,1
2114,30,633060,4380,22.5166545562458,120.993504596755,166.231168198918,744.1,281.5,1.16980434119164,1.19880434119164,0.00547595100933407,22.5166545562458,120.993504596755,166.231168198918,1
2115,30,633120,4440,22.5297469031145,120.963755767609,165.821251922536,744.5,281.9,1.16980434119164,1.19880434119164,0.0054766673740172,22.5297469031145,120.963755767609,165.821251922536,1
2116,30,633180,4500,22.5426210442019,120.934502752282,166.311500917427,744,281.4,1.16980434119164,1.19880434119164,0.00547848165161646,22.5426210442019,120.934502752282,166.311500917427,1
2117,30,633240,4560,22.5513492754477,120.914670199518,166.204890066506,744.1,281.5,1.16980434119164,1.19880434119164,0.00548072466952476,22.5513492754477,120.914670199518,166.204890066506,1
2118,30,633300,4620,22.5600775066935,120.894837646754,165.998279215585,744.3,281.7,1.16980434119164,1.19880434119164,0.00551217911221968,22.5600775066935,120.894837646754,165.998279215585,1
2119,30,633360,4680,22.5773157634038,120.811837771868,166.170612590623,744.1,281.5,1.16980434119164,1.19880434119164,0.00551500664426641,22.5773157634038,120.811837771868,166.170612590623,1
2120,30,633420,4740,22.5860439946496,120.792010160337,166.064003386779,744.2,281.6,1.16980434119164,1.19880434119164,0.0054865566596316,22.5860439946496,120.792010160337,166.064003386779,1
2121,30,633480,4800,22.5989181357371,120.762764433327,166.454254811109,743.8,281.2,1.16980434119164,1.19880434119164,0.00548918260964371,22.5989181357371,120.762764433327,166.454254811109,1
2122,30,633540,4860,22.6076463669828,120.699123409401,166.233041136467,744,281.4,1.16980434119164,1.19880434119164,0.00549146886399221,22.6076463669828,120.699123409401,166.233041136467,1
2123,30,633600,4920,22.6163745982286,120.679300739102,166.026433579701,744.2,281.6,1.16980434119164,1.19880434119164,0.00546269420810752,22.6163745982286,120.679300739102,166.026433579701,1
2124,30,633660,4980,22.6292487393161,120.693863483254,166.431287827751,743.8,281.2,1.16980434119164,1.19880434119164,0.00546472541268628,22.6292487393161,120.693863483254,166.431287827751,1
2125,30,633720,5040,22.6379769705619,120.674035871722,166.224678623907,744,281.4,1.16980434119164,1.19880434119164,0.00549734136362723,22.6379769705619,120.674035871722,166.224678623907,1
2126,30,633780,5100,22.6510693174305,120.600505624661,166.500168541554,743.7,281.1,1.16980434119164,1.19880434119164,0.00550002062841948,22.6510693174305,120.600505624661,166.500168541554,1
2127,30,633840,5160,22.6595793428951,120.624962533181,166.308320844394,743.9,281.3,1.16980434119164,1.19880434119164,0.00550329510395642,22.6595793428951,120.624962533181,166.308320844394,1
2128,30,633900,5220,22.6683075741409,120.517576779989,166.47252559333,743.7,281.1,1.16980434119164,1.19880434119164,0.00550453011732444,22.6683075741409,120.517576779989,166.47252559333,1
2129,30,633960,5280,22.6855458308512,120.478436765081,166.159478921694,744,281.4,1.16980434119164,1.19880434119164,0.00550808407525594,22.6855458308512,120.478436765081,166.159478921694,1
2130,30,634020,5340,22.694274062097,120.458619036014,166.252873012005,743.9,281.3,1.16980434119164,1.19880434119164,0.00547604125159218,22.694274062097,120.458619036014,166.252873012005,1
2131,30,634080,5400,22.7073664089656,120.385135483598,166.128378494533,744,281.4,1.16980434119164,1.19880434119164,0.00544358978583048,22.7073664089656,120.385135483598,166.128378494533,1
2132,30,634140,5460,22.7158764344303,120.409570156573,166.136523385524,744,281.4,1.16980434119164,1.19880434119164,0.00544470349928439,22.7158764344303,120.409570156573,166.136523385524,1
2133,30,634200,5520,22.7289687812989,120.292354104441,166.097451368147,744,281.4,1.16980434119164,1.19880434119164,0.00544465561497276,22.7289687812989,120.292354104441,166.097451368147,1
2134,30,634260,5580,22.7376970125447,120.360025833904,166.120008611301,744,281.4,1.16980434119164,1.19880434119164,0.00548348619902583,22.7376970125447,120.360025833904,166.120008611301,1
2135,30,634320,5640,22.7505711536321,120.243329684099,166.2811098947,743.8,281.2,1.16980434119164,1.19880434119164,0.00548602943844934,22.7505711536321,120.243329684099,166.2811098947,1
2136,30,634380,5700,22.7592993848779,120.267249395979,165.789083131993,744.3,281.7,1.16980434119164,1.19880434119164,0.00548745886995583,22.7592993848779,120.267249395979,165.789083131993,1
2137,30,634440,5760,22.7721735259654,120.194305263757,166.064768421252,744,281.4,1.16980434119164,1.19880434119164,0.00552993308101968,22.7721735259654,120.194305263757,166.064768421252,1
2138,30,634500,5820,22.7809017572112,120.174497417154,166.258165805718,743.8,281.2,1.16980434119164,1.19880434119164,0.00553430185066084,22.7809017572112,120.174497417154,166.258165805718,1
2139,30,634560,5880,22.7983582197027,120.134881723949,165.64496057465,744.4,281.8,1.16980434119164,1.19880434119164,0.00553763604517599,22.7983582197027,120.134881723949,165.64496057465,1
2140,30,634620,5940,22.8068682451673,120.071868444743,166.023956148248,744,281.4,1.16980434119164,1.19880434119164,0.00550052635772502,22.8068682451673,120.071868444743,166.023956148248,1
2141,30,634680,6000,22.815596476413,120.095761226908,166.031920408969,744,281.4,1.16980434119164,1.19880434119164,0.00618431730362953,22.815596476413,120.095761226908,166.031920408969,1
2142,30,634726,6001,22.8199605920359,120.085857303607,166.028619101202,744,281.4,1.16980434119164,1.19880434119164,0.00715296838149149,22.8199605920359,120.085857303607,166.028619101202,1
